season,seed,team,seat,portfolio_value,team_value,starter_value,starter_mean,title_prob,playoff_prob
2018,0,0,balanced,-241.5023758419434,-185.16072640090675,-4.90561606700561,907.9420090079634,0.04,0.44333333333333336
2018,0,1,autopilot,133.8027892957397,129.87286646079724,263.50109642932654,1204.9959224540971,0.12666666666666668,0.7333333333333333
2018,0,2,balanced,-167.60189119547329,-125.92124294454109,152.5973552810577,1071.6402253830886,0.02,0.37
2018,0,3,reacher,84.84108717677482,79.2421247213931,214.67903534597838,1134.7287933421328,0.06,0.63
2018,0,4,upside_chaser,-223.1431892234944,-198.49150401907877,6.25461575659611,938.2556030739241,0.05,0.3333333333333333
2018,0,5,safe_floor,331.5352802746657,331.01207440482364,300.56410275330364,1217.381575811413,0.24,0.94
2018,0,6,balanced,-31.2991565433052,7.198084864011413,140.86289939504837,1065.632502238785,0.056666666666666664,0.5166666666666667
2018,0,7,chalk,-132.6649679990157,-123.11264026811583,156.3555840527582,1085.549121631369,0.05,0.5333333333333333
2018,0,8,value_hawk,497.5997266050061,510.3358557508642,336.0385057327667,1209.8030760828065,0.27666666666666667,0.88
2018,0,9,balanced,-77.86389886502026,-57.878248058437904,57.93839360906183,1049.74691127897,0.08,0.62
2018,1,0,balanced,22.131723346742973,3.6262949022096294,174.7201136254239,1064.8423271025792,0.05333333333333334,0.4633333333333333
2018,1,1,reacher,-249.5920535362864,-230.75916609604425,31.19481927060778,976.0468600112388,0.03333333333333333,0.35333333333333333
2018,1,2,value_hawk,524.3045989321829,501.71934671929716,335.9129996512093,1199.880217250237,0.2633333333333333,0.94
2018,1,3,safe_floor,158.5500505730978,158.11659133682556,279.33078726036524,1207.0572861013943,0.14,0.78
2018,1,4,balanced,76.37178204015761,114.61917475292427,199.76580198046565,1132.1943353283139,0.14333333333333334,0.6933333333333334
2018,1,5,balanced,-177.90707044083194,-174.67995855109007,-6.006269061179836,988.0571592916201,0.05,0.3933333333333333
2018,1,6,balanced,-60.63590146689719,-55.593347212924755,111.6998229765335,1030.923213301766,0.05,0.42
2018,1,7,upside_chaser,-148.9288904972613,-153.3941559691057,35.22537429902121,1001.5289345929433,0.04,0.46
2018,1,8,chalk,177.18561954457851,190.2618409278614,279.5888729981588,1192.0799631347618,0.14333333333333334,0.8033333333333333
2018,1,9,autopilot,-11.632984005982365,12.005762189611211,153.93904495402086,1152.6263834493077,0.08333333333333333,0.6933333333333334
2018,2,0,balanced,-99.06950740569212,-103.36420825449683,180.95102132764362,1088.8544243376339,0.05,0.43666666666666665
2018,2,1,balanced,-8.976229370053783,-14.19123647816113,182.27210921912206,1085.6573145219547,0.07666666666666666,0.5866666666666667
2018,2,2,reacher,-315.7813813271826,-194.02699878067415,30.829239937388905,979.4349653907827,0.05333333333333334,0.5366666666666666
2018,2,3,safe_floor,159.07140694775654,245.5706865836694,278.9887178145964,1183.5610474835637,0.19666666666666666,0.8233333333333334
2018,2,4,autopilot,-162.92461209746855,-182.32349649436492,121.24717192983924,1099.757871797417,0.08,0.5466666666666666
2018,2,5,chalk,-68.64718294100882,-42.96987679722889,116.04846660509233,1016.8060856949508,0.03,0.39
2018,2,6,upside_chaser,-117.57244853204193,-117.57244853204193,81.13965309751451,1054.6056095934855,0.06,0.45
2018,2,7,value_hawk,443.11146516047756,450.0293894442741,313.188523791884,1201.9343073978093,0.24333333333333335,0.8366666666666667
2018,2,8,balanced,64.901135520301,62.908064908744294,200.45581989658245,900.116992044794,0.09666666666666666,0.6933333333333334
2018,2,9,balanced,114.00893220887083,105.5561797279443,201.94337919663803,1122.0018764863948,0.11333333333333333,0.7
2018,3,0,upside_chaser,-89.3278150315268,-82.12499748061977,223.6809717260146,1158.6820611551493,0.08666666666666667,0.5766666666666667
2018,3,1,balanced,-194.4316321402945,-200.85598637841485,65.6136447861433,981.5367282650964,0.05,0.48333333333333334
2018,3,2,value_hawk,430.31727070733007,430.31727070733007,309.19364464870773,1165.349361743627,0.25,0.8466666666666667
2018,3,3,balanced,33.83925403914533,55.9038680272825,233.17829440986037,1132.5080758563417,0.06,0.53
2018,3,4,safe_floor,203.3495251979889,215.2849968732848,290.7564302196944,1225.1414949233279,0.16333333333333333,0.82
2018,3,5,reacher,12.649185430443726,32.541425451629294,154.90339111250694,1065.0031931104973,0.06,0.5266666666666666
2018,3,6,autopilot,19.514367275426366,19.514367275426366,136.2309468502795,824.2807932675097,0.13333333333333333,0.68
2018,3,7,balanced,-7.757549525703812,-19.717166475327254,172.62287592746645,1107.5678270000956,0.08,0.55
2018,3,8,chalk,-205.0468159614143,-158.43114190959145,91.07599820531274,1029.127936577258,0.06333333333333334,0.43333333333333335
2018,3,9,balanced,-96.30814258717997,-96.76697759011759,51.487117337490176,1050.0058638057465,0.05333333333333334,0.5533333333333333
2018,4,0,balanced,8.327819195954454,8.303278276532438,170.76034923085743,1097.0089783034769,0.09666666666666666,0.6166666666666667
2018,4,1,chalk,36.70505340716667,37.21112020245198,172.93918406679396,1116.1966428935564,0.09666666666666666,0.6433333333333333
2018,4,2,balanced,25.64946916285388,8.967579373430397,156.41231995270846,1062.5849649113377,0.07,0.6166666666666667
2018,4,3,autopilot,-113.49084970580618,-62.40180887163768,172.69221081493978,1071.7151136978252,0.08666666666666667,0.57
2018,4,4,balanced,-181.78618513454697,-180.34751519926414,47.78061598958537,985.3583493644028,0.04666666666666667,0.42
2018,4,5,balanced,-91.12063689427869,-70.86534041696333,55.362236186286864,1000.5893212493187,0.04666666666666667,0.4533333333333333
2018,4,6,reacher,100.98905834046938,100.96471177432754,216.6016250818892,1123.697719071458,0.09333333333333334,0.6266666666666667
2018,4,7,value_hawk,461.2665800258528,439.14016281590466,318.26551860321166,1213.9072508716313,0.24,0.8833333333333333
2018,4,8,safe_floor,138.96068151128907,198.59015791659175,221.35685308152495,1198.8965986893186,0.19,0.7866666666666666
2018,4,9,upside_chaser,-235.46824899887753,-224.58574742057252,88.81981330262087,1011.9062034701295,0.03333333333333333,0.38333333333333336
2018,5,0,reacher,85.17756096856401,75.92629564270466,193.75993757670574,1128.0290703982964,0.15666666666666668,0.6833333333333333
2018,5,1,chalk,-167.1397662652845,-121.12094450205508,47.49553988991197,976.6347737791139,0.043333333333333335,0.5166666666666667
2018,5,2,balanced,-196.58636517215916,-161.15466146643777,-24.60192332643249,917.8657072761906,0.02666666666666667,0.42333333333333334
2018,5,3,value_hawk,391.94305421619214,390.00473210551775,259.18432109863625,1130.0560565391904,0.18666666666666668,0.78
2018,5,4,balanced,-12.500872510517146,-22.13458162657804,148.51806001979597,1099.2584202318462,0.05333333333333334,0.6066666666666667
2018,5,5,balanced,-79.37331016135472,-72.05784253600208,81.59420597141985,1055.0461703651313,0.056666666666666664,0.42333333333333334
2018,5,6,upside_chaser,-266.23703054511435,-266.1154303793384,49.30882506738208,990.3850482334246,0.05333333333333334,0.42
2018,5,7,balanced,19.271321172342063,19.271321172342063,170.15380293945924,1069.3984212504001,0.08,0.6433333333333333
2018,5,8,autopilot,169.3045868226266,202.8095911332004,351.9867884109588,1241.2983850751061,0.2,0.8
2018,5,9,safe_floor,149.91720267590176,149.91720267590176,168.9638698325431,1142.3000173415,0.14333333333333334,0.7033333333333334
2018,6,0,balanced,-130.68267061700286,-75.36522843723732,76.96120227935111,989.0212874744008,0.06,0.5166666666666667
2018,6,1,chalk,108.70655369139683,121.33093554687211,206.7040280042249,1121.802957092682,0.06666666666666667,0.6566666666666666
2018,6,2,value_hawk,496.9128604957046,486.90461607686245,301.91394619364047,1202.4312048802747,0.25333333333333335,0.9066666666666666
2018,6,3,autopilot,51.630902497435905,54.585988189128756,237.2956079500998,1150.5641119012423,0.12,0.75
2018,6,4,balanced,-14.924351790257257,-27.40562532442094,130.72364870643815,1046.8137591654404,0.04666666666666667,0.45
2018,6,5,reacher,-287.3858902577328,-247.9955245789827,37.602315895324864,966.4205745368491,0.05,0.39666666666666667
2018,6,6,balanced,-4.012947008939454,-12.739852855858096,166.84095934508457,1077.0297534268486,0.09,0.5866666666666667
2018,6,7,balanced,126.82071529815082,110.42689068698087,261.46225668886075,1186.2421917774323,0.11,0.65
2018,6,8,safe_floor,276.97946098948995,275.83302068750186,285.91224114143637,1165.7108743296703,0.17666666666666667,0.7466666666666667
2018,6,9,upside_chaser,-390.67079187467897,-293.37437253730235,1.5380740913106834,985.552603937746,0.02666666666666667,0.34
2018,7,0,balanced,123.6508205195601,119.55837739499066,227.55417122847274,1100.899233187664,0.13,0.7266666666666667
2018,7,1,safe_floor,190.42916266694385,212.91220004365272,284.6327904704244,1204.9041003493198,0.15333333333333332,0.8066666666666666
2018,7,2,upside_chaser,-343.91685872265856,-243.16825956153275,33.56713223136629,996.7772348631659,0.04,0.45
2018,7,3,autopilot,-256.3830744043028,-258.6945203088328,40.87758824403089,1036.6044629913924,0.02666666666666667,0.44333333333333336
2018,7,4,reacher,-298.35919224721204,-288.48718246867213,-91.92231266151026,872.4852746573988,0.02,0.25
2018,7,5,balanced,-87.54349611453004,-60.167452681172335,65.74124832937278,994.0729421184466,0.04,0.45666666666666667
2018,7,6,chalk,150.4030544464549,128.92503114963696,188.45569648188774,1133.4709187261628,0.11333333333333333,0.6666666666666666
2018,7,7,balanced,19.801955660495977,19.801955660495977,214.43178360382458,1133.8572130926825,0.04666666666666667,0.49666666666666665
2018,7,8,balanced,200.94318748755086,200.94318748755086,190.6164708414591,1154.5084612915198,0.13333333333333333,0.7666666666666667
2018,7,9,value_hawk,515.7489402958353,493.6225230858871,332.71699022145526,1201.522652640394,0.2966666666666667,0.9366666666666666
2018,8,0,balanced,48.18783636669457,11.776025783950487,275.5003069519652,1211.371918823858,0.15,0.6833333333333333
2018,8,1,balanced,2.875761184241438,-1.3560672321885718,180.6453389892681,1078.0899630141407,0.07666666666666666,0.6666666666666666
2018,8,2,chalk,168.54309970278618,163.58911979566741,197.51563830129118,1097.0183441769348,0.09333333333333334,0.7066666666666667
2018,8,3,safe_floor,10.96245589993896,10.96245589993896,75.18177886693296,1043.215276641514,0.08333333333333333,0.5766666666666667
2018,8,4,reacher,-251.36891631158954,-190.65298237077175,-11.616232337901451,931.971502982048,0.023333333333333334,0.2833333333333333
2018,8,5,balanced,-177.25911475114708,-173.44678668879587,100.02868475730861,1036.161933237148,0.09333333333333334,0.5333333333333333
2018,8,6,autopilot,6.043133556125964,5.815050333363686,180.78389271903754,909.610077301062,0.11666666666666667,0.6366666666666667
2018,8,7,upside_chaser,-141.24717080808315,-137.37816080234725,147.74410165025654,1064.367118772988,0.023333333333333334,0.46
2018,8,8,balanced,50.22068758072015,47.60153756548969,176.51133962294267,1165.119035843562,0.15333333333333332,0.6666666666666666
2018,8,9,value_hawk,494.59479419656816,472.45177063669234,327.0407012378647,1186.9429676812442,0.18666666666666668,0.7866666666666666
2018,9,0,chalk,104.48495002743296,87.66560642655189,209.48133891344946,870.5381321893301,0.07,0.7133333333333334
2018,9,1,value_hawk,404.8783937996592,396.82794849817935,272.19589170338486,1154.708854901059,0.19,0.8333333333333334
2018,9,2,balanced,92.46646485481105,75.5866829830538,218.99794608872074,1132.5972709939208,0.07666666666666666,0.64
2018,9,3,reacher,-232.51128720649353,-238.4903820322439,47.46586654406683,997.6508299760663,0.05333333333333334,0.4
2018,9,4,balanced,-171.28468382285388,-156.7700465160816,79.3974684118678,1041.2659755714687,0.05333333333333334,0.5133333333333333
2018,9,5,safe_floor,272.88565215291374,307.80022635785946,314.9821785827546,1246.4705170822563,0.26,0.8633333333333333
2018,9,6,balanced,105.58230242740345,89.00459432421108,224.02916216101778,1117.805467316193,0.11666666666666667,0.74
2018,9,7,autopilot,-223.46651378333706,-149.22427525372638,32.20232511711821,1027.8724259273192,0.05,0.39
2018,9,8,balanced,26.20849667679747,16.149804768677313,231.4060876027053,1130.6043483325439,0.08333333333333333,0.44666666666666666
2018,9,9,upside_chaser,-96.09022635422467,-103.58621871795529,50.98976576552505,1033.8629973026852,0.04666666666666667,0.46
2018,10,0,autopilot,166.30394206934662,166.0669156148622,301.1678765950867,1249.8540892114656,0.17,0.7333333333333333
2018,10,1,balanced,169.47176962530278,158.46393368706305,263.2474505134718,1156.735145600887,0.09,0.79
2018,10,2,upside_chaser,-270.8391602149904,-277.66532333729367,44.40431052173946,836.4682088368936,0.02,0.24666666666666667
2018,10,3,balanced,-215.55861381143373,-230.17375879548445,9.81210995061852,962.3227757281654,0.02666666666666667,0.5033333333333333
2018,10,4,reacher,-228.9876497722351,-238.8371367531471,72.63753548592838,1004.5144575482202,0.02,0.2866666666666667
2018,10,5,chalk,58.87851843110817,55.35176030576667,181.78123345446988,1141.8769485831554,0.12333333333333334,0.71
2018,10,6,safe_floor,92.81927249527439,131.01341139824126,175.08395413757108,1089.5737019069445,0.14,0.6533333333333333
2018,10,7,balanced,-94.71561733140061,-22.776020798507993,147.45680018143048,1052.494704912655,0.06333333333333334,0.56
2018,10,8,balanced,43.19676695210774,19.70019585525816,113.68277347780867,1088.1815498644298,0.1,0.5966666666666667
2018,10,9,value_hawk,499.4001427950745,495.6669520445994,319.14484950245424,1181.1242087467301,0.24666666666666667,0.92
2018,11,0,value_hawk,424.35473808467543,424.35473808467543,292.0200153635591,1145.5658124841816,0.20333333333333334,0.8366666666666667
2018,11,1,balanced,91.26275529585384,83.06423030889482,197.4344032381399,1130.7612681777166,0.11333333333333333,0.7666666666666667
2018,11,2,reacher,-127.2946232838772,-112.6497386083262,67.92751718422949,1011.043120740968,0.05333333333333334,0.38333333333333336
2018,11,3,safe_floor,185.5588316699145,207.1754141194213,253.8370142678078,1140.9254226365754,0.16,0.7933333333333333
2018,11,4,autopilot,-163.24468104926135,-137.2282244016527,129.79277746229042,1085.6798174766043,0.08333333333333333,0.6066666666666667
2018,11,5,balanced,-18.411267390573904,-12.838314037199446,117.86575965503802,1066.4544731317587,0.05333333333333334,0.43333333333333335
2018,11,6,upside_chaser,-226.15441623022224,-192.46683164783124,87.34253882551285,986.0557810392331,0.06,0.45666666666666667
2018,11,7,balanced,38.581913754417954,38.581913754417954,203.98657158545632,1033.2962366649308,0.07666666666666666,0.6566666666666666
2018,11,8,balanced,-45.122153272747255,-20.061361853247277,129.16049859634114,1052.4976059551016,0.10333333333333333,0.5566666666666666
2018,11,9,chalk,-37.889091169086356,-43.18529338316481,162.92575860255963,1160.469161009612,0.09333333333333334,0.51
2018,12,0,safe_floor,215.07918766485614,213.20864047870253,311.217440157548,1259.4466114945728,0.16333333333333333,0.8033333333333333
2018,12,1,reacher,11.181239709603254,8.257495457323841,176.28815140007734,1113.2513770187682,0.09333333333333334,0.6333333333333333
2018,12,2,chalk,122.03595949028542,122.03595949028542,166.96569609193205,1076.382819113772,0.14,0.7233333333333334
2018,12,3,autopilot,8.728961757097737,-4.551869437225051,151.59378478668378,862.6278669919959,0.11333333333333333,0.6566666666666666
2018,12,4,balanced,-184.6223389001893,-145.1205561796738,33.60369452870573,988.3349518884739,0.06,0.45666666666666667
2018,12,5,balanced,-73.06658781339785,-77.15903093796729,87.66725641591233,1026.9303918638514,0.03,0.37
2018,12,6,upside_chaser,-122.10683250012227,-117.41302388366253,23.61837486018716,978.6962223836933,0.06333333333333334,0.5333333333333333
2018,12,7,balanced,-317.22177829872646,-277.3641440380136,54.68803280159238,972.6235936244337,0.043333333333333335,0.2833333333333333
2018,12,8,value_hawk,410.3529986439778,410.3529986439778,257.67811278051437,1116.217333378356,0.12666666666666668,0.7833333333333333
2018,12,9,balanced,185.72134726856922,183.8550054250931,215.8491453535836,1183.2683841595071,0.16666666666666666,0.7566666666666667
2018,13,0,balanced,8.239442228361149,8.239442228361149,182.55725504296004,1110.4933011078858,0.07666666666666666,0.54
2018,13,1,autopilot,96.10960283982291,86.2388672692776,98.64481840503097,1098.1104795012818,0.11666666666666667,0.66
2018,13,2,balanced,-156.65530386394246,-156.65530386394246,46.37894854592278,989.7456588307208,0.06,0.53
2018,13,3,value_hawk,419.75308752533107,415.62464024731287,277.4493535913406,1174.689191174621,0.25666666666666665,0.8633333333333333
2018,13,4,balanced,-37.9582816759209,-41.78443012362278,137.56332792176795,1047.9397645991496,0.07,0.5133333333333333
2018,13,5,safe_floor,153.32473234113797,173.87395211121708,192.80948329597496,1099.442978754835,0.16666666666666666,0.7633333333333333
2018,13,6,balanced,134.66961603283312,111.23254434886836,215.54728244443208,1098.2382883437158,0.09333333333333334,0.67
2018,13,7,chalk,-91.85556046144956,-91.85556046144956,177.88668549066122,1010.3518394487864,0.08,0.6333333333333333
2018,13,8,upside_chaser,-58.50565817723403,-70.63237123052977,80.71437133435549,1012.8315893773162,0.06666666666666667,0.5266666666666666
2018,13,9,reacher,-321.52334406445834,-249.00840210491495,43.62879837372067,959.8740084974645,0.013333333333333334,0.3
2018,14,0,safe_floor,188.82315468848245,195.75419522026385,263.63952878998134,1151.6801888916411,0.15333333333333332,0.77
2018,14,1,balanced,-164.23519590590365,-102.42239748877076,94.46554420164787,1047.3607780348286,0.07,0.4533333333333333
2018,14,2,balanced,-178.99832059790867,-140.58631110723277,121.70934243231119,1021.6140725885496,0.06,0.42
2018,14,3,upside_chaser,-127.08155368790375,-135.003542103186,49.20098564448165,1008.3646431742523,0.04,0.44
2018,14,4,reacher,-108.3079889266498,-50.19831371428637,249.01317723294363,1153.3902922814896,0.09333333333333334,0.6033333333333334
2018,14,5,autopilot,-201.48263480413297,-205.54497503389376,-64.5983734519278,874.3178876590168,0.04,0.47333333333333333
2018,14,6,value_hawk,428.5547198433361,452.11460569034034,330.7297355379488,1192.725103336578,0.23,0.89
2018,14,7,balanced,227.83412954885873,210.3224094098194,302.7219791473852,1221.7515126648598,0.15,0.8066666666666666
2018,14,8,chalk,112.73662071605617,120.19357902171583,249.36369998022613,1193.068575696278,0.10666666666666667,0.67
2018,14,9,balanced,-130.89656069076108,-144.95988671787563,-4.606052758108476,988.5055888555432,0.056666666666666664,0.47333333333333333
2018,15,0,reacher,-241.15356966427407,-213.57859238093118,-4.738443343273673,966.6856726902573,0.03666666666666667,0.35
2018,15,1,balanced,67.83391386465539,76.91755030404352,199.6683882996121,1121.3591227140396,0.14666666666666667,0.7433333333333333
2018,15,2,balanced,126.2540299830007,133.29405389813897,284.09102113949035,1183.9520916844367,0.15,0.6866666666666666
2018,15,3,chalk,49.0354873542002,48.798460899715785,153.52812193331306,1070.6230375473447,0.08,0.6
2018,15,4,balanced,68.4812401461793,77.82890413874509,226.50738579196212,1148.9490866631209,0.13,0.6833333333333333
2018,15,5,value_hawk,434.93718410956456,441.8540441061824,289.72384851958157,1157.843438909651,0.19,0.81
2018,15,6,upside_chaser,-63.85816142051464,-28.364180154693507,126.74846551757045,1037.4246950134595,0.07666666666666666,0.56
2018,15,7,autopilot,-193.48134002208553,-124.85151162993218,133.3625076883668,1094.0719293288082,0.06666666666666667,0.55
2018,15,8,balanced,-107.08288165472996,-107.08288165472996,123.74705903443245,945.3821441790533,0.043333333333333335,0.4266666666666667
2018,15,9,safe_floor,-131.70299834999722,-87.82334672655597,146.90612109392023,1113.8809316320333,0.08,0.59
2018,16,0,balanced,-242.57781548258032,-208.73036021154343,-55.03443492006541,918.1512786898047,0.02666666666666667,0.22666666666666666
2018,16,1,balanced,60.137290417485545,59.94663458032147,143.87044695666236,1040.569689573558,0.07333333333333333,0.5766666666666667
2018,16,2,balanced,42.38514147613193,46.78016773373476,172.8500837257753,1093.7471761818927,0.12333333333333334,0.68
2018,16,3,balanced,-175.8429454760794,-177.18459791873028,86.50708118045343,1032.7191792850124,0.056666666666666664,0.44333333333333336
2018,16,4,chalk,38.08399793976871,30.997878559641364,218.9310909768567,1175.94944812754,0.06666666666666667,0.62
2018,16,5,safe_floor,112.5359532044618,156.27515820980244,308.4890901507851,1213.1290723396162,0.16333333333333333,0.7533333333333333
2018,16,6,value_hawk,521.4156758241991,530.3111860137496,359.37091795285096,1231.3252986858497,0.2966666666666667,0.9333333333333333
2018,16,7,autopilot,111.93317894531158,105.70289291002724,189.99609005502876,1128.1275914025161,0.10333333333333333,0.7066666666666667
2018,16,8,upside_chaser,-94.21417526854319,-80.0678420237781,110.78001370129857,1034.4543429494854,0.04666666666666667,0.5
2018,16,9,reacher,-81.90560294658897,-90.92192308346853,133.85878840958938,1072.3986211961987,0.043333333333333335,0.56
2018,17,0,reacher,-128.72743489889913,-91.07749002867146,109.03548872028234,1048.511293948821,0.07,0.49
2018,17,1,balanced,-60.3519696837669,-96.51763117923568,111.68529145707248,1072.119909490258,0.06666666666666667,0.6166666666666667
2018,17,2,balanced,-96.21433598087354,-112.58846132292543,86.7635706445234,1015.4562952462886,0.05,0.4866666666666667
2018,17,3,balanced,24.720663256191344,61.78858678579335,191.43154603508816,1085.3341171300933,0.1,0.6333333333333333
2018,17,4,safe_floor,253.5738073979798,257.68916796824885,288.2002236390136,1210.2506992918452,0.21666666666666667,0.7866666666666666
2018,17,5,chalk,-19.913775627584698,-34.63969466500313,121.08745002792185,1080.077277195121,0.08,0.5966666666666667
2018,17,6,balanced,13.812000694734106,-7.667448715501074,106.37804007216931,1046.9808013671009,0.04666666666666667,0.5033333333333333
2018,17,7,value_hawk,544.7880790047437,528.7284311834882,331.58630920450713,1206.6634631816617,0.2733333333333333,0.9366666666666666
2018,17,8,upside_chaser,-257.65523293126796,-208.49319404395183,17.315632050781645,887.3105003999108,0.03666666666666667,0.3466666666666667
2018,17,9,autopilot,1.0846548951732302,-15.060259659366217,177.40234449002685,1160.6883588307815,0.06,0.6033333333333334
2018,18,0,balanced,22.00875910088738,15.511793447620178,202.6965606913503,1100.5439381308745,0.07666666666666666,0.5333333333333333
2018,18,1,reacher,-212.10479832728757,-146.0981753895814,15.988391078144225,978.0691124627517,0.03666666666666667,0.45666666666666667
2018,18,2,autopilot,105.3182158603825,95.44748028983719,126.90516950880578,1132.164562688286,0.13,0.6633333333333333
2018,18,3,balanced,-17.139132194900753,-25.09000101728126,148.11801376710963,1070.213165967178,0.056666666666666664,0.6466666666666666
2018,18,4,upside_chaser,-167.2610785387888,-167.2610785387888,20.559438067815137,963.9693727074834,0.043333333333333335,0.37
2018,18,5,balanced,109.16038060476914,108.94537820146323,242.32273975508056,1146.7284369015051,0.10666666666666667,0.6366666666666667
2018,18,6,chalk,-95.69072744470813,-96.39830216785938,155.22744806510786,1051.8898960683441,0.04,0.4066666666666667
2018,18,7,balanced,-87.54298559169852,-77.90769200856329,168.2483269545159,1081.2760946086887,0.07,0.6066666666666667
2018,18,8,value_hawk,485.39672704249153,463.2703098325434,323.6286291405055,1185.5976699980754,0.2,0.8433333333333334
2018,18,9,safe_floor,183.80437197301706,190.36808619069666,232.78952411430635,1188.498427107295,0.24,0.8366666666666667
2018,19,0,safe_floor,198.25847603486685,192.76276687089205,239.22923120573978,1151.4633816876012,0.17,0.7866666666666666
2018,19,1,balanced,140.07760184378637,133.49516730728348,274.7921036281307,1193.3918501178355,0.18333333333333332,0.7966666666666666
2018,19,2,balanced,-77.58714990199817,-81.64949013175895,200.16315901827852,985.5166963537098,0.043333333333333335,0.45
2018,19,3,autopilot,-214.26622006201674,-214.46724633598748,55.822241784782314,1012.2459856618422,0.04666666666666667,0.47
2018,19,4,balanced,-11.132973946709363,-27.70637812167911,116.47248281698305,1075.749755424388,0.02666666666666667,0.5166666666666667
2018,19,5,balanced,-28.96359007867325,-35.758970491641556,86.02501213913504,1036.6048716156079,0.06333333333333334,0.5466666666666666
2018,19,6,reacher,-148.0722450992302,-135.07397838274994,35.87946597436701,965.1684345121267,0.03666666666666667,0.31
2018,19,7,chalk,180.13478545628513,176.71202926090845,200.3482007441773,1119.9414696020222,0.18,0.8266666666666667
2018,19,8,value_hawk,440.51105774747987,462.0036976185753,303.97602741326386,1160.9530800206815,0.19,0.86
2018,19,9,upside_chaser,-128.2533957012771,-119.52092076234992,59.68796238089213,1015.3011092205202,0.06,0.43666666666666665
2018,20,0,balanced,-20.776106367111723,-9.083791525195132,121.7193840902357,1091.6062443791127,0.05,0.66
2018,20,1,balanced,118.41252977917081,120.01576953037204,235.46774294548155,1104.4928777181713,0.13666666666666666,0.6733333333333333
2018,20,2,autopilot,56.67479797789921,54.088001301639075,195.7440431329286,1114.668026151738,0.1,0.6
2018,20,3,chalk,41.575668089116604,34.16441426932027,192.03679262575554,1115.36508941708,0.08,0.5366666666666666
2018,20,4,balanced,-38.17278761696912,-34.29996087824325,225.00540954222208,1145.474071003349,0.12666666666666668,0.64
2018,20,5,reacher,-156.67943835542644,-149.50532162032627,88.82323519821185,1086.3243838705923,0.05333333333333334,0.4866666666666667
2018,20,6,balanced,-65.87466820302068,-69.96711132759012,20.73050890556017,982.702145803046,0.04666666666666667,0.5
2018,20,7,upside_chaser,-331.76788735813466,-310.3676601054485,8.261400867253045,936.4704763611416,0.016666666666666666,0.25
2018,20,8,safe_floor,172.6186631523783,171.0591245441126,222.289087695457,1168.984162498221,0.15,0.7933333333333333
2018,20,9,value_hawk,514.8446117913101,490.81523041767343,310.24554207421716,1184.673380916335,0.24,0.86
2018,21,0,reacher,7.628032073094682,-0.146055213872458,183.49009967973137,1113.0161284683977,0.07333333333333333,0.5266666666666666
2018,21,1,balanced,-52.72332057032373,-52.915927245673636,157.65054986976224,1075.2296605358315,0.056666666666666664,0.49666666666666665
2018,21,2,value_hawk,515.9535116613615,523.9432371744493,327.03222402514075,1224.1794528730838,0.2733333333333333,0.88
2018,21,3,balanced,78.30930853483724,105.97056354938319,219.62142662924902,1141.2573829150967,0.07666666666666666,0.6733333333333333
2018,21,4,autopilot,68.91526386332299,64.37208764061887,193.46629522255745,1114.1127817082333,0.13333333333333333,0.7233333333333334
2018,21,5,balanced,6.1573895175655995,2.649629133082726,141.73757510334332,1047.292349160613,0.07333333333333333,0.52
2018,21,6,chalk,-188.304756851217,-178.53938603524693,75.21782361614328,1041.9712048275323,0.05,0.4766666666666667
2018,21,7,safe_floor,201.3624028521472,199.4077716183686,266.87818401068114,1166.4619697615456,0.11333333333333333,0.73
2018,21,8,balanced,22.694048709756608,15.254629867972369,130.38153734229996,887.1660205525525,0.13,0.7233333333333334
2018,21,9,upside_chaser,-309.5489339974666,-297.09564089168316,23.814865920046486,970.7380233041163,0.02,0.25
2018,22,0,balanced,-57.65952481475084,-62.153834134338155,172.81488711343843,966.5895192997231,0.09666666666666666,0.6033333333333334
2018,22,1,upside_chaser,-205.5814525929262,-211.60745612868934,-40.02097760619504,931.0305468832033,0.03333333333333333,0.31333333333333335
2018,22,2,balanced,-70.39345315787679,-0.48657842495802583,272.70661472118024,1186.1094232660475,0.11333333333333333,0.73
2018,22,3,autopilot,46.11099588800659,46.11099588800659,128.21729010507153,1079.2317024447877,0.08666666666666667,0.6333333333333333
2018,22,4,chalk,12.204270443762582,5.375134147795279,156.80164109669002,1095.4983324042018,0.07,0.5666666666666667
2018,22,5,balanced,138.520159146335,130.6164315915725,234.71320282676936,1174.1777764790186,0.12333333333333334,0.7066666666666667
2018,22,6,value_hawk,504.6620486520985,502.8671800122978,328.18266090861454,1190.1898171191694,0.23666666666666666,0.8533333333333334
2018,22,7,safe_floor,195.38487313088848,245.2062875215688,259.66026135382236,1138.0583785048645,0.17666666666666667,0.77
2018,22,8,balanced,-58.9493547468102,-48.300199171220385,138.74624635544052,1044.1857968140644,0.04666666666666667,0.5033333333333333
2018,22,9,reacher,-303.02552522828216,-279.3557702167485,6.286431438636804,988.7514270204958,0.016666666666666666,0.32
2018,23,0,balanced,-124.56280052149637,-85.9478314451715,215.84408026980532,1147.1264468118552,0.11,0.6166666666666667
2018,23,1,chalk,164.70020907376724,159.98089698715984,244.2885781183096,1165.4486321400782,0.12333333333333334,0.73
2018,23,2,balanced,-76.00374345697894,-67.57417716718601,79.9341063250134,982.1081085937944,0.08,0.5966666666666667
2018,23,3,value_hawk,401.98613692667357,400.19126828687286,282.72047681289007,1163.3420928792416,0.18,0.8566666666666667
2018,23,4,reacher,-57.20839647650669,-63.24652712683627,129.34244047057666,1066.3886563709661,0.05333333333333334,0.48333333333333334
2018,23,5,balanced,44.04711950514991,29.327910080581916,152.1508485763978,1105.082292280075,0.06666666666666667,0.5366666666666666
2018,23,6,safe_floor,268.0071051115764,263.2952177612271,296.61612761673797,1178.1930729012515,0.18666666666666668,0.77
2018,23,7,upside_chaser,-240.92120554542788,-224.79871012993806,-54.57785856455537,934.5574714265445,0.02,0.25333333333333335
2018,23,8,autopilot,-113.04897298456697,-112.92737281879107,177.58585713766183,1026.1330461646382,0.06333333333333334,0.48
2018,23,9,balanced,43.12282814815709,51.528715577068866,162.45541203088806,1115.9706364501696,0.11666666666666667,0.6766666666666666
2018,24,0,reacher,-69.18667352149802,-61.28608102036901,104.7378479497007,1040.554807290618,0.05,0.5366666666666666
2018,24,1,chalk,-3.165201451014969,7.556107949233308,239.72737033733537,1092.2769553253472,0.10333333333333333,0.62
2018,24,2,safe_floor,292.8324181048298,341.10612578025905,222.94027752626727,1147.397162055041,0.22333333333333333,0.8666666666666667
2018,24,3,balanced,-127.42603056045346,-56.16030128016402,158.63261235504874,1065.1912080823379,0.11,0.68
2018,24,4,balanced,-53.205793554660495,-54.838351873766634,102.27890183891478,1009.8796236877861,0.03333333333333333,0.4066666666666667
2018,24,5,balanced,-82.65070008810135,-82.65070008810135,89.51378228067604,1041.7372329062766,0.05333333333333334,0.4666666666666667
2018,24,6,autopilot,-196.32265425408158,-188.01715885679036,135.97166406770003,1091.6545692797854,0.04666666666666667,0.4866666666666667
2018,24,7,balanced,137.55080669105985,140.40374221222268,265.896664083796,1142.9177623653347,0.13666666666666666,0.69
2018,24,8,value_hawk,479.6198037846809,457.49338657473277,324.4381222708571,1191.528184249012,0.21333333333333335,0.85
2018,24,9,upside_chaser,-180.86762230029413,-182.83799163125354,-3.41470221594016,977.4788521624557,0.03,0.39666666666666667
2018,25,0,balanced,92.44892784994558,136.54096107874702,193.85421613979992,1103.6982568043877,0.15333333333333332,0.73
2018,25,1,reacher,-40.75494823558719,-45.535150912775734,129.07929677684606,1057.9891194726877,0.07333333333333333,0.6133333333333333
2018,25,2,safe_floor,10.367739467812797,60.469810388842916,194.4604254590319,1110.5036911690258,0.10333333333333333,0.7166666666666667
2018,25,3,balanced,-76.1262285011418,-69.14170542514726,101.05221453994982,1026.6565658331374,0.06333333333333334,0.4633333333333333
2018,25,4,chalk,-229.6354077736721,-220.20669187658694,39.5759587063556,1022.8862270430816,0.07,0.47333333333333333
2018,25,5,balanced,52.32827021093837,55.07648116815375,218.0647956650252,1111.3654394006385,0.06333333333333334,0.5566666666666666
2018,25,6,upside_chaser,-79.21280102750535,-96.1182291527688,36.99873977910776,974.9954945951483,0.03666666666666667,0.37666666666666665
2018,25,7,balanced,107.39258112459791,103.95160243227548,162.3265098971706,1068.4468940062527,0.09,0.6066666666666667
2018,25,8,autopilot,-112.47980940494386,-117.19169675529314,43.87546972452026,1061.8499379930945,0.07666666666666666,0.5566666666666666
2018,25,9,value_hawk,512.7989571458678,490.65217566793524,331.9704309388537,1195.5028977055285,0.27,0.9066666666666666
2018,26,0,balanced,-123.80118197542888,-124.15446735953793,100.94407470797245,987.3490335579315,0.02,0.4
2018,26,1,balanced,112.71215267370611,108.91906828108912,233.1700258104912,1148.889697358942,0.1,0.6666666666666666
2018,26,2,value_hawk,478.80543097625673,454.88414512650786,302.2046914399895,1197.1294711229816,0.22333333333333333,0.87
2018,26,3,autopilot,-105.69723799145855,-121.18157725079388,157.85187281359384,1094.714088643671,0.10666666666666667,0.6533333333333333
2018,26,4,upside_chaser,49.61645806950538,48.47001776751729,147.03049264370873,1056.7560606057825,0.11333333333333333,0.65
2018,26,5,chalk,-104.8835651225886,-113.37222337041267,27.523401946128743,1006.924949837016,0.03666666666666667,0.39666666666666667
2018,26,6,safe_floor,264.16258156958776,252.34536129879547,295.07688054164544,1215.3956482986214,0.21,0.84
2018,26,7,balanced,-8.94235317856533,-1.24704747285206,155.45002367735984,1067.1537730040031,0.06666666666666667,0.5066666666666667
2018,26,8,balanced,-283.2691681774963,-251.74288704962834,-54.02822550259263,973.1332511868579,0.023333333333333334,0.4
2018,26,9,reacher,75.29886312186028,74.89805488712507,199.3143272295208,1094.1341077361617,0.1,0.6166666666666667
2018,27,0,chalk,112.54824859543642,104.95187467415548,198.33709030988814,1134.5056580146193,0.14,0.67
2018,27,1,balanced,-374.1050658278902,-311.931577721704,-45.913189778561325,911.2511036343979,0.043333333333333335,0.41333333333333333
2018,27,2,upside_chaser,-388.03923576813395,-331.9513332152265,-51.20215838347471,866.6569274913136,0.016666666666666666,0.23666666666666666
2018,27,3,balanced,107.65524817737301,91.59560035611743,245.845685481695,1153.8822406598426,0.10666666666666667,0.72
2018,27,4,safe_floor,335.32015644241613,332.7531379833511,299.3454114629572,1209.4161089725965,0.22,0.91
2018,27,5,value_hawk,404.4556163225136,443.9758796193719,290.4822216044672,1141.9858139631972,0.21333333333333335,0.8633333333333333
2018,27,6,balanced,104.11882778130081,101.90234407660299,213.90401581982738,1135.076924937323,0.08666666666666667,0.7233333333333334
2018,27,7,reacher,-144.3471181266214,-119.68297120058993,84.22474346026061,1033.220762355882,0.056666666666666664,0.44666666666666666
2018,27,8,autopilot,-32.48534353454397,4.681645144206463,164.8096198235565,1083.1885912582989,0.07666666666666666,0.58
2018,27,9,balanced,-91.24975695801264,-97.05603259561998,79.80044386457469,1079.3828522402055,0.04,0.43666666666666665
2018,28,0,value_hawk,490.0618244548562,486.22053818049335,316.7918166546741,1206.6451167456853,0.34,0.9433333333333334
2018,28,1,safe_floor,-54.261612807070264,-12.816004685643094,148.38584916318166,1059.279542618165,0.06666666666666667,0.5866666666666667
2018,28,2,balanced,176.31603840190593,161.24188010544148,278.17980728989426,1198.029491404015,0.08333333333333333,0.6733333333333333
2018,28,3,reacher,-148.5683931870572,-148.5683931870572,51.88852064404631,974.050141730477,0.03666666666666667,0.37333333333333335
2018,28,4,balanced,-30.59295736360845,-36.86513190673469,174.22134681224532,1029.5244096960914,0.13333333333333333,0.66
2018,28,5,balanced,60.071216661015384,91.201031607475,224.0073065761295,1131.584562463116,0.09,0.6066666666666667
2018,28,6,chalk,45.53448472347527,34.235885963319944,164.4682941073053,1125.5543100254997,0.06333333333333334,0.6166666666666667
2018,28,7,upside_chaser,-358.8042268678327,-292.23074257968494,-135.46064425293753,841.2454017794507,0.01,0.24
2018,28,8,autopilot,-82.26089842435175,-82.26089842435175,176.72024672661422,1070.9701573115672,0.05333333333333334,0.62
2018,28,9,balanced,7.512573557830823,17.535483826474355,186.82271662915105,1147.9681840657672,0.12333333333333334,0.68
2018,29,0,reacher,-214.91768615334874,-148.8663354625357,126.97495971235661,1081.7547276360856,0.056666666666666664,0.44333333333333336
2018,29,1,safe_floor,17.20842515503559,49.959094133632846,262.853778850866,1169.0661457641045,0.12666666666666668,0.6733333333333333
2018,29,2,upside_chaser,-6.198770828153755,31.462672307969278,150.77219670965155,1054.3545578523422,0.09,0.6866666666666666
2018,29,3,chalk,70.25499027745931,93.8937364730529,166.5406865407269,1052.9887678370644,0.11333333333333333,0.62
2018,29,4,balanced,-176.51332467426823,-176.38368440647287,8.438020839062716,984.1188842411118,0.03333333333333333,0.43
2018,29,5,balanced,89.9112872044745,84.45334920083614,247.72783266789264,1140.8822518850302,0.09,0.5333333333333333
2018,29,6,value_hawk,442.74643950533,439.0132487548549,270.5579804119513,1154.1464374327857,0.22,0.8333333333333334
2018,29,7,balanced,-22.10420962589012,-22.10420962589012,255.91085236708832,1146.474903939104,0.09666666666666666,0.54
2018,29,8,autopilot,-73.44323622609706,-84.20349177082318,63.18126687314971,1064.9609300910358,0.08666666666666667,0.5833333333333334
2018,29,9,balanced,-28.414096285623483,-7.178158055679674,223.89547419505703,1154.624601847717,0.08666666666666667,0.6566666666666666
2018,30,0,upside_chaser,-248.54327262601257,-206.45915594081336,9.764147553904998,910.4185408395267,0.02,0.3
2018,30,1,reacher,-155.32333678627438,-127.94613996234773,58.73079245256884,1003.4580790283882,0.04666666666666667,0.3933333333333333
2018,30,2,safe_floor,341.8441479121413,331.6291033716242,328.739229010184,1253.1523288364224,0.17666666666666667,0.8266666666666667
2018,30,3,autopilot,-163.62725983582038,-163.62725983582038,105.73326158268375,1019.8462842293031,0.08666666666666667,0.55
2018,30,4,balanced,-32.89378406840041,23.64047204798615,212.79412393425525,1108.5844051523372,0.09,0.6233333333333333
2018,30,5,balanced,76.46276188044202,74.34625146428468,203.9887393081712,1127.5512160379872,0.11333333333333333,0.6233333333333333
2018,30,6,balanced,18.389088348800637,25.12308802260486,156.58019697777868,1060.9235739778362,0.06666666666666667,0.5566666666666666
2018,30,7,balanced,197.42992022809202,197.50395987219613,284.43419106419947,1194.591537597945,0.10666666666666667,0.69
2018,30,8,chalk,-228.51792070730943,-228.51792070730943,43.39206220232418,1079.9974996207743,0.043333333333333335,0.5333333333333333
2018,30,9,value_hawk,453.9155015306115,450.1823107801364,278.1628280858229,1142.632892521675,0.25,0.9033333333333333
2018,31,0,chalk,117.69516192588594,152.56719772297427,206.7073186025839,1108.2909833680828,0.1,0.6833333333333333
2018,31,1,autopilot,209.39910136266877,184.22589717605797,210.74031047194705,936.9284580577129,0.23666666666666666,0.9066666666666666
2018,31,2,reacher,41.69151627628958,35.70578085887249,162.5200649519764,1057.2515528821446,0.043333333333333335,0.52
2018,31,3,balanced,-157.77192726383308,-174.59127086471415,94.7874090711278,1030.4474609877598,0.03,0.4033333333333333
2018,31,4,upside_chaser,-453.2603013496246,-384.6927448210199,-157.15538103415903,835.5326745302838,0.016666666666666666,0.17
2018,31,5,balanced,-13.953740653593057,-17.233584387551637,179.63109815319706,1119.2957304978877,0.08,0.61
2018,31,6,safe_floor,199.9610148954069,186.51145924805274,272.87098247097765,1175.0020550398383,0.12333333333333334,0.7433333333333333
2018,31,7,balanced,-206.92910130340852,-208.30861327347728,108.50949237120147,1042.49669308105,0.04666666666666667,0.4033333333333333
2018,31,8,value_hawk,475.5009650564116,451.3804756060065,331.2329611739127,1218.6048597676536,0.19333333333333333,0.8666666666666667
2018,31,9,balanced,27.14467966109264,23.063914928343664,150.55809655809404,1114.9329847406188,0.13,0.6933333333333334
2018,32,0,value_hawk,421.50155982833246,412.45896075948144,286.69851831922165,1160.3283906125298,0.2,0.8633333333333333
2018,32,1,balanced,135.48818677333756,133.33483744868127,252.1815605665285,1181.5543045476738,0.17,0.77
2018,32,2,autopilot,-164.85139197633168,-164.85139197633168,46.65822873313391,983.3166769596276,0.06,0.48
2018,32,3,balanced,50.351236720170334,58.48516164295015,197.67298810859452,1129.6134000779643,0.11,0.63
2018,32,4,chalk,-105.73443212159222,-113.19012540478889,74.15733128650538,1011.4952360466112,0.03,0.43333333333333335
2018,32,5,upside_chaser,-246.22364535394087,-249.14266383881278,23.619158505607103,1007.2882166304065,0.06333333333333334,0.44333333333333336
2018,32,6,reacher,-152.00182614268167,-164.4247267399351,11.764150272096195,973.1821263024593,0.043333333333333335,0.41333333333333333
2018,32,7,balanced,-16.81424924879721,-6.165093673207394,122.4058829299752,1062.4953152533835,0.09333333333333334,0.62
2018,32,8,safe_floor,418.8250218820004,405.56023850802217,340.1057878904111,1223.8454890593039,0.2,0.8266666666666667
2018,32,9,balanced,-154.1732560778111,-136.89896374092973,24.680754209349317,1006.9067905166261,0.03,0.52
2018,33,0,balanced,-30.65457603029062,-30.410175443070116,142.52569266143414,1048.3172507831764,0.05333333333333334,0.59
2018,33,1,balanced,-9.523220535320508,-15.666481722602398,134.96699994392822,1055.3160440867175,0.09333333333333334,0.5266666666666666
2018,33,2,reacher,-108.8945208789315,-111.41292964563007,102.69770459114858,1002.7859258803159,0.03,0.32666666666666666
2018,33,3,safe_floor,23.38776044524068,18.475841683283377,165.712047496865,1096.162380803085,0.12,0.6466666666666666
2018,33,4,value_hawk,489.9854242083736,467.85900699842546,307.5122348082934,1187.3546224386596,0.23666666666666666,0.8466666666666667
2018,33,5,upside_chaser,-276.1680540054842,-274.4364879771114,17.009726572612713,884.7800594308505,0.03333333333333333,0.35333333333333333
2018,33,6,chalk,121.66220657012816,113.3460683527806,271.1094227695422,1190.791414880633,0.12666666666666668,0.74
2018,33,7,autopilot,2.0054353662819198,1.6306712486614217,166.99666635208723,1110.5652223689967,0.09,0.5466666666666666
2018,33,8,balanced,-27.216795162873844,-33.339393378740205,248.0117121679904,1131.333067459719,0.06666666666666667,0.62
2018,33,9,balanced,95.62497500114527,80.16253765086141,213.69373464300588,1200.5504835963084,0.15,0.8033333333333333
2018,34,0,safe_floor,288.98676946526024,288.98676946526024,296.0217647331137,1224.8720015437625,0.18666666666666668,0.86
2018,34,1,balanced,-3.851472553254297,21.89755601212535,156.579522539401,1065.5777087925217,0.07666666666666666,0.5666666666666667
2018,34,2,balanced,-40.96395375134494,-29.094232161570645,133.9015506507721,1078.9858151959454,0.12666666666666668,0.6166666666666667
2018,34,3,chalk,-69.85052086629085,-69.72100272443689,169.70553777755862,1099.7026371326876,0.08,0.5266666666666666
2018,34,4,balanced,13.120592528015692,14.528820929886841,154.77717065086813,1079.4863181223977,0.1,0.59
2018,34,5,autopilot,-118.78516285105103,-124.92131221591441,150.7632408280109,1099.199130828691,0.07666666666666666,0.6
2018,34,6,value_hawk,445.20976958488376,435.88000951237746,299.0457444953587,1183.0627676540685,0.22,0.8633333333333333
2018,34,7,balanced,120.88407089714008,162.69667415042574,260.5405623044179,1141.307435296479,0.09333333333333334,0.77
2018,34,8,upside_chaser,-178.40725102517365,-201.7051014933156,31.17724436816419,934.6745999915092,0.016666666666666666,0.23333333333333334
2018,34,9,reacher,-332.6774210905113,-321.0262310022294,-12.437083267062782,973.1948056293362,0.023333333333333334,0.37333333333333335
2018,35,0,balanced,-161.35203377943145,-168.9626622637505,34.77763696395551,970.833362747614,0.03333333333333333,0.35333333333333333
2018,35,1,reacher,-111.12829369140736,-111.68185070762652,136.86578348319102,1049.0085927943333,0.043333333333333335,0.48
2018,35,2,value_hawk,441.23502990831173,419.1086126983636,299.1514301443917,1186.7220877555885,0.18,0.87
2018,35,3,chalk,-130.25024763863786,-106.5585086614947,58.29413179985056,981.8968662449605,0.15666666666666668,0.6633333333333333
2018,35,4,autopilot,108.99929509103187,105.82589611778982,192.9392800740658,1107.197191407892,0.11666666666666667,0.66
2018,35,5,balanced,0.6676658009532312,-3.6921810982666727,172.60093875002474,1085.213979759757,0.03666666666666667,0.4533333333333333
2018,35,6,balanced,-137.19621172025833,-111.02589521025644,153.0637098999481,1050.5499090536118,0.07,0.48
2018,35,7,safe_floor,331.79318722854515,328.08492167483405,335.12366879323383,1224.938882057288,0.21,0.85
2018,35,8,upside_chaser,-137.96975249306303,-143.86436969854202,19.36680860282833,963.6528987702684,0.03,0.4766666666666667
2018,35,9,balanced,94.21121379400867,89.61345924133217,165.050423747355,1144.6183386530151,0.12333333333333334,0.7133333333333334
2018,36,0,chalk,-86.90462884934757,-87.42783471918963,141.92567693474288,1019.4311146631717,0.1,0.67
2018,36,1,reacher,-42.258459772144526,5.280456009076168,135.5074529106999,1055.635446489892,0.06666666666666667,0.65
2018,36,2,balanced,46.70739702265486,93.53393164007139,213.68698068174746,1136.8692477095594,0.06,0.6266666666666667
2018,36,3,upside_chaser,-259.6050916293275,-238.4224892134988,-49.85464890619628,916.5706564511477,0.03333333333333333,0.32666666666666666
2018,36,4,balanced,13.419741988945319,40.41007142005283,176.08198587309369,1083.5493241752179,0.07,0.5366666666666666
2018,36,5,balanced,-131.90399956813667,-87.19356501998986,78.91062599921027,1019.127983396523,0.056666666666666664,0.4533333333333333
2018,36,6,balanced,-118.75840131372374,-107.07515446251358,151.5270839378967,1091.3958710536867,0.056666666666666664,0.47
2018,36,7,safe_floor,301.1566246317786,298.667624459629,322.0093711075366,1181.4233309384585,0.15666666666666668,0.76
2018,36,8,autopilot,-259.659126505035,-195.80054944951024,108.26700977291623,1126.885795934552,0.09,0.5966666666666667
2018,36,9,value_hawk,545.9028786892651,522.7389539098328,331.67004943027575,1193.2973444506283,0.31,0.91
2018,37,0,reacher,-64.3208043353477,-22.723443576191585,149.71676419075547,1075.0110835621037,0.08333333333333333,0.6
2018,37,1,balanced,-136.35217735536037,-100.40138902631737,67.57964269675942,992.1928911650864,0.06,0.39666666666666667
2018,37,2,value_hawk,426.1863233986571,404.05990618870896,277.87760541978736,1186.5941590621535,0.18333333333333332,0.8466666666666667
2018,37,3,autopilot,-64.79393273475087,-89.95668682120498,153.11459858848548,1102.4756260289894,0.07,0.6266666666666667
2018,37,4,balanced,-98.57847913881676,-98.57847913881676,186.4544315290878,1010.8546733283234,0.056666666666666664,0.5366666666666666
2018,37,5,balanced,40.88631904975413,27.789630345799836,161.97890094534273,1098.0283594996865,0.08666666666666667,0.5866666666666667
2018,37,6,chalk,-189.54038364876064,-171.77116514284558,96.92382409314567,1005.3318134679371,0.06333333333333334,0.4866666666666667
2018,37,7,upside_chaser,12.01870706490782,-1.4218729791867801,161.8046904359599,1017.9156940005016,0.03333333333333333,0.4
2018,37,8,safe_floor,185.09592691041564,198.17214829369854,258.02558274104956,1153.544734823587,0.17,0.7433333333333333
2018,37,9,balanced,148.36022096962353,143.64833361927424,252.01491415461606,1225.2679364862165,0.19333333333333333,0.7766666666666666
2018,38,0,value_hawk,454.93463924158823,437.08012278053195,291.6716082064417,1168.0552286023176,0.21666666666666667,0.8566666666666667
2018,38,1,balanced,13.8679309394625,26.944152322745396,159.64921416144892,1086.8758625058508,0.11666666666666667,0.67
2018,38,2,balanced,-4.525316941461627,-15.40576391538788,231.21417564064126,1150.5640416142692,0.10333333333333333,0.7166666666666667
2018,38,3,balanced,160.7739244295857,139.9604682943854,220.593843616041,1154.0525081862727,0.12333333333333334,0.7066666666666667
2018,38,4,safe_floor,42.14256025080625,35.69760567552826,198.0883413568659,1098.1832307311995,0.08333333333333333,0.6033333333333334
2018,38,5,autopilot,35.22296730941343,34.80323973911893,195.46079856801717,1126.6372509324092,0.14,0.6633333333333333
2018,38,6,balanced,25.796615357303143,45.759184440516506,193.25997604052722,1116.4234752113698,0.10333333333333333,0.6633333333333333
2018,38,7,upside_chaser,-102.79967330527622,-96.45710447170349,141.46095032445157,1041.3891721990344,0.02666666666666667,0.37666666666666665
2018,38,8,reacher,-141.80681065859963,-148.74802196335622,115.56059303553009,1013.4796048033506,0.03333333333333333,0.38333333333333336
2018,38,9,chalk,-186.26584160871013,-187.5728521721315,-74.22903907257486,992.9299147096942,0.05333333333333334,0.36
2018,39,0,upside_chaser,-159.71012561093923,-98.98331220179844,72.98234735310356,983.1796323624868,0.06666666666666667,0.4666666666666667
2018,39,1,value_hawk,518.3719091958365,494.4506233460876,319.7661042424043,1178.8938549631603,0.26666666666666666,0.8766666666666667
2018,39,2,chalk,-28.074223681428972,-32.38800345366543,85.25176585021684,1053.5607210194562,0.03,0.5433333333333333
2018,39,3,balanced,72.33765118070423,72.33765118070423,176.5978846281339,1046.9601284645953,0.07333333333333333,0.6133333333333333
2018,39,4,reacher,-209.52902603939063,-210.74103821424615,87.03383002472444,1014.6161353254895,0.02,0.33
2018,39,5,autopilot,0.370309601659228,-4.228522415861519,140.8009704896051,1085.957808741612,0.10333333333333333,0.6833333333333333
2018,39,6,safe_floor,210.47949523855877,207.55575098627935,283.6701964515628,1208.3469290916055,0.17333333333333334,0.8
2018,39,7,balanced,31.653356026666607,14.194915580146613,242.01148556500962,1069.1247858767642,0.12,0.68
2018,39,8,balanced,-35.903789765124216,-40.08029927430647,130.44533944534993,1041.6452974237545,0.07,0.49333333333333335
2018,39,9,balanced,-226.6303493516275,-157.73171499215158,20.9064157566048,1033.8657318781532,0.07666666666666666,0.5133333333333333
2019,0,0,balanced,83.30953657814688,72.12532211807579,214.30158695897393,1156.0822361134994,0.10333333333333333,0.6433333333333333
2019,0,1,autopilot,101.7171858900029,109.87997642900297,222.79109655219514,1243.2333117104608,0.13333333333333333,0.6533333333333333
2019,0,2,balanced,157.59164375741244,147.6489341438684,314.8939860350742,1303.135520253415,0.07,0.5633333333333334
2019,0,3,reacher,-39.77221074154581,-0.46332055661981997,177.9911516686767,1224.8383104059171,0.06333333333333334,0.5733333333333334
2019,0,4,upside_chaser,-148.243256212997,-159.39844009868682,48.86013574469479,1030.8224125468946,0.03333333333333333,0.26
2019,0,5,safe_floor,365.0445653063941,409.15326392919224,351.5074587829804,1347.6441014450136,0.24,0.89
2019,0,6,balanced,28.367908477214282,38.952347675129076,182.30249348661778,1166.7999112308855,0.04,0.5833333333333334
2019,0,7,chalk,-103.46633505379238,-114.78507973648686,29.671270347444718,1021.7132805719602,0.02666666666666667,0.45
2019,0,8,value_hawk,516.2232254181997,516.2232254181997,388.002970534523,1370.088897807779,0.25333333333333335,0.91
2019,0,9,balanced,13.205431561261957,7.219645937161857,113.61654613216587,1105.3460326020986,0.03666666666666667,0.47333333333333333
2019,1,0,balanced,-28.264447254982635,4.77455398771793,107.53951730083703,1097.901507743023,0.02666666666666667,0.42
2019,1,1,reacher,-119.07933325508232,-110.26795691679244,101.5252408074181,1068.769520273284,0.07333333333333333,0.4666666666666667
2019,1,2,value_hawk,451.2978145509883,458.50629323311716,325.77752799738334,1252.0261262457961,0.15,0.8066666666666666
2019,1,3,safe_floor,183.51601172522876,224.69058532659758,299.52023413141933,1310.1890353384522,0.13,0.79
2019,1,4,balanced,70.24709700163947,191.16629667660854,328.2144033781889,1278.2002605940986,0.16333333333333333,0.7133333333333334
2019,1,5,balanced,59.75710070918721,48.669647718848225,224.42718254967474,1223.571112295856,0.10333333333333333,0.6766666666666666
2019,1,6,balanced,131.84075406481975,138.75878313945583,281.4206742475744,1273.6762531081577,0.11,0.6
2019,1,7,upside_chaser,8.666824573455198,15.164974043510597,150.80866664806342,1120.1595722629952,0.06,0.4033333333333333
2019,1,8,chalk,98.48698474012377,110.56068934473609,269.2416892918358,1337.5407020171208,0.13666666666666666,0.6833333333333333
2019,1,9,autopilot,-28.60302169523316,-8.685969101561348,168.46026206349848,1164.202787094442,0.04666666666666667,0.44
2019,2,0,balanced,189.23859837980447,159.72502412119533,264.166328991703,1239.4871609082977,0.08666666666666667,0.6533333333333333
2019,2,1,balanced,108.38979599357114,148.00405712227217,312.8362076653595,1309.385987780356,0.14333333333333334,0.7566666666666667
2019,2,2,reacher,-73.9960915577939,-21.20235198976333,118.31252469008511,1040.4416479161564,0.043333333333333335,0.45
2019,2,3,safe_floor,403.3981621031166,454.1790702523683,400.54830788364166,1383.6910384761431,0.19,0.87
2019,2,4,autopilot,-106.03454412427055,-87.42890420752454,92.76932764099259,1098.8812783879866,0.043333333333333335,0.43
2019,2,5,chalk,67.21813601145391,62.35791775859465,271.9776195093473,1259.4937004159226,0.06,0.5566666666666666
2019,2,6,upside_chaser,-228.35915907657198,-229.9687470218245,69.79701635130735,1075.46795206382,0.04,0.37666666666666665
2019,2,7,value_hawk,553.1771599634461,552.1871021761756,431.288307927144,1382.1410114286707,0.3,0.9166666666666666
2019,2,8,balanced,18.22726572431857,12.392721867687548,151.6785158784245,1142.1939009171247,0.03,0.4766666666666667
2019,2,9,balanced,65.33050463680172,75.42930027415565,272.29344254150055,1283.6654583647455,0.06333333333333334,0.5133333333333333
2019,3,0,upside_chaser,66.89694962979671,56.31109037325887,221.33621129847987,1235.0024668226397,0.056666666666666664,0.47
2019,3,1,balanced,76.32977199177066,86.3751520994366,232.9189374806075,1232.3107562188125,0.10666666666666667,0.6833333333333333
2019,3,2,value_hawk,474.150492183102,466.80727707264646,388.1021732044301,1348.846187225175,0.2733333333333333,0.85
2019,3,3,balanced,148.6081204293373,153.2270940616186,312.7695139234655,1250.2448287399257,0.06333333333333334,0.5233333333333333
2019,3,4,safe_floor,231.26258939395706,225.8805016624219,307.3904856897582,1305.5559939351401,0.15333333333333332,0.8066666666666666
2019,3,5,reacher,-165.12477194060065,-161.94838334776895,126.1495196167568,1155.0111021665307,0.02666666666666667,0.37666666666666665
2019,3,6,autopilot,6.329586610673161,-1.8233284927905231,136.1176334583002,1207.589364158428,0.09333333333333334,0.6133333333333333
2019,3,7,balanced,-9.893525184308658,-11.041132437417644,204.71347813678608,1106.3871926725874,0.043333333333333335,0.42333333333333334
2019,3,8,chalk,83.91156659110335,72.47446217042685,202.6004015747199,1218.3286557700287,0.06666666666666667,0.56
2019,3,9,balanced,95.18713873351848,136.24503967734708,263.17131834681084,1236.6150685493476,0.11666666666666667,0.6933333333333334
2019,4,0,balanced,27.76065964539076,25.0190293612566,175.28276567244387,1162.1238157013781,0.03333333333333333,0.36333333333333334
2019,4,1,chalk,-6.811014981084682,35.84964486609207,188.02669591229517,1169.7788229985756,0.056666666666666664,0.4666666666666667
2019,4,2,balanced,-137.7113922147105,-91.82949099534696,75.55938319075548,1094.553443534302,0.07,0.55
2019,4,3,autopilot,78.95016528956091,69.81097851126458,186.72624427877196,1193.3922695511064,0.08,0.6066666666666667
2019,4,4,balanced,194.1608435408975,194.1608435408975,341.8000798071942,1312.0951213955198,0.13333333333333333,0.8133333333333334
2019,4,5,balanced,72.8935451131519,63.03292890556696,257.011353980812,1254.2043218078097,0.08,0.5266666666666666
2019,4,6,reacher,9.956075626232632,-12.414356231991825,197.6025979709866,1216.9212138951498,0.03666666666666667,0.51
2019,4,7,value_hawk,591.8342065975004,590.3261638741818,421.85213028953433,1377.8962743254924,0.2866666666666667,0.9466666666666667
2019,4,8,safe_floor,221.5864047867041,212.70048226382627,317.3055778689617,1300.3126826555865,0.17,0.8033333333333333
2019,4,9,upside_chaser,-62.65986126862187,-70.4013453606672,170.6931089655313,1006.0575759327128,0.05333333333333334,0.41333333333333333
2019,5,0,reacher,-14.421966055488635,-21.236612951629013,134.55001423478365,1077.6447139426484,0.02,0.30333333333333334
2019,5,1,chalk,-59.871431372571415,-7.077691804540848,120.71543357793526,1152.5706247500384,0.07,0.53
2019,5,2,balanced,20.092289776085906,61.264395728382546,176.40081680021495,1183.5063233911342,0.07333333333333333,0.6133333333333333
2019,5,3,value_hawk,468.64434568172754,467.1247142387216,373.0186741075901,1342.6704516432096,0.25333333333333335,0.8966666666666666
2019,5,4,balanced,131.25711762843866,200.94918024947796,338.6936221264831,1358.1108206946851,0.09666666666666666,0.7266666666666667
2019,5,5,balanced,58.3524658594772,103.58777213288933,236.80552296317575,1254.9213132949358,0.09666666666666666,0.65
2019,5,6,upside_chaser,-173.23042666185228,-196.07804975123076,22.462397776935354,996.2278987546282,0.0033333333333333335,0.19666666666666666
2019,5,7,balanced,92.22202271886047,141.40533839390017,230.69243702594187,1190.6515775847224,0.10333333333333333,0.63
2019,5,8,autopilot,-81.71111286420063,-7.244120905592283,231.03655928382136,1285.284154851865,0.14,0.75
2019,5,9,safe_floor,198.9023527136421,277.01746684418936,320.9880444986732,1280.1733769343168,0.14333333333333334,0.7033333333333334
2019,6,0,balanced,-97.9236738772176,-113.21516452330391,89.58262115159135,1092.7625868127584,0.016666666666666666,0.27666666666666667
2019,6,1,chalk,169.17931163892527,168.4848936059095,244.574252462624,1316.1831085075944,0.12666666666666668,0.61
2019,6,2,value_hawk,523.2390628742445,517.6868870548045,421.87176714075434,1397.1332456591183,0.26666666666666666,0.9033333333333333
2019,6,3,autopilot,88.19783404894682,87.08622810130484,270.05368299599024,1249.557026356515,0.08333333333333333,0.6
2019,6,4,balanced,40.771923451989004,40.87062778677732,222.97332675435342,1229.6463418407263,0.05333333333333334,0.5466666666666666
2019,6,5,reacher,115.83825401164502,100.96540581401356,238.56842318710716,1215.8653008963088,0.08333333333333333,0.6433333333333333
2019,6,6,balanced,153.64769337774027,153.81057843103636,226.42169607164487,1207.740568214569,0.11666666666666667,0.7366666666666667
2019,6,7,balanced,95.14026415285299,93.50331082633954,265.5054000170253,1310.2022018157497,0.09,0.5533333333333333
2019,6,8,safe_floor,201.6432349616173,200.05124760800481,295.70413568595126,1256.718374721284,0.13,0.71
2019,6,9,upside_chaser,-68.53622948834784,-69.74807250818219,133.81359569873376,1121.5808720312866,0.03333333333333333,0.42
2019,7,0,balanced,-27.134675854220667,-27.134675854220667,160.53165657610765,1041.7019401683967,0.043333333333333335,0.46
2019,7,1,safe_floor,318.45716816242157,317.03533764151746,315.21479495596213,1305.958119846543,0.18333333333333332,0.8466666666666667
2019,7,2,upside_chaser,-255.14642405838558,-279.72559666176664,-82.18108241129944,923.7002159429063,0.02,0.25333333333333335
2019,7,3,autopilot,139.0091094364936,143.9461360817512,285.5050114399327,1328.6890813597406,0.14333333333333334,0.65
2019,7,4,reacher,2.87095410647915,-0.2937148601349122,173.42336517668645,1184.0929047438947,0.04666666666666667,0.53
2019,7,5,balanced,130.2705969352337,112.08614594309523,271.84523747721556,1248.548229632719,0.07666666666666666,0.6166666666666667
2019,7,6,chalk,40.141863678659725,99.15227704494481,107.36164987651856,1101.255095472701,0.07333333333333333,0.58
2019,7,7,balanced,83.76272916714761,82.42507998516504,200.4097777635385,1185.8514891627183,0.05,0.58
2019,7,8,balanced,154.98035576854627,124.46984154041674,228.04916423213194,1186.115989483814,0.056666666666666664,0.5566666666666666
2019,7,9,value_hawk,509.53048313012425,505.2172082327638,394.94450345191785,1319.69802671248,0.30666666666666664,0.9266666666666666
2019,8,0,balanced,227.1020711900171,227.1020711900171,351.57276708264953,1366.2057312259847,0.13333333333333333,0.6833333333333333
2019,8,1,balanced,96.66169584603163,80.36686303925504,189.30589828637528,1147.3068410075043,0.08333333333333333,0.63
2019,8,2,chalk,23.228253110486293,58.8210053553765,274.6654437436307,1292.508089945836,0.07666666666666666,0.5766666666666667
2019,8,3,safe_floor,222.1109008437756,212.3113543124029,285.729750479161,1163.1687828722415,0.16,0.8033333333333333
2019,8,4,reacher,30.197841669994375,106.9621513407389,266.46109290987084,1218.1443628233683,0.08,0.5333333333333333
2019,8,5,balanced,24.07693071538726,53.09050529478092,230.01515260088138,1228.8820221075273,0.07,0.5666666666666667
2019,8,6,autopilot,-34.77140962000729,-4.643494599917119,93.63322553854796,1098.6985024025994,0.04666666666666667,0.5233333333333333
2019,8,7,upside_chaser,-157.98819121629396,-97.81897174615982,95.52643249629156,1056.6212988989557,0.023333333333333334,0.30666666666666664
2019,8,8,balanced,2.901609870418005,-12.71764722825133,167.97259274636724,1187.8954297008509,0.05333333333333334,0.49333333333333335
2019,8,9,value_hawk,528.301212708634,519.224700282471,427.0567432322472,1368.8328553981019,0.2733333333333333,0.8833333333333333
2019,9,0,chalk,83.30335456182081,95.86641066531567,243.6890239023067,1300.408562501058,0.15666666666666668,0.68
2019,9,1,value_hawk,529.5921875490233,526.7728924372055,410.143966327358,1383.1643764187747,0.23,0.8533333333333334
2019,9,2,balanced,62.23508826063066,60.633065027397755,251.5019743908424,1234.5103604137134,0.043333333333333335,0.49333333333333335
2019,9,3,reacher,-9.144821289623025,31.040964710614325,174.79013208077265,1154.7777811782335,0.05333333333333334,0.5466666666666666
2019,9,4,balanced,-15.831161007606944,18.390825082319004,248.32171632974453,1237.683984452528,0.09666666666666666,0.54
2019,9,5,safe_floor,175.20316418842407,223.63600410398445,336.89534455007276,1207.5162244262094,0.12,0.7533333333333333
2019,9,6,balanced,-191.983205391373,-186.49571069556345,-55.45524865285748,955.605511901149,0.023333333333333334,0.37333333333333335
2019,9,7,autopilot,254.91293910189484,253.27598577538137,229.83052852036997,1288.7601277104818,0.15,0.7733333333333333
2019,9,8,balanced,-26.70518586779124,-29.288612589169055,172.95063973005227,1151.8430544556015,0.03333333333333333,0.39
2019,9,9,upside_chaser,70.26117473938736,48.54159552065545,186.180043875785,1206.420167140292,0.09333333333333334,0.5966666666666667
2019,10,0,autopilot,65.95899134413563,58.95953789605707,177.07018018014085,1184.8361857701268,0.08333333333333333,0.64
2019,10,1,balanced,218.5226046476994,217.18495546571683,317.43878316144117,1297.124785031511,0.12,0.62
2019,10,2,upside_chaser,-125.37099428510635,-95.2757103985356,120.17549217786645,1116.6240249971092,0.05,0.39666666666666667
2019,10,3,balanced,63.238075234383174,36.535442614945026,203.25513263614585,1261.257227689813,0.08333333333333333,0.62
2019,10,4,reacher,-75.24914925864057,-87.43617015498197,104.53874929330128,1136.032156801053,0.05333333333333334,0.4633333333333333
2019,10,5,chalk,285.8653000694081,274.99659916229416,374.74026931081346,1351.62419628244,0.11,0.68
2019,10,6,safe_floor,223.69388072252667,222.9994626895109,248.5341613859257,1222.5066392362742,0.12,0.76
2019,10,7,balanced,-79.22092753861025,-28.853524589827103,147.93343406873623,1082.2511048137096,0.06666666666666667,0.5166666666666667
2019,10,8,balanced,20.52171890836747,20.52171890836747,189.01806255607522,1125.0771475391095,0.043333333333333335,0.43
2019,10,9,value_hawk,558.6024404768766,555.0616268402102,400.63634586345074,1370.4780320100929,0.27,0.8733333333333333
2019,11,0,value_hawk,583.30097499428,583.30097499428,432.23533943608396,1381.2995406651505,0.2833333333333333,0.9066666666666666
2019,11,1,balanced,132.45743739763614,124.60942623244553,201.1003948312433,1228.0621487899118,0.12,0.7466666666666667
2019,11,2,reacher,-106.59946947535241,-19.463843870048187,176.06428709362294,1159.9620310777818,0.04,0.37333333333333335
2019,11,3,safe_floor,205.0407489512143,248.39738840290153,342.7468178389995,1322.1285110842475,0.2,0.7833333333333333
2019,11,4,autopilot,56.47126220046459,69.18516814521097,116.62849295144727,1100.3289316581793,0.06333333333333334,0.56
2019,11,5,balanced,108.25499213997202,108.25499213997202,231.9341925031058,1250.9988797157598,0.09666666666666666,0.6766666666666666
2019,11,6,upside_chaser,-91.04150721106717,-42.86709575026802,114.09832019519536,1141.194365408815,0.043333333333333335,0.45
2019,11,7,balanced,41.110650444555944,32.45120968652826,248.4624896113342,1239.822114524884,0.04,0.44333333333333336
2019,11,8,balanced,-84.92233031951852,-41.2407042190763,107.16961882309432,1113.6596247794034,0.05333333333333334,0.51
2019,11,9,chalk,-73.79951984280868,-34.19558625089933,137.68602066312178,1147.573302261891,0.06,0.55
2019,12,0,safe_floor,227.77023680048498,272.0582330822658,358.3329195277662,1371.8035742343247,0.19666666666666666,0.87
2019,12,1,reacher,-161.12528208471343,-165.1574212919164,27.62364204197867,1007.866922715215,0.013333333333333334,0.35
2019,12,2,chalk,70.15873453820362,63.678153593782014,168.93266423329953,1185.7199131025036,0.10666666666666667,0.6533333333333333
2019,12,3,autopilot,99.80924112166423,140.6476385099609,264.1744201630027,1217.4083601307814,0.04666666666666667,0.5333333333333333
2019,12,4,balanced,40.45875996575985,40.45875996575985,250.20032869454252,1226.5815621102265,0.03,0.5066666666666667
2019,12,5,balanced,160.51397409370125,189.54282123784492,241.1468477568394,1203.618268819798,0.05333333333333334,0.5533333333333333
2019,12,6,upside_chaser,-82.98083078882857,-98.90860114161966,126.74535873795844,1096.286851423983,0.04,0.42
2019,12,7,balanced,138.68838953892762,170.12294196922812,324.65822480773284,1358.3340470316464,0.11333333333333333,0.74
2019,12,8,value_hawk,590.6558995935676,589.1362681505617,432.203889036671,1391.6369565502007,0.33666666666666667,0.9433333333333334
2019,12,9,balanced,-59.39400560452009,-59.39400560452009,167.44017066879593,1144.4962786959845,0.06333333333333334,0.43
2019,13,0,balanced,139.1258470716696,124.4762448332472,362.8576725736707,1330.9028134219445,0.14333333333333334,0.7633333333333333
2019,13,1,autopilot,126.96865067726442,105.05093226589065,286.59116764019996,1289.0288329653013,0.1,0.5966666666666667
2019,13,2,balanced,67.61398882144104,94.97002630984299,230.65147802449815,1209.3219247799268,0.08666666666666667,0.52
2019,13,3,value_hawk,604.1165987274757,604.6401961396767,435.1824051834239,1356.184523097403,0.26,0.91
2019,13,4,balanced,89.80166803542213,128.64310860169402,267.5286080423215,1228.487911466481,0.056666666666666664,0.5466666666666666
2019,13,5,safe_floor,74.87246553412525,70.44035032887825,211.70743134367535,1238.7357011977365,0.09666666666666666,0.6033333333333334
2019,13,6,balanced,59.19611277129616,50.114754037667204,223.0842871797446,1243.1790065770142,0.08,0.5266666666666666
2019,13,7,chalk,69.92665205379132,69.92665205379132,174.44660850732404,1180.5088894937016,0.08333333333333333,0.6466666666666666
2019,13,8,upside_chaser,-115.13915366033099,-75.55137958752636,46.523991037648,1082.2628117559402,0.06,0.49333333333333335
2019,13,9,reacher,31.133596098365274,26.57449135381026,226.79481012306223,1175.4564157556804,0.03333333333333333,0.3933333333333333
2019,14,0,safe_floor,64.73484943825885,58.99479479697574,219.06131270402187,1249.24983852405,0.11,0.7233333333333334
2019,14,1,balanced,-43.33069492632873,14.412187924557983,163.064054426748,1156.2080664576858,0.056666666666666664,0.4866666666666667
2019,14,2,balanced,150.53695704143766,168.76520503991455,271.081499627872,1164.1306349778488,0.09333333333333334,0.7333333333333333
2019,14,3,upside_chaser,-25.71633988446458,-15.253027511482045,115.35291370885568,1054.275040722427,0.03,0.33
2019,14,4,reacher,22.053092309949218,5.6066156669193745,146.49675729143533,1068.9504576713973,0.04,0.4533333333333333
2019,14,5,autopilot,205.27606238677077,197.4894335473685,313.4259361994478,1319.9933583626996,0.19666666666666666,0.7866666666666666
2019,14,6,value_hawk,507.3772951283577,507.3772951283577,354.091882043905,1293.6414429782203,0.25666666666666665,0.9133333333333333
2019,14,7,balanced,44.4715245786249,100.85575729826422,287.23719002672823,1267.6342158303105,0.07,0.5733333333333334
2019,14,8,chalk,100.8581349197883,95.57000579946477,207.95991331844925,1242.7083327291048,0.11666666666666667,0.6866666666666666
2019,14,9,balanced,-42.08623683943772,-60.11975634181874,142.10180358573996,1093.7582792330602,0.03,0.31333333333333335
2019,15,0,reacher,-96.21545378132193,-126.87217091466792,97.68082987259693,1162.6669288296662,0.03666666666666667,0.4033333333333333
2019,15,1,balanced,45.09819865291561,45.2830052048538,196.66298301227687,1151.3699651009476,0.05333333333333334,0.45
2019,15,2,balanced,44.39764904796736,69.86254202078268,221.9405164485658,1248.635199991765,0.11666666666666667,0.71
2019,15,3,chalk,58.141704890394294,56.83226922687372,183.21033940449882,1169.7061217780706,0.07,0.53
2019,15,4,balanced,160.79526661408272,158.6873877427096,328.1779798892351,1316.1945083462463,0.08666666666666667,0.6166666666666667
2019,15,5,value_hawk,512.6788994146217,511.37923574580986,370.25967300455363,1304.527046970584,0.25333333333333335,0.8433333333333334
2019,15,6,upside_chaser,-26.043471067571453,7.586214904406127,203.59425340406239,1221.8348875677093,0.07666666666666666,0.53
2019,15,7,autopilot,-89.18360612599288,-54.96162003606693,100.01705964237479,1081.2292167117191,0.05333333333333334,0.4533333333333333
2019,15,8,balanced,129.1725855503587,127.8349363683761,297.1701872453739,1267.550859807555,0.12,0.6933333333333334
2019,15,9,safe_floor,247.7708744583166,282.25368263954397,318.9730379491602,1176.6259601338375,0.13333333333333333,0.77
2019,16,0,balanced,184.2656674472188,161.12469508375548,203.7194412990758,1201.6521660813896,0.10666666666666667,0.6933333333333334
2019,16,1,balanced,-65.10195320890642,-65.10195320890642,108.62106688239231,1124.5610021977714,0.07666666666666666,0.5866666666666667
2019,16,2,balanced,150.27705029953833,163.20603664059516,306.6138252850335,1297.5881767021983,0.1,0.6633333333333333
2019,16,3,balanced,-14.828276287196609,31.55221434012931,216.8642112030207,1140.443839921554,0.13333333333333333,0.68
2019,16,4,chalk,268.84773634551954,267.90052420245945,367.2099239822793,1365.663429392516,0.13,0.74
2019,16,5,safe_floor,274.7495000111513,380.39075740659405,376.0990816250138,1374.399556236659,0.20333333333333334,0.8033333333333333
2019,16,6,value_hawk,518.5165890795365,517.2736907713819,368.31240382688355,1338.4791919219265,0.18333333333333332,0.87
2019,16,7,autopilot,-24.226129035312898,-25.573468078242044,93.5882556611867,1085.5063202839108,0.04,0.3933333333333333
2019,16,8,upside_chaser,-159.002299025249,-156.47334129890882,81.91933955529858,1013.9676427634165,0.016666666666666666,0.3333333333333333
2019,16,9,reacher,-148.6436764483384,-148.6436764483384,50.48628344127211,1048.926348996898,0.01,0.23666666666666666
2019,17,0,reacher,98.79544948930533,79.76478794758158,221.3439998954951,1215.123781548357,0.06666666666666667,0.5466666666666666
2019,17,1,balanced,-35.75296280325202,-50.24992181737289,121.05793568779124,1116.2236481032423,0.04666666666666667,0.3466666666666667
2019,17,2,balanced,69.9172081051327,78.66493511597088,282.5377993701147,1267.5514541867337,0.08333333333333333,0.4866666666666667
2019,17,3,balanced,11.006431174686185,-8.652730058582087,195.40690117652645,1090.6936845153132,0.10666666666666667,0.62
2019,17,4,safe_floor,311.75045878355047,289.7053424808953,366.0053113347144,1348.968581289144,0.12333333333333334,0.8033333333333333
2019,17,5,chalk,70.26421815258789,61.22840754371367,234.68188583920625,1264.5735494477383,0.08666666666666667,0.58
2019,17,6,balanced,90.34028293875866,139.8752533732717,277.3455328645143,1277.2409949442585,0.16333333333333333,0.7
2019,17,7,value_hawk,510.1814791720017,517.1699900799364,379.9732074633296,1301.0472316328696,0.21333333333333335,0.88
2019,17,8,upside_chaser,-84.88396394776396,-85.8480476554542,82.17168838240674,1087.9573127858416,0.07,0.5566666666666666
2019,17,9,autopilot,-43.94467326757878,-37.61301769077981,166.35575404166266,1133.8592126578903,0.04,0.48
2019,18,0,balanced,155.58408528443388,147.90183957825687,248.45563148125458,1231.4257658835586,0.11,0.6733333333333333
2019,18,1,reacher,-216.35342131489048,-242.3050421625467,4.190542918533211,1008.0516468792362,0.016666666666666666,0.17333333333333334
2019,18,2,autopilot,40.12153522690871,39.661908343087845,153.4057162106965,1175.8123614663064,0.056666666666666664,0.5033333333333333
2019,18,3,balanced,3.9555188789072986,3.9555188789072986,160.8087836872881,1194.6765765660202,0.07333333333333333,0.5633333333333334
2019,18,4,upside_chaser,-21.904006761441963,4.415707109862893,162.18705840816955,1125.045541984676,0.04,0.42
2019,18,5,balanced,138.42044569169465,133.88351029911465,238.95822165332794,1279.8109864660926,0.08666666666666667,0.7333333333333333
2019,18,6,chalk,209.83767206822895,202.1393038296077,264.9747394938405,1235.6676482206108,0.06333333333333334,0.6266666666666667
2019,18,7,balanced,-19.388309947045215,-25.258961700650865,194.02748622987946,1190.9710496617297,0.08333333333333333,0.5433333333333333
2019,18,8,value_hawk,534.858962716037,533.5592990472252,427.5658094636586,1376.9534105322473,0.25,0.89
2019,18,9,safe_floor,326.906907522126,339.7966055535867,330.12221982981526,1356.793492133758,0.22,0.8733333333333333
2019,19,0,safe_floor,155.84786399745445,188.89869361783346,235.81660528114173,1201.7243248134662,0.09666666666666666,0.6566666666666666
2019,19,1,balanced,-42.393757560055185,-35.40424129992377,143.49170536799792,1120.3433455790607,0.02666666666666667,0.38333333333333336
2019,19,2,balanced,33.26650099325915,88.96197922049002,242.96063860931767,1262.2649046303927,0.06,0.5633333333333334
2019,19,3,autopilot,192.88986255775217,187.89218266500032,344.36882849161225,1352.6951502810173,0.12666666666666668,0.7033333333333334
2019,19,4,balanced,111.37237845645454,103.75323254217658,236.58305187423713,1205.938954438915,0.09666666666666666,0.5633333333333334
2019,19,5,balanced,76.37252141072629,57.714176778707724,220.17832176116522,1250.248346207242,0.07333333333333333,0.5866666666666667
2019,19,6,reacher,78.89050982468288,78.1915950341402,260.9356847919084,1229.649282583032,0.09,0.6133333333333333
2019,19,7,chalk,55.54889668064118,49.73762009491188,156.18952805723706,1137.2996979332734,0.08333333333333333,0.5766666666666667
2019,19,8,value_hawk,563.3502474353131,563.3502474353131,427.6168900806445,1378.096115893054,0.30666666666666664,0.88
2019,19,9,upside_chaser,-155.48209478481016,-152.51575845216414,32.641540756207505,1009.6747186381853,0.04,0.47333333333333333
2019,20,0,balanced,-89.70143945609031,-100.42860954685324,128.348464667888,1125.4678807608466,0.04666666666666667,0.43
2019,20,1,balanced,102.62789786938124,96.25997781693269,222.79401877656892,1212.4812247823966,0.06,0.49666666666666665
2019,20,2,autopilot,82.02510623736936,57.50921399885661,232.07186659358746,1274.8954441703543,0.09666666666666666,0.6233333333333333
2019,20,3,chalk,391.7507786274602,362.7566284352796,350.35459998548595,1369.2969841144538,0.23,0.83
2019,20,4,balanced,-32.382887988891795,-40.28339399078356,132.56982562958402,1149.9682208083186,0.06,0.5566666666666666
2019,20,5,reacher,24.298690273824246,18.76997642192554,208.24024183176027,1194.871780558888,0.07666666666666666,0.59
2019,20,6,balanced,-41.664120895700975,-41.664120895700975,125.08334560701137,1049.9233794137294,0.04,0.48
2019,20,7,upside_chaser,66.67473445252816,109.25398043081137,256.1525277205519,1234.9986185354232,0.06,0.43666666666666665
2019,20,8,safe_floor,206.7741321136288,236.40945339466344,331.87888277311276,1287.3194250333454,0.12333333333333334,0.69
2019,20,9,value_hawk,555.9224264742835,554.4027950312776,403.81235511352645,1362.2245209069401,0.20666666666666667,0.8666666666666667
2019,21,0,reacher,6.015210068011943,6.275360070243629,167.7983196546596,1255.2019485042692,0.06333333333333334,0.5933333333333334
2019,21,1,balanced,52.14466785518574,73.10833902629119,212.33216046210686,1179.7666412619026,0.07666666666666666,0.5733333333333334
2019,21,2,value_hawk,497.24568496750317,497.24568496750317,410.5235652652543,1363.8329773847981,0.24,0.91
2019,21,3,balanced,89.73875331740102,153.4353875202006,228.29058654410926,1205.9207395257633,0.14666666666666667,0.7033333333333334
2019,21,4,autopilot,247.36573793762062,240.92212126223046,320.4368023069936,1341.7165395273316,0.15333333333333332,0.75
2019,21,5,balanced,57.54405958219418,67.8301410914006,256.255430444286,1243.0627532699552,0.06,0.5633333333333334
2019,21,6,chalk,79.69711564063208,74.1443021089118,167.7621464611894,1167.4711698052067,0.08,0.6666666666666666
2019,21,7,safe_floor,204.27864526252256,202.6782511562749,277.97630291307485,1247.827883322673,0.09333333333333334,0.6733333333333333
2019,21,8,balanced,57.735973416686136,76.94543394262767,231.647668937015,1195.7327500047807,0.07333333333333333,0.48333333333333334
2019,21,9,upside_chaser,-272.0563768712035,-253.89029806327434,-12.451903854393144,903.5886769267064,0.013333333333333334,0.08333333333333333
2019,22,0,balanced,-136.04024946721543,-147.89226203943073,130.12181503850155,1121.5251239229294,0.043333333333333335,0.45
2019,22,1,upside_chaser,-106.0155045142674,-80.93742751956631,120.73423943288743,1159.6616229231622,0.06,0.5333333333333333
2019,22,2,balanced,-27.56507475909271,15.781719653197484,204.4437474337331,1202.2932273096746,0.07,0.46
2019,22,3,autopilot,203.93883217754419,196.31968626326622,239.87997383085732,1254.28194679601,0.16666666666666666,0.83
2019,22,4,chalk,273.99949755018497,283.3750015745778,279.53831129207606,1277.7695203211229,0.14333333333333334,0.7733333333333333
2019,22,5,balanced,-82.61850827950332,-4.281580819137609,196.286219853824,1115.7047511171138,0.06666666666666667,0.47
2019,22,6,value_hawk,563.1112888605081,563.1112888605081,404.91028872111,1373.8378094940592,0.24666666666666667,0.88
2019,22,7,safe_floor,315.35004047277863,292.5057645833749,362.22732578891873,1304.0304831014082,0.13666666666666666,0.7666666666666667
2019,22,8,balanced,9.995650034668474,9.238575623098093,205.41471211527107,1234.9288798935468,0.03333333333333333,0.46
2019,22,9,reacher,-40.76735185225294,-42.27512223499828,94.725087743591,1065.330029689142,0.03333333333333333,0.37666666666666665
2019,23,0,balanced,61.80452797041734,123.533054885839,301.6534988214911,1294.8539249918808,0.07,0.5566666666666666
2019,23,1,chalk,168.79089086353065,158.8481812499866,290.01746203833744,1339.7507647980008,0.16,0.77
2019,23,2,balanced,-41.986134480808495,-6.5236282310117275,238.2463325528485,1220.3402308924876,0.07333333333333333,0.43666666666666665
2019,23,3,value_hawk,483.4162234728412,479.5062361124317,382.0768629298917,1335.1084747780744,0.16666666666666666,0.83
2019,23,4,reacher,-86.27992045916989,-51.14374330504713,141.5194528795098,1135.4755433126056,0.05,0.5066666666666667
2019,23,5,balanced,219.34067881025553,208.47449374915607,332.97922879623286,1329.0312371592295,0.14333333333333334,0.6566666666666666
2019,23,6,safe_floor,108.46986924597842,118.92421799858896,266.01047682259747,1074.795115363557,0.12,0.6166666666666667
2019,23,7,upside_chaser,140.9590297956488,140.9590297956488,247.6083290057117,1246.5002806967905,0.10333333333333333,0.73
2019,23,8,autopilot,-15.0304590419452,-16.914970972780345,146.73000825967165,1130.655798908649,0.06,0.4766666666666667
2019,23,9,balanced,-129.3805269531301,-83.49862573376657,88.90560974292991,1098.0789143491013,0.05333333333333334,0.42
2019,24,0,reacher,-36.262623580592454,-41.523680093373564,137.24299893600192,1154.9455998013436,0.03333333333333333,0.46
2019,24,1,chalk,-29.220100530689578,4.964843618740559,79.18481166906774,1136.1803165747265,0.04666666666666667,0.52
2019,24,2,safe_floor,319.73964220583434,335.4056097073649,362.7212599832363,1375.8804071383586,0.18,0.84
2019,24,3,balanced,28.58940270242841,24.853630419660426,178.75627123178646,1129.905424017134,0.05333333333333334,0.5566666666666666
2019,24,4,balanced,-68.20159977916829,-65.36808706869625,156.7857330994372,1142.2661421135094,0.03666666666666667,0.45666666666666667
2019,24,5,balanced,229.28372437239432,226.44947036475784,263.8982099978184,1305.0858622730714,0.11666666666666667,0.7466666666666667
2019,24,6,autopilot,-32.94995895269609,42.44506359699244,173.8804496740109,1149.173584272956,0.07333333333333333,0.5666666666666667
2019,24,7,balanced,152.30119791566048,185.56245598179135,284.92732716163135,1304.4789612538123,0.15666666666666668,0.6966666666666667
2019,24,8,value_hawk,575.7034628705529,572.8957564784226,399.60993695525997,1358.8740402991202,0.29333333333333333,0.9533333333333334
2019,24,9,upside_chaser,-276.23899965422316,-219.03575104424698,28.503307257927027,1006.2547264280921,0.01,0.20333333333333334
2019,25,0,balanced,144.56800532080584,147.74445088788573,353.5174264752156,1313.7391231218016,0.11333333333333333,0.6933333333333334
2019,25,1,reacher,-42.45339486319668,-14.854967123354605,192.06644787894922,1170.5504740285744,0.07666666666666666,0.52
2019,25,2,safe_floor,250.61238261923964,276.1150149938368,320.00638802958485,1311.5321912519978,0.19333333333333333,0.77
2019,25,3,balanced,99.23537118688466,83.74228032385645,224.23178361132256,1103.4434956246491,0.06333333333333334,0.54
2019,25,4,chalk,134.58577451055731,132.90564719255002,208.54748419073587,1179.5909028204862,0.09,0.6033333333333334
2019,25,5,balanced,-47.99136006652941,-64.90901406547736,124.46317195653957,1197.2669106046633,0.10666666666666667,0.5966666666666667
2019,25,6,upside_chaser,-134.83477025405296,-138.89799463856662,11.879891412640163,1025.5839115394833,0.013333333333333334,0.25666666666666665
2019,25,7,balanced,82.27764723548447,108.48747972962133,231.67114176956193,1188.0160727334169,0.07666666666666666,0.6066666666666667
2019,25,8,autopilot,-6.454264831771738,-21.48116278979669,38.90706236813763,1068.2322821508255,0.06,0.5133333333333333
2019,25,9,value_hawk,536.0391003560472,532.4982867193809,429.25336282344773,1365.4880601495217,0.20666666666666667,0.9
2019,26,0,balanced,134.8390283094328,133.91126089673145,274.44530031641665,1277.1511128329025,0.11,0.68
2019,26,1,balanced,-175.0508666478888,-132.91723807446377,77.28851812118292,1096.0345550458858,0.05333333333333334,0.42
2019,26,2,value_hawk,479.16890346100496,471.8256883505494,359.8687711866221,1306.9427512776201,0.21666666666666667,0.8433333333333334
2019,26,3,autopilot,191.8555706023744,188.89694907950698,235.071479433795,1244.1996225087155,0.11666666666666667,0.7133333333333334
2019,26,4,upside_chaser,-65.23226428224558,-23.012512058625482,187.89350321989235,1140.0964844644,0.04666666666666667,0.39666666666666667
2019,26,5,chalk,36.96686126580589,4.282689097090106,162.642737752475,1201.7690731097532,0.04,0.5066666666666667
2019,26,6,safe_floor,300.85990724789013,280.6821598784644,374.09362112646033,1312.0825994976499,0.17,0.77
2019,26,7,balanced,302.7698087097251,358.75996963752715,372.18191659220867,1368.2598691814685,0.19,0.8866666666666667
2019,26,8,balanced,-40.5292323220628,-40.61600967215133,148.82782336346924,1148.8874646861852,0.03,0.44333333333333336
2019,26,9,reacher,-208.78047162498254,-150.5518397982878,80.69204595059011,1042.7902895044579,0.02666666666666667,0.34
2019,27,0,chalk,153.95816699641344,145.3581259447257,306.07644651767635,1294.1754572159557,0.1,0.6433333333333333
2019,27,1,balanced,229.23256355301217,225.78036963792798,302.1106588836607,1333.2369610411715,0.12,0.6733333333333333
2019,27,2,upside_chaser,64.57635654354094,76.86666197316896,190.28221029438677,1139.859126273329,0.08,0.61
2019,27,3,balanced,-58.235078609926944,-62.934485578333806,124.39053720009747,1167.0615079333677,0.07666666666666666,0.5733333333333334
2019,27,4,safe_floor,349.19526972813765,401.96501405951994,377.5946155461262,1327.5674086649112,0.14333333333333334,0.7466666666666667
2019,27,5,value_hawk,482.9392489602799,482.9392489602799,377.58578939753875,1372.611972971286,0.30666666666666664,0.9266666666666666
2019,27,6,balanced,-25.88118470182985,-42.599528383112755,124.70345321548838,1031.1104382721392,0.03,0.4066666666666667
2019,27,7,reacher,-149.71165534707336,-72.03670162517845,196.88959530572794,1185.6331467742027,0.023333333333333334,0.33
2019,27,8,autopilot,-102.6922538371218,-114.95383060323535,77.87978120711057,1060.517088608896,0.03666666666666667,0.51
2019,27,9,balanced,-82.13355224804047,-48.0226900827538,154.34740507116067,1151.6993666197502,0.08333333333333333,0.58
2019,28,0,value_hawk,506.41542725516484,500.9895303027056,348.2632578579381,1326.6578643597118,0.2,0.86
2019,28,1,safe_floor,375.7647802072275,426.98790771349775,361.1012784431123,1377.4488429461398,0.25333333333333335,0.9
2019,28,2,balanced,79.86684387720312,81.78611644242076,204.30003873628198,1206.612972543112,0.06666666666666667,0.58
2019,28,3,reacher,-240.2738832174418,-246.481304774248,-29.655858260817894,916.556025899421,0.006666666666666667,0.22
2019,28,4,balanced,85.91584669863147,117.1381963727901,252.74731336301875,1223.4480001674683,0.10333333333333333,0.6266666666666667
2019,28,5,balanced,178.12415592483993,178.12415592483993,251.45996674438754,1290.8211984210584,0.09333333333333334,0.7433333333333333
2019,28,6,chalk,108.13651847896648,103.70440327371948,227.4024766044905,1227.239470025203,0.10666666666666667,0.6233333333333333
2019,28,7,upside_chaser,-394.17293752082537,-354.6242382223155,-73.70938615348436,867.6279219970569,0.006666666666666667,0.13666666666666666
2019,28,8,autopilot,315.6114218145394,310.6457427362574,308.3197455767074,1293.796469262629,0.09,0.7633333333333333
2019,28,9,balanced,-20.230955822862228,-20.230955822862228,172.01995694357078,1102.142328044605,0.07333333333333333,0.5466666666666666
2019,29,0,reacher,5.4288598717746925,-6.613744183472271,114.5661945009891,1152.8773030939865,0.056666666666666664,0.52
2019,29,1,safe_floor,395.28577399840447,424.01331704103654,406.25643891807647,1437.311419309074,0.25666666666666665,0.9566666666666667
2019,29,2,upside_chaser,-198.71336167951478,-211.79118594466942,12.284985375235308,898.7770079752207,0.013333333333333334,0.23666666666666666
2019,29,3,chalk,60.33911287013385,69.89836460668297,156.63828370651095,1143.1183346262483,0.05333333333333334,0.4066666666666667
2019,29,4,balanced,30.683359725252494,20.96754092657416,207.6505470824308,1219.8884558912798,0.08333333333333333,0.6166666666666667
2019,29,5,balanced,79.87241251732097,74.06281388728891,203.95904591592068,1221.8850612364852,0.06666666666666667,0.5266666666666666
2019,29,6,value_hawk,579.7895746095481,578.2815318862296,424.29352096278126,1381.7108616829448,0.2733333333333333,0.9366666666666666
2019,29,7,balanced,44.33830531959922,82.75494637929071,205.89068397319954,1189.6178688884818,0.07333333333333333,0.6633333333333333
2019,29,8,autopilot,127.13121474700138,137.71565394491617,264.46469687690575,1244.8450817867558,0.08,0.6966666666666667
2019,29,9,balanced,-92.35159392485824,-92.35159392485824,109.20186516626445,1067.9472543139543,0.043333333333333335,0.44
2019,30,0,upside_chaser,-69.18788289623859,-76.37696103442792,81.19921155212019,1082.949204190331,0.023333333333333334,0.31666666666666665
2019,30,1,reacher,-14.891645417900442,-4.86418163232365,185.39643012219855,1191.065270427104,0.07,0.5033333333333333
2019,30,2,safe_floor,212.41282446538366,269.95069261674905,379.55627368572556,1380.66307318662,0.2,0.8433333333333334
2019,30,3,autopilot,322.61935561171094,315.000209697433,349.9409345527674,1355.3882475058938,0.22,0.94
2019,30,4,balanced,-38.84654999837182,10.076615674436184,171.1908362470245,1113.2859971427426,0.03666666666666667,0.4166666666666667
2019,30,5,balanced,-79.44805363446642,-73.7996390080419,186.15907657765297,1228.1992735464219,0.023333333333333334,0.5
2019,30,6,balanced,-18.183307593032303,-24.510826148634905,176.39659426017892,1206.96048027046,0.04666666666666667,0.5133333333333333
2019,30,7,balanced,80.71069256296931,80.71069256296931,193.2326760296483,1158.2435791366097,0.056666666666666664,0.52
2019,30,8,chalk,10.743322194148819,12.409611271944925,139.17152468678782,1138.9575703560915,0.06,0.56
2019,30,9,value_hawk,506.17915704033055,506.17915704033055,407.76762850539103,1364.5438221024476,0.2633333333333333,0.8866666666666667
2019,31,0,chalk,13.389824815685625,12.672606090091726,182.09108098751113,1198.275949685912,0.09333333333333334,0.5433333333333333
2019,31,1,autopilot,152.33469642449762,152.33469642449762,194.3927666073415,1182.645933391832,0.12333333333333334,0.6933333333333334
2019,31,2,reacher,-133.94719373291474,-75.55376765100196,222.19112117122197,1245.4489670248613,0.11,0.5666666666666667
2019,31,3,balanced,71.70145997183809,134.45072466704318,214.10883790076417,1181.0715769234716,0.11,0.6533333333333333
2019,31,4,upside_chaser,-46.12641167698841,-51.68400792684719,163.0771843654037,1173.3563574911868,0.043333333333333335,0.49
2019,31,5,balanced,-0.5674844220364221,33.65450166788953,173.9045574370664,1189.2250592055914,0.03,0.45
2019,31,6,safe_floor,273.2872600750131,251.30227668618124,335.8466698760958,1204.707125529003,0.18,0.8466666666666667
2019,31,7,balanced,67.08122396572675,48.853501220250976,227.8091784095526,1194.2408331849372,0.04,0.43
2019,31,8,value_hawk,486.2421165606227,493.2399501414742,391.92776610578846,1324.137142581134,0.22333333333333333,0.87
2019,31,9,balanced,23.92950094390891,18.156742627141277,188.17243398245654,1116.3636377479954,0.04666666666666667,0.45666666666666667
2019,32,0,value_hawk,481.0548999902175,479.53526854721156,423.41641842721515,1362.447630067793,0.27,0.92
2019,32,1,balanced,170.5691912348395,165.9266452460595,250.70842199979734,1239.968346918063,0.12666666666666668,0.7633333333333333
2019,32,2,autopilot,126.62341126799332,145.83287179393486,216.33503886198108,1219.1047234163532,0.11,0.6266666666666667
2019,32,3,balanced,25.229551570745883,17.60163541895951,138.57493425550715,1136.5356049223444,0.06666666666666667,0.52
2019,32,4,chalk,-20.416205726385613,-31.21032163590128,97.34064528132195,1135.3142019125194,0.04666666666666667,0.4633333333333333
2019,32,5,upside_chaser,-52.19557452784532,-72.51934695897934,85.0639688291238,1106.5944311651704,0.05,0.49
2019,32,6,reacher,32.73480404744506,32.73480404744506,221.55975527237422,1237.601330315902,0.08333333333333333,0.5666666666666667
2019,32,7,balanced,-46.35974748344993,-8.264416480505709,143.1618268759297,1140.1044301157638,0.03666666666666667,0.37
2019,32,8,safe_floor,83.29946396346989,138.48924171617085,281.67576082485436,1265.1245691010297,0.06333333333333334,0.6333333333333333
2019,32,9,balanced,166.73310795662587,171.27128394956597,318.85799970422863,1277.5258964892498,0.14666666666666667,0.6466666666666666
2019,33,0,balanced,198.08168594694328,196.65985542603917,380.4398887532018,1371.3482888462497,0.14666666666666667,0.7733333333333333
2019,33,1,balanced,60.76027316860298,71.55260011005822,272.47002124633815,1347.795504526052,0.12,0.7733333333333333
2019,33,2,reacher,12.652090154804863,20.035009345001093,130.72543339703793,1102.7275417074436,0.023333333333333334,0.37
2019,33,3,safe_floor,268.4153593036625,297.60159247479146,379.0266400361429,1359.8941505096711,0.20333333333333334,0.8166666666666667
2019,33,4,value_hawk,550.8421808428145,547.8122406297193,388.3196994715714,1362.0070685492992,0.28,0.9066666666666666
2019,33,5,upside_chaser,-176.9332107175621,-190.0124115582769,92.59267411631203,1066.3825732144621,0.0033333333333333335,0.34
2019,33,6,chalk,-112.05287466647962,-93.9564421047447,123.09451194823065,1058.1411981968752,0.043333333333333335,0.5033333333333333
2019,33,7,autopilot,82.48548557198477,82.48548557198477,229.26923291484064,1185.0475803920222,0.07333333333333333,0.5166666666666667
2019,33,8,balanced,78.48132888352093,78.74506365962267,208.60421905626424,1118.2799203713057,0.05,0.5066666666666667
2019,33,9,balanced,4.449934542490208,-4.088085332847527,155.93682071728543,1132.2529226400939,0.056666666666666664,0.49333333333333335
2019,34,0,safe_floor,223.26822101915153,276.2495415950209,296.09111139583,1277.1557337781878,0.12333333333333334,0.79
2019,34,1,balanced,-24.70446206544873,11.99188329864765,229.41371154652364,1201.6094448465537,0.09,0.5233333333333333
2019,34,2,balanced,117.96465304031014,117.96465304031014,272.732828705915,1278.1537564810685,0.04,0.48333333333333334
2019,34,3,chalk,60.09537802656881,118.81150297177885,254.5947869704483,1230.1758245692204,0.07666666666666666,0.5133333333333333
2019,34,4,balanced,0.2655157016114891,-2.451286192436612,199.7834323501095,1228.875444017963,0.11666666666666667,0.6566666666666666
2019,34,5,autopilot,178.10549213546452,164.18753762513842,316.95842083833713,1287.4728918902763,0.13,0.6966666666666667
2019,34,6,value_hawk,470.11889715367704,470.11889715367704,415.3326483691691,1378.8557288984148,0.23333333333333334,0.8766666666666667
2019,34,7,balanced,-14.570660702423947,-11.252386151733376,209.74460616396033,1148.8245195293098,0.14333333333333334,0.8
2019,34,8,upside_chaser,-111.77203664743833,-124.72786550383952,98.69578969072013,1053.1095915231176,0.013333333333333334,0.23333333333333334
2019,34,9,reacher,13.261514531605355,5.642368617327392,154.0310838677829,1123.8482415384651,0.03333333333333333,0.4266666666666667
2019,35,0,balanced,300.93673082202474,301.8831617850474,369.0967178294058,1406.6689264464517,0.18666666666666668,0.9133333333333333
2019,35,1,reacher,-246.6681159767339,-249.7305696186273,63.04022092967794,1088.1965826500614,0.006666666666666667,0.2633333333333333
2019,35,2,value_hawk,534.2886732878949,532.989009619083,375.01450419649547,1279.2907116780054,0.18666666666666668,0.8066666666666666
2019,35,3,chalk,142.50566107957812,129.2688475352597,241.86322113542693,1224.4259711999102,0.08666666666666667,0.6033333333333334
2019,35,4,autopilot,194.46510891149288,192.13373755196363,243.31522573779841,1237.6373027230209,0.12333333333333334,0.7033333333333334
2019,35,5,balanced,122.9066841228987,132.63798158026188,227.30181400816818,1205.784151439347,0.056666666666666664,0.49666666666666665
2019,35,6,balanced,128.3185523241656,127.395492751381,200.7662540247544,1250.0735933736805,0.1,0.62
2019,35,7,safe_floor,211.38919476941555,211.66592790426682,325.87266339116206,1297.0899990088596,0.16333333333333333,0.8033333333333333
2019,35,8,upside_chaser,-160.56873009912263,-160.79385937139767,59.74683404282791,993.3258873839171,0.043333333333333335,0.38333333333333336
2019,35,9,balanced,-45.68567186894103,-46.313668203215414,126.76590345993185,1101.1424252774143,0.04666666666666667,0.4066666666666667
2019,36,0,chalk,126.52433540015662,190.64246486241862,277.7241819629435,1269.0721303404896,0.1,0.6466666666666666
2019,36,1,reacher,-46.19730066963773,-62.50478688822787,132.54182424834897,1169.8597048437766,0.04666666666666667,0.44666666666666666
2019,36,2,balanced,-178.16660977251053,-131.44558944748684,88.45707499230426,1067.0434003133535,0.02,0.31333333333333335
2019,36,3,upside_chaser,-69.00622089188194,-68.74607088965026,156.80293333187302,1146.859645141726,0.04666666666666667,0.3566666666666667
2019,36,4,balanced,20.913106165046184,16.660594014418038,156.7224941516771,1201.9621100745244,0.12666666666666668,0.6133333333333333
2019,36,5,balanced,-145.58435244915762,-19.822101206442127,130.97018382953414,1133.971892014308,0.07,0.59
2019,36,6,balanced,149.86097230840122,215.2651296255043,365.4735897648919,1337.3949574872809,0.11,0.7466666666666667
2019,36,7,safe_floor,303.61050776182583,297.7463475512175,274.8829954622666,1243.4972457809943,0.16333333333333333,0.77
2019,36,8,autopilot,62.73654938736814,56.88709111292263,225.59322939070364,1251.9102042887075,0.11,0.6766666666666666
2019,36,9,value_hawk,509.34722293714515,507.83691416705597,392.4747514891713,1339.9481353817766,0.20666666666666667,0.84
2019,37,0,reacher,-123.62309656073738,-76.41711695938037,145.15279995277984,1114.535059696096,0.07,0.5333333333333333
2019,37,1,balanced,-33.963410128696005,-45.27199699783674,158.6834037459332,1187.9041761993547,0.05,0.48
2019,37,2,value_hawk,540.3803684292925,540.3803684292925,408.05268118393957,1383.7742029833573,0.22333333333333333,0.9
2019,37,3,autopilot,65.13832994449211,62.179708421624696,188.3465276104049,1200.0025604565953,0.04,0.55
2019,37,4,balanced,-48.40410750101542,-65.68896133366866,143.68526061602287,1138.772097245382,0.03,0.32666666666666666
2019,37,5,balanced,131.5146698938379,132.53538713755023,299.5240431307449,1256.78822757348,0.07333333333333333,0.6
2019,37,6,chalk,85.2430004553027,131.75877239587908,240.07217837491896,1189.9179748879317,0.16,0.7466666666666667
2019,37,7,upside_chaser,-252.29646182986593,-195.76203794727434,88.64409178158034,997.8711654101432,0.013333333333333334,0.35333333333333333
2019,37,8,safe_floor,362.8709884521931,414.6935206405153,368.57890641775504,1350.5299992354323,0.22666666666666666,0.85
2019,37,9,balanced,135.99240806539655,126.90368214869163,226.12930230419084,1214.9630923278173,0.11333333333333333,0.66
2019,38,0,value_hawk,499.6135462062542,492.4809761970761,395.1243892361012,1365.2074138503478,0.22666666666666666,0.8666666666666667
2019,38,1,balanced,-101.45420562416655,-77.7546176893249,92.32644764316639,1152.1105185937408,0.03666666666666667,0.49
2019,38,2,balanced,97.53206223906156,143.89522343954272,333.6154356566899,1332.7883866517836,0.13666666666666666,0.63
2019,38,3,balanced,30.84684560432268,74.40268389096197,228.43896722224244,1164.061914956371,0.06666666666666667,0.5566666666666666
2019,38,4,safe_floor,274.35551784434637,268.1308520353433,320.29892785266446,1288.0329753031929,0.17666666666666667,0.7933333333333333
2019,38,5,autopilot,186.37249508082965,221.2457738017846,323.5617073321235,1221.6827973130974,0.15333333333333332,0.7533333333333333
2019,38,6,balanced,-31.265729167285997,-35.77246430746998,116.87081458027528,1126.604306620153,0.05333333333333334,0.47
2019,38,7,upside_chaser,-182.25670597660493,-174.31528817437874,63.30996977163569,1006.6486847361314,0.016666666666666666,0.38
2019,38,8,reacher,-34.43106815069272,58.30555518632257,211.57113390925812,1211.315738691814,0.07333333333333333,0.5266666666666666
2019,38,9,chalk,121.27255201692819,105.65329491825885,229.47532942537123,1204.494837047696,0.06,0.5333333333333333
2019,39,0,upside_chaser,-276.87636876095564,-236.49914544328263,22.942336309077746,1019.684059080553,0.02,0.2633333333333333
2019,39,1,value_hawk,480.30613303137875,478.79582426128957,393.7428559505091,1363.0706883146986,0.23333333333333334,0.8166666666666667
2019,39,2,chalk,-8.80787920550981,-9.797936992780372,183.10637666332974,1139.6057013305865,0.06333333333333334,0.58
2019,39,3,balanced,-10.906716332280926,4.670775198107371,147.96749796869506,1120.3155616022154,0.03666666666666667,0.47
2019,39,4,reacher,-77.67640885952538,-63.67258721860213,163.44932608451353,1176.1850906884692,0.04666666666666667,0.4066666666666667
2019,39,5,autopilot,245.4849387239514,244.56292581502737,292.6524937124629,1206.0082084731878,0.17,0.8266666666666667
2019,39,6,safe_floor,303.2116284211486,341.059764206287,328.80331008700034,1275.4613326092945,0.14333333333333334,0.7966666666666666
2019,39,7,balanced,119.17593673133506,119.95070353930231,339.95386101850227,1365.607831772299,0.17666666666666667,0.7566666666666667
2019,39,8,balanced,106.69914967228819,149.67444425935946,239.79880383466755,1190.1828801086267,0.04,0.6066666666666667
2019,39,9,balanced,22.578383874176772,17.49419552969588,151.41308802194828,1164.3505845383336,0.07,0.4766666666666667
2020,0,0,balanced,23.67822321354039,27.54465824633261,156.45936788795143,1227.3601228769114,0.06666666666666667,0.5966666666666667
2020,0,1,autopilot,-23.636981783749373,-24.53523707054643,196.3484912662223,1245.8517023088166,0.11333333333333333,0.6233333333333333
2020,0,2,balanced,-8.610882175732467,0.24564610282872934,263.82170950780164,1293.9526141888496,0.08666666666666667,0.58
2020,0,3,reacher,-113.04985638136883,-105.09088316017585,134.68093030113192,1153.8655992242889,0.06,0.4866666666666667
2020,0,4,upside_chaser,-363.67181794012555,-298.2855634976286,-2.1425235887777063,1047.6734169047782,0.02,0.3233333333333333
2020,0,5,safe_floor,149.25817900915192,151.28896456266588,239.2013345766618,1276.8621497005686,0.14,0.69
2020,0,6,balanced,72.89449041990838,129.4198851115333,255.61783109100642,1266.138635094548,0.13333333333333333,0.67
2020,0,7,chalk,-17.088000952104487,-3.9498100448288724,173.43497349671583,1208.9436985565626,0.12666666666666668,0.64
2020,0,8,value_hawk,437.78341810808905,424.0858745702578,335.46144883310615,1291.6830126260531,0.18333333333333332,0.8466666666666667
2020,0,9,balanced,-222.6952628810537,-210.1518926789083,14.531184154913774,1070.1341879735148,0.07,0.5433333333333333
2020,1,0,balanced,35.79840501569209,50.60902085557862,201.42690064905833,1217.0880436042612,0.12333333333333334,0.71
2020,1,1,reacher,-88.34279388469152,-81.0624480516838,185.795506392592,1164.8431855940637,0.07333333333333333,0.59
2020,1,2,value_hawk,467.9099440538439,497.27427110195254,384.5677304047783,1401.9344633151443,0.2866666666666667,0.8733333333333333
2020,1,3,safe_floor,219.85177967152757,220.31489789036212,310.7406382255309,1342.7225961676113,0.17333333333333334,0.7966666666666666
2020,1,4,balanced,-127.24101344448678,-85.91839520319003,90.61842109501495,1087.114388138058,0.03666666666666667,0.44333333333333336
2020,1,5,balanced,-66.82017250328983,-86.39257977729196,43.03293837720005,1092.1116115398481,0.043333333333333335,0.44
2020,1,6,balanced,-153.81024363281654,-158.15750867961083,75.24446331955716,1109.254221248035,0.02666666666666667,0.43333333333333335
2020,1,7,upside_chaser,-119.14161376915214,-123.1358584698605,115.21734452353584,1038.8594067759757,0.043333333333333335,0.4766666666666667
2020,1,8,chalk,44.95102570849785,22.911949676515448,201.57541659276677,1195.1522996978667,0.11666666666666667,0.69
2020,1,9,autopilot,-186.48253692730103,-152.16907895459448,65.85021962994146,1157.5022775308023,0.07666666666666666,0.5466666666666666
2020,2,0,balanced,93.92163195911778,83.56818828402962,250.16736521358072,1317.3136076490036,0.13333333333333333,0.7333333333333333
2020,2,1,balanced,-57.92550101980692,-62.548299793873724,151.482832637814,1154.6339483474753,0.05333333333333334,0.48
2020,2,2,reacher,-43.22827655814634,-44.44855491664199,99.91048065169988,1101.3902897446997,0.056666666666666664,0.5533333333333333
2020,2,3,safe_floor,234.68881477373276,297.7889640220516,289.17686937648165,1298.7137735648855,0.17666666666666667,0.7366666666666667
2020,2,4,autopilot,-50.426547715730216,-4.9340384340171966,196.3809025268458,1164.27705607205,0.10333333333333333,0.68
2020,2,5,chalk,-216.1880809149829,-206.9526243684582,39.439108135432434,983.278786503204,0.07333333333333333,0.4266666666666667
2020,2,6,upside_chaser,-88.15300187810433,-20.80894593246672,184.8349352368473,1203.4720512858962,0.056666666666666664,0.5166666666666667
2020,2,7,value_hawk,392.04076521509836,384.8834991734661,275.1142307681315,1241.4040342099868,0.19333333333333333,0.79
2020,2,8,balanced,-94.40437625783545,-54.4692776984103,136.9764811326121,1202.482495525093,0.09333333333333334,0.5866666666666667
2020,2,9,balanced,-182.59701976236218,-188.3781243939521,87.0081045096274,1137.047745003827,0.06,0.49666666666666665
2020,3,0,upside_chaser,-112.51271335628067,-112.51271335628067,103.62540243838771,1168.461967730177,0.08666666666666667,0.56
2020,3,1,balanced,178.70064858259988,171.1403838543196,233.3139553071872,1246.8672433177537,0.15,0.6866666666666666
2020,3,2,value_hawk,449.6994566456381,445.7400053869727,362.4431527767559,1331.6478858939877,0.21,0.8633333333333333
2020,3,3,balanced,33.28791637187077,29.229804292371085,292.4518298400187,1333.611020577559,0.09333333333333334,0.7066666666666667
2020,3,4,safe_floor,111.48428774558984,102.5036441827732,258.04810422431456,1278.1442129088246,0.12333333333333334,0.69
2020,3,5,reacher,-172.2810562318885,-172.2810562318885,43.801989795559415,1084.7126534458287,0.023333333333333334,0.3433333333333333
2020,3,6,autopilot,-129.1240473731653,-134.45936123248063,58.15694367546453,1010.1578656649039,0.09,0.47333333333333333
2020,3,7,balanced,33.28093253539648,24.00137379088531,226.35896956129972,1240.0442965446582,0.07333333333333333,0.56
2020,3,8,chalk,-26.596204590566792,-31.347890788066003,194.44809314527586,1221.4975348486441,0.08,0.5933333333333334
2020,3,9,balanced,-75.17873116180114,-76.27570658217816,54.04001496600015,1102.6664488462534,0.07,0.5233333333333333
2020,4,0,balanced,-60.51841694841168,-67.86464496078122,85.13692934774153,1153.8154224213272,0.07333333333333333,0.5366666666666666
2020,4,1,chalk,226.80118690887454,215.28827173614542,297.7788419251178,1369.16049544448,0.22333333333333333,0.8566666666666667
2020,4,2,balanced,-73.90073559946526,-81.21835563006192,141.22320648177362,1148.4441629622129,0.08333333333333333,0.58
2020,4,3,autopilot,-170.73952461176157,-112.41064166570408,65.06664782475896,1136.1039847517989,0.10333333333333333,0.5566666666666666
2020,4,4,balanced,-12.703140728328115,6.406611461655885,140.48521561733176,1081.701259573017,0.07333333333333333,0.5433333333333333
2020,4,5,balanced,24.330170876341942,23.198025532311497,142.08113823419876,1166.633261876822,0.07666666666666666,0.5133333333333333
2020,4,6,reacher,-141.94575458457254,-126.6332252322915,144.23259995787978,1104.6167277982945,0.03333333333333333,0.4666666666666667
2020,4,7,value_hawk,442.84006939299934,438.9819760730702,347.4900058400679,1293.577098728285,0.20666666666666667,0.8333333333333334
2020,4,8,safe_floor,155.86678248293745,146.88613892012083,296.7608358861593,1280.3564866232666,0.1,0.7666666666666667
2020,4,9,upside_chaser,-209.36010952824415,-214.37655784432428,39.56601567077108,962.6219328254401,0.02666666666666667,0.3466666666666667
2020,5,0,reacher,-66.09304463139009,-26.549723145187393,109.99288338266265,1085.674297369017,0.03,0.41
2020,5,1,chalk,82.49608993184613,70.5167419408561,122.43909702798763,1141.3537983544184,0.12666666666666668,0.6466666666666666
2020,5,2,balanced,-123.11106462695263,-91.64131316961392,145.9008046146355,1202.620271046727,0.05333333333333334,0.5166666666666667
2020,5,3,value_hawk,479.39685767547127,475.5387643555421,359.8714910373069,1368.8022959338773,0.26666666666666666,0.8966666666666666
2020,5,4,balanced,-94.50756521229698,-22.77479886411912,141.238274187516,1177.3403347950377,0.08666666666666667,0.6233333333333333
2020,5,5,balanced,-29.848741672331215,-47.197525499465485,170.98609611240852,1214.7500560303063,0.07,0.5933333333333334
2020,5,6,upside_chaser,-246.45642348735234,-251.6040281765758,46.45374279446729,1113.5901897940837,0.04,0.41333333333333333
2020,5,7,balanced,13.49344728010444,13.49344728010444,136.7204876849608,1153.8203450240094,0.06333333333333334,0.49
2020,5,8,autopilot,74.9306953799952,67.41940905843074,184.7761425499575,1219.037409198359,0.13,0.6933333333333334
2020,5,9,safe_floor,77.28958895856834,88.6315676041999,162.35050795550777,1208.2950893010866,0.13333333333333333,0.7166666666666667
2020,6,0,balanced,-109.42434389794663,-46.53132421064203,158.00367665275863,1219.6764655323013,0.10666666666666667,0.5933333333333334
2020,6,1,chalk,62.09869593967146,62.09869593967146,201.6159643828314,1171.5942252851823,0.13666666666666666,0.6966666666666667
2020,6,2,value_hawk,482.1800612958285,478.3219679758994,333.11895049595336,1298.3693809931267,0.23666666666666666,0.8666666666666667
2020,6,3,autopilot,118.42368203108828,114.97472457246222,258.6886315929539,1251.6195995640846,0.14,0.7566666666666667
2020,6,4,balanced,-102.80925154143344,-107.97641755918553,98.84102819019145,1054.3359614788128,0.03,0.35
2020,6,5,reacher,-110.12503279032856,-65.49206126509813,153.02955642477434,1186.1025814191464,0.056666666666666664,0.45666666666666667
2020,6,6,balanced,-289.6607716751273,-213.75858374537594,46.319032235277334,1003.1786014498985,0.03333333333333333,0.44
2020,6,7,balanced,3.9365247789182067,-7.820138294185426,229.63827691016954,1200.6346317575203,0.07666666666666666,0.6333333333333333
2020,6,8,safe_floor,140.39773948837689,149.27459784950102,319.2917144816201,1341.9351502609295,0.14333333333333334,0.7666666666666667
2020,6,9,upside_chaser,-291.08309576450847,-219.80050309264203,34.474317177764455,1085.5940263990915,0.04,0.44
2020,7,0,balanced,-23.519827816185344,-14.436992962243359,215.12099386724424,1235.3016077733998,0.07333333333333333,0.67
2020,7,1,safe_floor,286.78992656967546,286.39213485471555,239.17911522422096,1259.6739285100648,0.17,0.8133333333333334
2020,7,2,upside_chaser,-315.78544720284793,-252.3375032948234,42.89030597627953,1070.9431256720677,0.02666666666666667,0.2866666666666667
2020,7,3,autopilot,97.04669434572106,90.98485888700733,246.52282260956713,1366.344025139285,0.17,0.7866666666666666
2020,7,4,reacher,-230.13460014122296,-218.01409406033764,16.715229211033808,1105.8880100891329,0.05333333333333334,0.42333333333333334
2020,7,5,balanced,-22.733838866603847,12.273639845756747,195.6427174298484,1153.8171199186374,0.09333333333333334,0.5733333333333334
2020,7,6,chalk,-64.15527075020722,-72.73079718047879,116.28356723457394,1137.6593948142324,0.06666666666666667,0.6
2020,7,7,balanced,-12.336212835707371,23.457644338860412,229.46293748129324,1199.9838527486309,0.07666666666666666,0.5233333333333333
2020,7,8,balanced,-138.75031448847358,-142.05334102964144,133.0627149749648,1190.0699037622844,0.09333333333333334,0.5666666666666667
2020,7,9,value_hawk,451.6950554355099,447.8369621155808,346.1678654657887,1298.5591472165183,0.17666666666666667,0.7566666666666667
2020,8,0,balanced,-89.41713789165881,-90.58533532971987,150.45541597270312,1293.4960789159318,0.09333333333333334,0.6366666666666667
2020,8,1,balanced,-126.96205350255727,-124.1625216187434,121.28899004982861,1131.6668858717399,0.05,0.45666666666666667
2020,8,2,chalk,-234.44525333916238,-178.56991166419198,82.47853897376717,1097.4329446032316,0.05333333333333334,0.45666666666666667
2020,8,3,safe_floor,132.731817448762,125.33995136400074,239.69378214051818,1257.0075059464803,0.13,0.7166666666666667
2020,8,4,reacher,8.823201831892344,3.561166178356224,155.0177435203214,1158.7576973388195,0.07333333333333333,0.5166666666666667
2020,8,5,balanced,134.54645841854824,108.06759428325499,210.32213293699078,1301.5753332265353,0.13666666666666666,0.66
2020,8,6,autopilot,149.06889879022998,132.80183447809037,176.34884063505717,1183.6889904748564,0.15,0.72
2020,8,7,upside_chaser,-72.3706961759333,-77.65959824597282,104.06247492720539,1100.0050381206715,0.056666666666666664,0.45666666666666667
2020,8,8,balanced,108.29707708708015,103.71180730837092,230.8777327138928,1263.5002309030222,0.12,0.6333333333333333
2020,8,9,value_hawk,381.32083902533054,379.08114710611187,295.70757713140995,1213.3128159603273,0.13666666666666666,0.7466666666666667
2020,9,0,chalk,147.28401614250532,129.91304770818405,252.10442905223425,1290.9341101953432,0.11333333333333333,0.6633333333333333
2020,9,1,value_hawk,469.9886907967425,466.13059747681336,342.3009659562875,1366.1688101222014,0.25333333333333335,0.8766666666666667
2020,9,2,balanced,-94.07044266577753,-50.4162563626509,193.62994313115325,1190.2269453531633,0.02666666666666667,0.44333333333333336
2020,9,3,reacher,-201.54396579460993,-155.91319906972493,121.45495289343127,1153.7920662806578,0.03,0.5133333333333333
2020,9,4,balanced,-25.06203857497505,12.540484429843055,169.22999537813723,1204.7576574508653,0.08666666666666667,0.5866666666666667
2020,9,5,safe_floor,139.79744761206078,180.26226332276772,305.74897742170685,1345.6246828252274,0.21333333333333335,0.8966666666666666
2020,9,6,balanced,59.91105898358997,50.96475190223519,132.36488682221727,1173.8957207873034,0.11,0.6466666666666666
2020,9,7,autopilot,19.050356390825115,21.780469579172,147.78541959157457,1167.4290204677325,0.09,0.64
2020,9,8,balanced,-229.60837146477846,-221.4324310932185,53.171184224492634,1060.9926438694588,0.03666666666666667,0.32666666666666666
2020,9,9,upside_chaser,-186.21028047915541,-190.9685310447178,44.664538506311615,1035.4637115417381,0.04,0.4066666666666667
2020,10,0,autopilot,98.30535737706614,97.2106563584973,191.4087692630213,1271.890967053451,0.15333333333333332,0.7866666666666666
2020,10,1,balanced,-152.06572792618795,-155.9845108709822,116.89368206441056,1152.9253815820691,0.043333333333333335,0.45
2020,10,2,upside_chaser,-298.4527677824033,-292.90929975707263,-28.69559595862657,941.0126275477378,0.03333333333333333,0.33
2020,10,3,balanced,115.31795371524383,110.87533590613197,258.9978609564076,1269.6529507774114,0.14,0.7266666666666667
2020,10,4,reacher,-52.631911970139534,-74.66250622787352,100.03761563532572,1110.1058291904517,0.06,0.49333333333333335
2020,10,5,chalk,47.04503732409029,42.31467134736828,156.1300346875616,1183.9966120623524,0.10333333333333333,0.65
2020,10,6,safe_floor,233.52138679699365,233.93198415438826,254.74584350173498,1282.257313446327,0.18666666666666668,0.79
2020,10,7,balanced,45.87200711156224,51.26453837037031,294.4414201022551,1291.2227593257069,0.11666666666666667,0.66
2020,10,8,balanced,-53.724053026015625,-46.364255531421,121.02072387225573,1147.8922830374936,0.056666666666666664,0.44
2020,10,9,value_hawk,368.08886009472286,360.2171891114422,280.57840455837635,1206.8272475849794,0.10666666666666667,0.6733333333333333
2020,11,0,value_hawk,489.30299305218927,485.34354179352385,383.52440222287436,1404.0290353865523,0.30333333333333334,0.9133333333333333
2020,11,1,balanced,-10.993122345657085,40.91601457687144,129.13758020333353,1166.6350244826178,0.09333333333333334,0.72
2020,11,2,reacher,-92.27431241110573,-94.37374074911523,148.90409514732792,1102.6842907405737,0.03333333333333333,0.36
2020,11,3,safe_floor,132.06781747047393,174.40193085817512,267.17780589319796,1263.5386877074968,0.12333333333333334,0.7466666666666667
2020,11,4,autopilot,22.851383383580668,30.641294000737986,172.95934439908245,1240.2840957664446,0.10333333333333333,0.6333333333333333
2020,11,5,balanced,-124.41867382724898,-125.64408232114903,36.500699247245414,1044.9711396914986,0.05,0.44666666666666666
2020,11,6,upside_chaser,-387.4263149009627,-388.41650386935015,-71.97074006143137,1012.6517636368142,0.043333333333333335,0.35
2020,11,7,balanced,138.99742290859254,135.6101322514252,259.8423023296857,1308.1854728068051,0.11,0.6366666666666667
2020,11,8,balanced,109.18193585890606,107.35997623434893,229.57428776649368,1215.8190534507535,0.08,0.6833333333333333
2020,11,9,chalk,-84.26601510866078,-89.60132896797612,75.80575656877218,1112.1560310237703,0.06,0.51
2020,12,0,safe_floor,121.55606849500775,152.3991678105942,292.316420981348,1361.8394375471216,0.18333333333333332,0.83
2020,12,1,reacher,-225.8989821731143,-231.72896001559633,60.174371833023656,1058.6413305850601,0.04,0.36666666666666664
2020,12,2,chalk,35.214712043928905,34.11773662355188,142.3233216844925,1165.414708866639,0.09666666666666666,0.5866666666666667
2020,12,3,autopilot,175.68672172697214,175.68672172697214,278.122411637463,1279.6365184813842,0.17333333333333334,0.7833333333333333
2020,12,4,balanced,-198.7870658576962,-147.60022442501224,83.351028236164,1097.2522761361058,0.023333333333333334,0.4033333333333333
2020,12,5,balanced,4.8031133773308134,-3.658638155388637,107.2452606634372,1116.5300606445273,0.06666666666666667,0.4666666666666667
2020,12,6,upside_chaser,-159.37143991400038,-162.95453658266587,35.36184561504965,1087.920856685008,0.05333333333333334,0.52
2020,12,7,balanced,33.74186001994023,33.74186001994023,184.70445691656695,1167.2884899879464,0.09333333333333334,0.6833333333333333
2020,12,8,value_hawk,466.39258486211935,462.43313360345394,342.56402297059145,1292.338678321877,0.23,0.8766666666666667
2020,12,9,balanced,-224.85666104366075,-221.9866297003606,48.37110313967406,1019.1120952508427,0.04,0.48333333333333334
2020,13,0,balanced,9.869058320880562,-25.0415943687742,91.43076416070502,1086.7190793467146,0.04,0.48
2020,13,1,autopilot,73.50900709471604,132.30032958462115,285.7857457103346,1342.8595272987723,0.17333333333333334,0.7766666666666666
2020,13,2,balanced,67.78274052915702,67.78274052915702,250.30962148539834,1278.313234159266,0.11333333333333333,0.6233333333333333
2020,13,3,value_hawk,441.5744689979787,432.9816643171967,324.20096863235773,1283.58413398228,0.21333333333333335,0.88
2020,13,4,balanced,-168.59847781446888,-184.60621820530952,53.186939703895526,1099.5047732810376,0.03,0.5233333333333333
2020,13,5,safe_floor,227.82078540153879,239.4384719296532,223.36652517767135,1262.8022932165002,0.21333333333333335,0.84
2020,13,6,balanced,-254.06446767443967,-197.99539913073454,40.86366687321684,1065.546419436427,0.03666666666666667,0.3566666666666667
2020,13,7,chalk,-27.605933698638836,-44.369944719494555,74.94891032059303,1131.3022841131617,0.08,0.5266666666666666
2020,13,8,upside_chaser,-147.89663400885772,-142.6375918440494,130.64804092937888,1132.1989728339163,0.05,0.54
2020,13,9,reacher,-212.27334583720892,-165.63047167489484,65.69777900682364,1116.5824952963706,0.05,0.4533333333333333
2020,14,0,safe_floor,199.39722042771038,246.85685320561427,277.1147011254959,1260.8290205015398,0.13333333333333333,0.77
2020,14,1,balanced,-39.330731797840244,18.48179213194326,216.4987178718318,1276.47145970353,0.12333333333333334,0.64
2020,14,2,balanced,-0.5463434191654777,-11.260990929662931,157.50606926481473,1180.9722034896172,0.07,0.5866666666666667
2020,14,3,upside_chaser,-75.69028689956048,-79.86731315487532,101.61792922880225,1143.6269923697114,0.06666666666666667,0.5333333333333333
2020,14,4,reacher,-290.279461609972,-290.27842790843886,-38.178246540827196,1013.5082639859768,0.043333333333333335,0.36
2020,14,5,autopilot,-27.619767456386835,-40.6960908677539,98.2079868670831,1153.5570523022075,0.11333333333333333,0.5433333333333333
2020,14,6,value_hawk,459.74342324630146,456.33565642622244,340.69424865987844,1288.1425651107618,0.22,0.9066666666666666
2020,14,7,balanced,2.221440685623335,-0.15163393991375074,162.20969671934023,1142.7171462699982,0.043333333333333335,0.4666666666666667
2020,14,8,chalk,70.43695189824459,103.26591370433687,229.77923577148294,1300.2474053051158,0.11666666666666667,0.6966666666666667
2020,14,9,balanced,-88.31902939964704,-97.91936928215807,74.78231704869265,1020.2717077403638,0.07,0.49666666666666665
2020,15,0,reacher,-49.628953678304256,-71.56812631703896,43.62857840223405,1024.6131450894893,0.03333333333333333,0.3466666666666667
2020,15,1,balanced,-118.59913747096772,-128.89969989372483,86.01081403817338,1104.6060666086867,0.05333333333333334,0.4866666666666667
2020,15,2,balanced,-138.0533702435223,-138.0533702435223,102.57016804419746,1193.1797015452212,0.07333333333333333,0.5466666666666666
2020,15,3,chalk,-8.002939849553528,43.32417931885202,167.7196640435771,1197.0369305473632,0.09333333333333334,0.6266666666666667
2020,15,4,balanced,-51.37751409628812,55.50241816024474,272.969062318419,1313.487884704651,0.10666666666666667,0.6333333333333333
2020,15,5,value_hawk,438.7757641336873,434.91767081375815,316.13331362337124,1243.4368168536903,0.21333333333333335,0.8366666666666667
2020,15,6,upside_chaser,-63.72692782065222,-77.68645902966645,164.45977965536292,1137.763520570766,0.06333333333333334,0.54
2020,15,7,autopilot,-86.51455559066491,-90.26653932180898,128.35998078213706,1195.903213283529,0.07666666666666666,0.58
2020,15,8,balanced,-97.82123892459312,24.474120518944446,204.31730420850897,1200.9371208376867,0.11666666666666667,0.6533333333333333
2020,15,9,safe_floor,164.04178080165116,196.64541268884827,262.3031784258535,1294.0377445175218,0.17,0.75
2020,16,0,balanced,-88.11038360148363,-96.667260835384,129.97796602610367,1174.4848485559612,0.06666666666666667,0.5766666666666667
2020,16,1,balanced,-110.57307382615807,-110.57307382615807,83.26220173925141,1143.5150553959272,0.05333333333333334,0.49
2020,16,2,balanced,73.38507382937301,73.38507382937301,177.31456421828165,1206.7218109115968,0.12666666666666668,0.7333333333333333
2020,16,3,balanced,312.5133401184738,294.25365126344093,272.4759063083785,1328.51759605255,0.19333333333333333,0.8166666666666667
2020,16,4,chalk,97.8232570431372,83.94912457987562,211.89285235419834,1234.1956470219043,0.18,0.7533333333333333
2020,16,5,safe_floor,-67.05128802418176,5.2421815346575755,152.85659861898904,1211.4183329820526,0.12,0.56
2020,16,6,value_hawk,411.2058426127333,391.1979241966161,348.3611459667101,1296.9368231003048,0.12,0.7266666666666667
2020,16,7,autopilot,19.618803703361742,-7.838033400246218,186.04617178768177,1191.575309377234,0.08666666666666667,0.6166666666666667
2020,16,8,upside_chaser,-238.09094021695537,-242.15773741861307,43.48107677027936,1039.97799484566,0.01,0.24333333333333335
2020,16,9,reacher,-210.07979909886575,-176.2487113487815,46.9730314883212,1105.7339110453545,0.043333333333333335,0.48333333333333334
2020,17,0,reacher,-10.393909408897471,-15.838709420428849,186.92115373423567,1190.7319881794836,0.10666666666666667,0.5666666666666667
2020,17,1,balanced,-148.94780451114903,-107.87019947091369,176.5485469205083,1255.1157415697755,0.08666666666666667,0.6066666666666667
2020,17,2,balanced,-72.30436435762071,-73.90883590875438,101.25198046889027,1136.9751671744868,0.04,0.4533333333333333
2020,17,3,balanced,111.7423671958067,111.7423671958067,231.54487125558458,1245.0210898502858,0.11666666666666667,0.7166666666666667
2020,17,4,safe_floor,304.6510241009137,302.53701032943803,294.83133577730484,1315.1243074409656,0.21666666666666667,0.8566666666666667
2020,17,5,chalk,-136.61859761319133,-136.61859761319133,156.32714279787345,1179.6141485416754,0.03666666666666667,0.46
2020,17,6,balanced,78.08032546610067,61.46826846610403,236.54917099207475,1262.2700026819339,0.09333333333333334,0.65
2020,17,7,value_hawk,455.127430139522,451.26933681959287,328.6011761060276,1280.6589665432837,0.23666666666666666,0.8533333333333334
2020,17,8,upside_chaser,-208.10757818750577,-209.1573028993576,94.27911485395883,1002.9403837748528,0.04666666666666667,0.44333333333333336
2020,17,9,autopilot,-181.10445573171208,-187.46028727242881,9.676225229318995,1048.1952152999809,0.02,0.3933333333333333
2020,18,0,balanced,-194.0474576256083,-195.920021162452,3.77136841821536,1052.9351747456053,0.03,0.39666666666666667
2020,18,1,reacher,-150.91292335426405,-161.1611960060912,106.13054127358785,1157.7939269327946,0.05333333333333334,0.42
2020,18,2,autopilot,31.050344441796923,21.751961894102443,181.2341661149416,1262.1665148521986,0.10333333333333333,0.6433333333333333
2020,18,3,balanced,11.285775079438007,23.435502040367062,174.57691026234946,1198.589464713519,0.08333333333333333,0.5266666666666666
2020,18,4,upside_chaser,-328.52515134655795,-325.75975870641446,-86.22065156925893,944.5318717338502,0.02,0.28
2020,18,5,balanced,-36.79144635954882,-41.424980755185366,189.02303620614748,1203.196625277499,0.06,0.6033333333333334
2020,18,6,chalk,138.84688891781917,133.20934166369665,270.55575245269364,1238.2906208083596,0.13666666666666666,0.7633333333333333
2020,18,7,balanced,-6.053649547191462,60.89407384930022,187.26495779483122,1220.6163167489194,0.13666666666666666,0.7033333333333334
2020,18,8,value_hawk,429.67981910196323,427.44012718274456,330.05422452817095,1271.0993020476915,0.19333333333333333,0.82
2020,18,9,safe_floor,302.7000688987069,337.9930078575408,302.57345898313986,1349.361498694939,0.18333333333333332,0.8433333333333334
2020,19,0,safe_floor,266.32730394135643,266.32730394135643,303.88555593597664,1353.413229543389,0.20666666666666667,0.85
2020,19,1,balanced,-177.37008804903175,-108.03982914708637,124.85198546846829,1133.5926710524172,0.05333333333333334,0.4266666666666667
2020,19,2,balanced,-93.8242596898276,-93.8242596898276,142.8554661963389,1169.2124954554042,0.06,0.49666666666666665
2020,19,3,autopilot,17.20542367299828,73.71873291142282,246.4039718407134,1161.1046077003896,0.17666666666666667,0.74
2020,19,4,balanced,-100.40758894980911,-57.28575891760438,158.0068387019815,1201.1607721878559,0.06666666666666667,0.5566666666666666
2020,19,5,balanced,240.7070417855943,235.97420116502303,246.25662436406188,1282.7897478764523,0.11666666666666667,0.8166666666666667
2020,19,6,reacher,-151.41859536157892,-109.4773000354376,134.78611325996638,1096.800437199487,0.04666666666666667,0.5466666666666666
2020,19,7,chalk,-87.6032289494847,-100.27247192145387,94.29207268509575,1141.644117806368,0.09333333333333334,0.46
2020,19,8,value_hawk,385.25964375453395,379.6264100965258,306.07632161786285,1221.5293291911544,0.14333333333333334,0.7633333333333333
2020,19,9,upside_chaser,-326.3406506484406,-295.97452731960556,-38.86619875099939,1033.4805542385234,0.03666666666666667,0.3433333333333333
2020,20,0,balanced,5.614836057119568,17.254217832395895,229.31947498316,1280.1756234872378,0.05,0.5433333333333333
2020,20,1,balanced,-73.81085826699982,-17.297549028575283,188.07026323830894,1215.9649006658667,0.06,0.5566666666666666
2020,20,2,autopilot,59.419230266506375,49.43013121722091,225.01058937639806,1231.910188762265,0.11666666666666667,0.7233333333333334
2020,20,3,chalk,-64.55960553856582,-27.968024527382823,182.46399838869434,1165.688748360774,0.056666666666666664,0.5666666666666667
2020,20,4,balanced,-79.9337230257978,-79.9337230257978,117.98453288432712,1158.8121403408686,0.05333333333333334,0.49666666666666665
2020,20,5,reacher,-238.82497209355617,-221.85115217055233,19.30513938700787,1047.760544477162,0.03333333333333333,0.31333333333333335
2020,20,6,balanced,32.21376832609805,21.75309053284164,170.5587260979485,1250.3580027067471,0.11,0.6833333333333333
2020,20,7,upside_chaser,-33.60477186057419,-41.22508998358455,212.13173576254678,1233.6057558711861,0.07666666666666666,0.55
2020,20,8,safe_floor,179.1296638986986,179.1296638986986,294.0015003283348,1298.1103527742669,0.22333333333333333,0.81
2020,20,9,value_hawk,434.9136152941458,430.9541640354804,340.3973536933171,1281.8159112861458,0.22,0.7566666666666667
2020,21,0,reacher,-125.62129249920224,-138.05403070206145,10.886124531716021,1028.5916912906625,0.02,0.38333333333333336
2020,21,1,balanced,-76.43119703966593,-79.67982951754898,151.61479127827243,1172.199168736445,0.06666666666666667,0.5933333333333334
2020,21,2,value_hawk,507.10511048747844,487.99790895524006,364.2969322170857,1336.2296062574778,0.2866666666666667,0.8533333333333334
2020,21,3,balanced,-23.066315494095605,-27.5983511622727,184.29418222828764,1232.1305237966403,0.05,0.6066666666666667
2020,21,4,autopilot,171.5849907067551,168.07680511935544,245.95657150824852,1310.208327238556,0.14333333333333334,0.69
2020,21,5,balanced,-106.3187317238583,-86.67222770200163,114.95360943213117,1133.3025326191532,0.06333333333333334,0.5233333333333333
2020,21,6,chalk,-125.12703021601874,-130.62417459985986,147.03854109736585,1192.9062944647928,0.06666666666666667,0.54
2020,21,7,safe_floor,255.5784513372308,293.0560333401536,317.84617290481333,1325.9988113679342,0.18,0.7866666666666666
2020,21,8,balanced,-97.24484504902118,-104.43099986122724,70.95239889369293,1146.5527842673725,0.08333333333333333,0.59
2020,21,9,upside_chaser,5.733201379337844,-10.251796177035025,184.937341218776,1158.4662625310134,0.04,0.43333333333333335
2020,22,0,balanced,165.1630698036579,169.02718906936818,204.10102381648596,1317.7109190903898,0.15666666666666668,0.79
2020,22,1,upside_chaser,-254.1779731620302,-219.42458745062495,88.78426220730772,1063.345190123742,0.03333333333333333,0.38
2020,22,2,balanced,96.48214239951302,95.46110460015603,267.1320278857079,1310.3622623257388,0.11,0.69
2020,22,3,autopilot,35.00099914082527,41.783518283427235,123.9296301896625,1168.7532813539542,0.12333333333333334,0.6866666666666666
2020,22,4,chalk,-273.0691604477691,-257.99849965911125,-24.919069125112372,962.7908841955414,0.013333333333333334,0.23333333333333334
2020,22,5,balanced,-60.62103717424965,-63.47794606389766,148.25080800925255,1154.283085538587,0.09,0.71
2020,22,6,value_hawk,468.36430341496026,468.36430341496026,357.67229528482267,1332.4962856549182,0.21333333333333335,0.9166666666666666
2020,22,7,safe_floor,203.92872929625065,200.32803401970983,290.80744181722844,1274.1650780229172,0.13,0.7
2020,22,8,balanced,93.36412298009881,120.87161126319596,193.1024192100472,1230.2857605004187,0.11333333333333333,0.6333333333333333
2020,22,9,reacher,-297.3685414851252,-303.0703588251604,-66.69881861025175,988.0476359970532,0.016666666666666666,0.26
2020,23,0,balanced,0.5432256807326334,-3.8040393660616587,213.1627347322418,1206.2798056256795,0.06666666666666667,0.5033333333333333
2020,23,1,chalk,88.57745694375775,91.955327899146,244.00638212074034,1323.3273239052269,0.12666666666666668,0.6333333333333333
2020,23,2,balanced,82.71623762011141,84.67906437686541,200.0851064529154,1250.3251640747885,0.1,0.7
2020,23,3,value_hawk,451.18974647909585,451.18974647909585,359.4223583396901,1329.0344446544752,0.23333333333333334,0.91
2020,23,4,reacher,-133.4108816776435,-148.98146219657912,19.529609917993426,1039.3310476976887,0.04,0.3333333333333333
2020,23,5,balanced,-90.00929918808741,-44.09073399299036,197.2949147710043,1229.1317123780336,0.09666666666666666,0.6166666666666667
2020,23,6,safe_floor,49.20210350443665,40.77614882543885,216.67362362117865,1224.3095660138847,0.12333333333333334,0.6833333333333333
2020,23,7,upside_chaser,-167.92226193723545,-128.51202733379554,132.2038907443758,1123.1598336373045,0.056666666666666664,0.47
2020,23,8,autopilot,-31.243313506523577,-39.34543424994237,156.76091603895742,1121.7570678020513,0.11333333333333333,0.6866666666666666
2020,23,9,balanced,-122.45894871283228,-81.92528482927241,96.79299071033361,1129.270399132256,0.043333333333333335,0.4633333333333333
2020,24,0,reacher,-58.37649935204709,-76.85284374450649,150.7668559255735,1195.5968064743129,0.04666666666666667,0.4866666666666667
2020,24,1,chalk,-105.8048386787606,-115.73494526812763,110.06489701871344,1095.4030948701156,0.13,0.63
2020,24,2,safe_floor,235.75573818395415,235.75573818395415,325.008659141105,1351.8576129918551,0.12333333333333334,0.79
2020,24,3,balanced,40.974580889346136,39.38258932314067,210.55925616279004,1214.0407616618304,0.13,0.6533333333333333
2020,24,4,balanced,-59.037239500294476,11.897583017174625,117.66871925512761,1161.3800038224583,0.07,0.5766666666666667
2020,24,5,balanced,-166.32355502656634,-95.02830087878979,162.1713978765459,1186.8232012097753,0.07333333333333333,0.5033333333333333
2020,24,6,autopilot,-86.95424154894968,-81.47076873356906,88.7092328422774,1033.8487382678509,0.02666666666666667,0.30333333333333334
2020,24,7,balanced,7.542165735640214,15.856070972941069,251.2611367417176,1231.58797163191,0.10666666666666667,0.63
2020,24,8,value_hawk,444.8371769008959,444.8371769008959,331.5967657411728,1286.167854634735,0.21,0.81
2020,24,9,upside_chaser,-226.2340649707603,-166.35113266645288,106.64187039953002,1187.4138258677967,0.08333333333333333,0.6166666666666667
2020,25,0,balanced,-142.17765711027997,-143.2723581288488,73.08505626900259,1149.2736041387482,0.08,0.5866666666666667
2020,25,1,reacher,-108.21265191825148,-113.17977583058314,104.07949526029509,1099.2277690251494,0.07,0.43333333333333335
2020,25,2,safe_floor,320.6805155947436,320.6805155947436,330.50627264405534,1357.3975592904035,0.17333333333333334,0.82
2020,25,3,balanced,-160.32329030520694,-178.78979887747965,90.96477648477278,1110.7612025165697,0.05,0.37666666666666665
2020,25,4,chalk,78.59312870051731,96.32656991349558,252.68093209257555,1259.749630462171,0.11666666666666667,0.6566666666666666
2020,25,5,balanced,-55.283674043959806,-64.9104841422879,157.9650919861803,1143.8088177343043,0.04666666666666667,0.48333333333333334
2020,25,6,upside_chaser,-104.90003115847838,-69.60449714905234,123.72354968800653,1157.2404793846767,0.06666666666666667,0.5433333333333333
2020,25,7,balanced,-135.08019299094292,-135.08019299094292,149.40943934330957,1161.872823375875,0.05,0.49
2020,25,8,autopilot,156.8206723308575,151.5700974353322,267.39497316090177,1328.6223373378411,0.18666666666666668,0.8366666666666667
2020,25,9,value_hawk,408.2660278887715,404.40793456884234,314.0745680976905,1244.6874728493306,0.16,0.7733333333333333
2020,26,0,balanced,-17.727218050411388,-24.101165839584617,126.35366142815644,1165.8196122617978,0.07,0.61
2020,26,1,balanced,227.60619109485998,217.32750597043426,289.04680706396334,1352.0939007254385,0.18333333333333332,0.8133333333333334
2020,26,2,value_hawk,474.35221228469436,474.35221228469436,338.29182249278483,1311.2074234948498,0.25333333333333335,0.8666666666666667
2020,26,3,autopilot,96.8198285649118,83.02003379566099,226.54160284621088,1232.313562068691,0.10333333333333333,0.69
2020,26,4,upside_chaser,-295.1476197546352,-307.9037617589546,-64.181663339468,962.5733351128487,0.016666666666666666,0.31
2020,26,5,chalk,-49.74439897517433,-56.84456582497983,165.15267396998308,1198.7387860779916,0.07666666666666666,0.5133333333333333
2020,26,6,safe_floor,24.98364050913795,14.100510367875508,233.66705112014938,1284.109329159121,0.09,0.67
2020,26,7,balanced,29.42257122185578,27.43205150913115,185.11407380684741,1255.6564219702714,0.10666666666666667,0.6866666666666666
2020,26,8,balanced,-116.57857177901712,-7.094327612599997,143.43101574277892,1120.5188850129177,0.07666666666666666,0.5466666666666666
2020,26,9,reacher,-194.70442413623147,-180.16256153849855,66.60875324965835,1039.6946574588935,0.023333333333333334,0.29333333333333333
2020,27,0,chalk,111.91613895376179,125.19166968045477,235.4336757440804,1316.290666519711,0.16,0.7466666666666667
2020,27,1,balanced,-119.54421980706987,-105.36772940051563,79.62414858498563,1053.7041144691432,0.03,0.33666666666666667
2020,27,2,upside_chaser,-325.4940819598876,-288.2457649274925,-24.262608608138287,903.2201169786066,0.016666666666666666,0.33
2020,27,3,balanced,-87.89820082868962,-45.65712928596207,109.14777969414979,1173.2776527713563,0.08666666666666667,0.6433333333333333
2020,27,4,safe_floor,180.29238376584635,179.5347836851799,285.64443578431644,1290.848155725415,0.15666666666666668,0.7966666666666666
2020,27,5,value_hawk,482.9256368094689,479.0675434895398,368.5222618659286,1318.420171560453,0.23666666666666666,0.8933333333333333
2020,27,6,balanced,-69.26400330929532,-58.09036741889734,162.83842916134319,1178.012486262291,0.05333333333333334,0.5566666666666666
2020,27,7,reacher,-115.09432121064916,-68.13190761359203,87.81489017446575,1121.1501538535465,0.03,0.4533333333333333
2020,27,8,autopilot,-156.63788548632428,-144.2823349178785,65.34511716286464,1070.8019262254638,0.06333333333333334,0.49
2020,27,9,balanced,151.5760621483002,139.2523693425528,280.7761882228574,1333.7899373449557,0.16666666666666666,0.7533333333333333
2020,28,0,value_hawk,430.00857262011465,420.41588770344106,358.8696225433735,1359.1527584496591,0.24666666666666667,0.87
2020,28,1,safe_floor,224.3340948910062,215.35345132818958,263.77810119595944,1301.9391588524206,0.15666666666666668,0.7633333333333333
2020,28,2,balanced,-197.66438147502006,-172.25305908009645,27.81329102959058,1063.4084053359904,0.05333333333333334,0.47
2020,28,3,reacher,-35.10659531477638,-27.587501754063233,156.48867313149586,1109.6115403860465,0.056666666666666664,0.53
2020,28,4,balanced,-106.81165468166245,-53.08081657392502,157.03211358559318,1149.4346793981622,0.06,0.56
2020,28,5,balanced,-64.30363999264029,-88.50535600767623,170.9357188353831,1245.142436892284,0.08333333333333333,0.5533333333333333
2020,28,6,chalk,68.11736165322232,62.63174154368666,197.6282437582652,1189.060948274991,0.08666666666666667,0.5866666666666667
2020,28,7,upside_chaser,-171.06994856342675,-180.64170919311232,22.68743832054404,1003.9784066959785,0.07,0.43666666666666665
2020,28,8,autopilot,-110.95850376915347,-120.13191860166498,69.35453584586864,1079.7379826039396,0.07333333333333333,0.48333333333333334
2020,28,9,balanced,102.6011542885511,160.0662605150066,224.79297467466856,1241.8968914430407,0.11333333333333333,0.7466666666666667
2020,29,0,reacher,-261.6430118585175,-261.6430118585175,-15.911106515000156,1029.057098550848,0.03,0.36
2020,29,1,safe_floor,260.46834566765835,253.32582690475704,298.2214811454494,1325.959145217797,0.22666666666666666,0.87
2020,29,2,upside_chaser,-88.04438569529421,-88.04438569529421,110.16547595726438,981.8769920916883,0.06,0.5333333333333333
2020,29,3,chalk,-98.07082355395136,-52.25447889654554,177.2032512568913,1190.4102769546164,0.07666666666666666,0.61
2020,29,4,balanced,-59.32868594073621,-68.03275783849,131.28934761309424,1171.7180671995625,0.07,0.5633333333333334
2020,29,5,balanced,-57.814413166086226,-65.28630343796569,175.6891360294493,1228.1870437731477,0.08333333333333333,0.6
2020,29,6,value_hawk,496.06193477067205,476.9547332384337,369.4756836743803,1318.5191918076348,0.21,0.8633333333333333
2020,29,7,balanced,-155.35471799241301,-178.90142487637337,88.01142465416771,1109.241089190694,0.03666666666666667,0.37
2020,29,8,autopilot,172.05883062057754,199.91131257751644,220.7574551268953,1250.3232387721619,0.14666666666666667,0.7366666666666667
2020,29,9,balanced,-18.939943907030383,-27.06973824527583,194.80319073655562,1222.079399747939,0.06,0.49333333333333335
2020,30,0,upside_chaser,-96.39391943626694,-85.16251102921746,113.31965713757234,1105.1963736072007,0.023333333333333334,0.3466666666666667
2020,30,1,reacher,-92.92799818359984,-110.73896616072474,75.46214752782541,1085.059024112341,0.03,0.37
2020,30,2,safe_floor,238.78235022884306,236.09349948369268,218.74048261533906,1337.7625168282436,0.21333333333333335,0.87
2020,30,3,autopilot,-41.698936587676414,-32.844154801061876,180.34634424611448,1218.8262885951656,0.13666666666666666,0.6633333333333333
2020,30,4,balanced,-94.2390325521764,-98.30582975383408,80.7984882183775,1124.9948044077275,0.06,0.4266666666666667
2020,30,5,balanced,-142.55119036869826,-64.49649065687953,131.1199699351947,1183.5426196672227,0.09666666666666666,0.59
2020,30,6,balanced,-92.19461301747967,-32.76826069890616,170.09617912063567,1227.3406864514932,0.12333333333333334,0.62
2020,30,7,balanced,-48.19621555086269,3.6612495723128404,188.5433843702362,1176.2389842761033,0.07333333333333333,0.5866666666666667
2020,30,8,chalk,92.89402978611328,81.10285246322137,176.14650134835753,1162.4532093435619,0.07333333333333333,0.6566666666666666
2020,30,9,value_hawk,447.18562228354085,452.3165579336327,343.36066421700724,1281.7168910389637,0.17,0.87
2020,31,0,chalk,53.43239953965613,53.43239953965613,193.56348548510888,1208.75928047749,0.10666666666666667,0.6266666666666667
2020,31,1,autopilot,54.02791950610886,39.60656489692973,193.78889492838806,1249.2026849475371,0.12333333333333334,0.6866666666666666
2020,31,2,reacher,-155.40358522814032,-160.03711962377687,88.80825425839862,1129.2636236174178,0.04,0.43333333333333335
2020,31,3,balanced,158.79718242961798,146.0147995845214,251.86328552531052,1311.240039227549,0.11666666666666667,0.86
2020,31,4,upside_chaser,-307.93779826330535,-313.9987399627227,-61.18507959777475,952.644975537872,0.0033333333333333335,0.13333333333333333
2020,31,5,balanced,9.253690713450798,17.754314904954164,186.4856480097897,1198.4018421957032,0.07666666666666666,0.5466666666666666
2020,31,6,safe_floor,186.4659464805261,197.89693352317335,267.37695053615977,1236.0952726165465,0.13666666666666666,0.69
2020,31,7,balanced,-95.858200961699,-97.8321670361052,96.58405712974837,1143.5035213422295,0.08666666666666667,0.56
2020,31,8,value_hawk,463.70394413396485,460.29617731388583,344.65476954754183,1293.243154642356,0.25666666666666665,0.91
2020,31,9,balanced,-60.97608105920786,-59.03452961559865,109.54715981178896,1140.5011962812068,0.05333333333333334,0.5533333333333333
2020,32,0,value_hawk,484.9630304236107,484.9630304236107,392.26750626164306,1396.8690891040821,0.25666666666666665,0.8933333333333333
2020,32,1,balanced,-136.66341329502046,-80.22036486474977,127.43706794623375,1158.4957071766773,0.03,0.45666666666666667
2020,32,2,autopilot,83.86492187019518,81.01873300472226,120.18790298061205,1155.0846295076813,0.11333333333333333,0.6533333333333333
2020,32,3,balanced,-145.11490734541434,-138.32971512384435,90.84404751238749,1104.3041731985882,0.03666666666666667,0.49666666666666665
2020,32,4,chalk,-38.14427476976138,-51.79415414969972,174.1345346119403,1217.1955985738769,0.09,0.56
2020,32,5,upside_chaser,-189.57820987347952,-189.57820987347952,91.70281248763565,1102.9301783214878,0.023333333333333334,0.39
2020,32,6,reacher,49.60500834049557,43.831484722184754,187.32482859956076,1228.9202443538586,0.10333333333333333,0.6566666666666666
2020,32,7,balanced,-98.94050899720179,-98.94050899720179,123.271658450004,1154.9307354014547,0.08333333333333333,0.5666666666666667
2020,32,8,safe_floor,323.8055296539551,357.7222668745087,309.2413872761164,1316.1058657946962,0.20666666666666667,0.8533333333333334
2020,32,9,balanced,-106.13197695950241,-121.3536054985544,132.99320186336928,1150.6419080573219,0.056666666666666664,0.47333333333333333
2020,33,0,balanced,-61.01652408858949,-15.410227883086797,165.62446326539182,1203.7045644706875,0.07666666666666666,0.5233333333333333
2020,33,1,balanced,56.5353641232466,56.5353641232466,243.64608966211924,1274.5682096217254,0.09666666666666666,0.58
2020,33,2,reacher,-205.6507386107346,-205.6507386107346,45.20469163976096,1060.656850097972,0.04666666666666667,0.4
2020,33,3,safe_floor,214.03459206052582,212.90360671197587,331.71857933042213,1362.30346360279,0.16,0.8233333333333334
2020,33,4,value_hawk,433.603016722583,463.9327713312974,330.1955880561423,1290.0142537709896,0.20333333333333334,0.84
2020,33,5,upside_chaser,-258.66459409260983,-259.65478306099726,-15.877781501542607,1101.9519136372046,0.05,0.41333333333333333
2020,33,6,chalk,304.71301012037924,295.62723885242553,269.43389982360725,1270.0542541766192,0.20666666666666667,0.85
2020,33,7,autopilot,9.99664239535335,1.8945216519345536,168.11143536342297,1190.0732703619556,0.08333333333333333,0.6533333333333333
2020,33,8,balanced,-145.04892186180626,-93.16566200360303,94.57594145536792,1091.2432742317415,0.02666666666666667,0.5
2020,33,9,balanced,-78.98739799577965,-90.45372925795894,117.54223987054493,1174.952323947496,0.05,0.4166666666666667
2020,34,0,safe_floor,129.39506408056133,110.49712981762407,224.61985414908625,1293.193757084297,0.16666666666666666,0.76
2020,34,1,balanced,-35.062969144151516,19.067137976592434,201.69270548556597,1262.708909352373,0.12,0.6466666666666666
2020,34,2,balanced,-2.486074392781422,-23.690920166491203,180.33987001355732,1199.8273802194676,0.05,0.5
2020,34,3,chalk,-87.85277819468399,-93.32139288401424,96.11533648928942,1122.8707702250153,0.06333333333333334,0.4666666666666667
2020,34,4,balanced,134.19769610875557,128.30789727766455,288.601266623347,1307.6937441775217,0.06666666666666667,0.6333333333333333
2020,34,5,autopilot,1.0388193692593557,-10.752357953632554,121.32122066936245,1150.5294999493906,0.06,0.5333333333333333
2020,34,6,value_hawk,435.88444516114424,432.0263518412151,320.1840299426682,1291.8587877730984,0.2633333333333333,0.86
2020,34,7,balanced,-26.056724007853973,-48.89112794452391,202.47797799087428,1248.9203163718344,0.09,0.6666666666666666
2020,34,8,upside_chaser,-169.44927140630006,-184.14665515990436,85.8438082974197,1072.3804011370116,0.016666666666666666,0.31
2020,34,9,reacher,-55.916564033493835,-56.66687811708341,118.60758697946139,1154.1370032814832,0.10333333333333333,0.6233333333333333
2020,35,0,balanced,198.22549261461418,181.7085441132456,281.6977319864943,1336.5750279524068,0.14333333333333334,0.7166666666666667
2020,35,1,reacher,-164.432349149387,-178.5979946207565,49.040183135913495,1092.4695611787774,0.043333333333333335,0.47333333333333333
2020,35,2,value_hawk,439.69227234206926,414.95183715182264,349.65498025136395,1297.040660853381,0.20666666666666667,0.85
2020,35,3,chalk,16.350991558368662,7.772865787440672,205.8970761921491,1232.663777530396,0.10666666666666667,0.64
2020,35,4,autopilot,75.66223773098464,74.441959372489,264.9002782483812,1310.2181348499576,0.15,0.7233333333333334
2020,35,5,balanced,-85.68893693914757,-22.424646091771514,159.34179537070565,1192.3968707415393,0.1,0.5733333333333334
2020,35,6,balanced,-139.89875868089473,-96.77692864868999,124.54245946521553,1165.0352956552967,0.07666666666666666,0.5233333333333333
2020,35,7,safe_floor,-36.4644363828444,70.07007304713298,167.23180564494743,1160.2239917798768,0.06666666666666667,0.5233333333333333
2020,35,8,upside_chaser,-85.78727460195162,-90.29808497165912,147.397116225309,1094.7368136438572,0.04,0.37666666666666665
2020,35,9,balanced,43.04371119221405,42.58530366302989,163.86863491925743,1152.683151644234,0.06666666666666667,0.6
2020,36,0,chalk,-25.55799683675212,-45.98778639838091,138.1130204006788,1236.4114119083483,0.10333333333333333,0.64
2020,36,1,reacher,-149.0146717945331,-158.28270032809317,69.00078047505968,1113.1246492179025,0.07,0.48333333333333334
2020,36,2,balanced,-65.32627595906993,-6.644747142707665,185.7290425732316,1210.5500833854396,0.09,0.58
2020,36,3,upside_chaser,-275.49963628357176,-284.15828061053344,-12.562284827181763,1008.5981101307466,0.02,0.25
2020,36,4,balanced,12.04397662137063,22.377798345392648,261.1909157290003,1253.8156832027655,0.08333333333333333,0.6333333333333333
2020,36,5,balanced,14.783212933677987,59.9168514364537,229.2655207709659,1257.768972114116,0.12333333333333334,0.6766666666666666
2020,36,6,balanced,87.41454857846169,83.92266641628379,265.3511614322981,1304.000864533353,0.08666666666666667,0.6433333333333333
2020,36,7,safe_floor,181.82420612468243,175.18523126964598,273.7510957267647,1270.5389919588606,0.14333333333333334,0.76
2020,36,8,autopilot,-54.603591491628926,-49.58246225742193,135.30243219727768,1156.1077673879897,0.05333333333333334,0.45666666666666667
2020,36,9,value_hawk,464.2869130437837,464.2869130437837,344.41780241092124,1296.920398685367,0.22666666666666666,0.8766666666666667
2020,37,0,reacher,-158.14935601109167,-145.30267228352466,11.628845080559621,974.1995030764251,0.016666666666666666,0.22
2020,37,1,balanced,-112.38658848104458,-10.13670909258633,156.30227954020611,1195.5983192914507,0.09,0.67
2020,37,2,value_hawk,452.13634876774233,452.13634876774233,335.973640674603,1298.946887680785,0.26666666666666666,0.87
2020,37,3,autopilot,45.846068945091154,28.353798870852692,188.59132955919074,1283.1530643570302,0.12,0.7966666666666666
2020,37,4,balanced,-1.330265045379782,-4.779222504005837,150.2478387992767,1198.2564972823502,0.04666666666666667,0.5566666666666666
2020,37,5,balanced,-59.398759517496295,-60.40326101258706,205.34690019923565,1209.393282952829,0.08333333333333333,0.5966666666666667
2020,37,6,chalk,24.03068500795325,10.983244243478936,126.46902426118515,1125.6483279549889,0.07666666666666666,0.5433333333333333
2020,37,7,upside_chaser,-167.69136555779028,-153.90280171182917,84.22787716312678,1038.684850530914,0.03333333333333333,0.4166666666666667
2020,37,8,safe_floor,160.0831202904171,153.8409482674094,312.24783825009604,1302.8319338691012,0.17333333333333334,0.7666666666666667
2020,37,9,balanced,-3.9007190822990605,-10.280073078679095,118.36511820970873,1180.5739957918834,0.09333333333333334,0.5633333333333334
2020,38,0,value_hawk,493.11530281287406,474.0081012806357,365.3675809096216,1390.7649250107293,0.24666666666666667,0.85
2020,38,1,balanced,-84.19640709332589,-25.159911008678492,175.36020153584852,1243.7614160228018,0.09333333333333334,0.6566666666666666
2020,38,2,balanced,-160.4722555833793,-77.28878978676318,140.67647975855556,1161.2101585916905,0.03333333333333333,0.44
2020,38,3,balanced,2.6311606653788786,2.6311606653788786,174.79499166055894,1205.0085166224562,0.10666666666666667,0.5933333333333334
2020,38,4,safe_floor,173.67057844666144,171.50497054802335,334.44679548151925,1341.892098548274,0.15666666666666668,0.7266666666666667
2020,38,5,autopilot,187.11959890462927,173.43060779187348,234.2645833606043,1259.0646754310549,0.15,0.75
2020,38,6,balanced,-174.62957172832657,-131.20269564613204,108.92191668363812,1035.6021024529998,0.056666666666666664,0.55
2020,38,7,upside_chaser,-168.47131038636036,-168.47131038636036,-23.87354849028513,953.2838972189056,0.013333333333333334,0.30666666666666664
2020,38,8,reacher,-168.1741276869622,-135.6849562228612,41.17474121706636,1074.6012211216714,0.03666666666666667,0.4666666666666667
2020,38,9,chalk,89.23561484263286,76.58128389618774,192.06856199386291,1225.3130787845653,0.10666666666666667,0.66
2020,39,0,upside_chaser,-154.0843533634905,-98.73345672736019,106.9209626736137,1101.0745151524216,0.05333333333333334,0.4166666666666667
2020,39,1,value_hawk,434.26505040193285,434.26505040193285,315.69582627211634,1277.6421336912892,0.21,0.86
2020,39,2,chalk,-53.00568942739054,-57.59806553640168,125.93297429403091,1242.4727985411246,0.11666666666666667,0.72
2020,39,3,balanced,-182.6646251980732,-151.4067021492567,37.53656916890428,1082.6400428387185,0.03333333333333333,0.4533333333333333
2020,39,4,reacher,-141.842133907351,-141.842133907351,56.80622293343983,1047.1328258603287,0.03333333333333333,0.43
2020,39,5,autopilot,142.37649070290723,133.60434948662933,227.72140857549175,1264.0247095735626,0.2,0.8633333333333333
2020,39,6,safe_floor,197.6504485565095,197.6504485565095,264.0287312395501,1270.2841465900287,0.12333333333333334,0.7866666666666666
2020,39,7,balanced,-98.95561402516053,-71.36575373566012,172.80651572193563,1214.8502614030313,0.12,0.6433333333333333
2020,39,8,balanced,35.10833686430427,35.10833686430427,179.0993477227833,1068.9300488434724,0.023333333333333334,0.30666666666666664
2020,39,9,balanced,45.75559536605642,44.6945397433185,241.7119295496873,1241.0126859886866,0.08666666666666667,0.52
2021,0,0,balanced,127.1311776008692,127.1311776008692,298.1500852650667,1321.886817234289,0.10333333333333333,0.7533333333333333
2021,0,1,autopilot,141.90996905202255,138.70726764903753,249.1623638651964,1281.5125140248135,0.14,0.7033333333333334
2021,0,2,balanced,56.76961717497701,63.60015378253631,209.5588850271792,1221.6168139517674,0.07,0.61
2021,0,3,reacher,-122.90942921024356,-82.88786311912031,109.82016123363175,1133.9161822869573,0.02666666666666667,0.37666666666666665
2021,0,4,upside_chaser,-256.773701789582,-187.7114123952637,51.150916604007854,1055.9646439740523,0.023333333333333334,0.2733333333333333
2021,0,5,safe_floor,241.76777097733836,240.42340620071235,285.4764860465136,1341.4301604111404,0.13,0.7533333333333333
2021,0,6,balanced,-215.80846040488225,-228.75025627380236,-12.882254436440924,991.6030985301202,0.016666666666666666,0.25666666666666665
2021,0,7,chalk,29.304870375938467,28.808645462292354,215.6916156267386,1271.1672905585185,0.12333333333333334,0.7
2021,0,8,value_hawk,535.3507536154142,533.1128550835884,363.3116335887291,1344.8587661342385,0.2833333333333333,0.9233333333333333
2021,0,9,balanced,-67.15633135062392,-19.43685126838362,153.4929514129446,1151.9885809125801,0.08333333333333333,0.65
2021,1,0,balanced,-8.860260396275379,46.285040459014425,261.52344833949724,1305.3932171020583,0.06333333333333334,0.5433333333333333
2021,1,1,reacher,-192.313561270219,-181.1571975564348,33.05515304568115,1078.8922301790888,0.03666666666666667,0.36333333333333334
2021,1,2,value_hawk,555.8152943233454,548.4058382421703,337.382357637974,1321.7577970422128,0.24333333333333335,0.8933333333333333
2021,1,3,safe_floor,-1.3903067165755942,63.69267896787191,158.2413795058725,1236.4392111878774,0.09333333333333334,0.6133333333333333
2021,1,4,balanced,-162.92479883654372,-124.19131442488364,168.9177651067977,1248.007358739763,0.07,0.6433333333333333
2021,1,5,balanced,141.90548807653596,141.90548807653596,276.122731986488,1332.9695464851086,0.13333333333333333,0.7766666666666666
2021,1,6,balanced,116.92939473316777,117.55399818489174,269.5429124353138,1288.5359163558085,0.15333333333333332,0.7566666666666667
2021,1,7,upside_chaser,-338.28404297861783,-341.4916626812139,-116.4178644304803,871.2818898788607,0.0033333333333333335,0.056666666666666664
2021,1,8,chalk,62.694628641406084,139.6838278648654,228.14324288727897,1197.039604386315,0.09333333333333334,0.61
2021,1,9,autopilot,88.90029749016234,155.23470450613817,255.75488629174117,1316.744654314135,0.11,0.7433333333333333
2021,2,0,balanced,93.45378087804134,88.251426859978,205.40088676325468,1228.8538388211086,0.13,0.7466666666666667
2021,2,1,balanced,28.949174225545075,6.256491565823744,217.1294904812043,1249.4983500411688,0.11,0.6366666666666667
2021,2,2,reacher,-94.98705132688299,-40.398590397208366,165.14146428744897,1203.8908701565115,0.056666666666666664,0.56
2021,2,3,safe_floor,103.26538353887635,103.26538353887635,307.155194846666,1357.567764269458,0.15333333333333332,0.81
2021,2,4,autopilot,26.17713294221614,30.777579429038198,153.2891573659367,1174.4225258092024,0.02666666666666667,0.49666666666666665
2021,2,5,chalk,4.554302016629774,-0.4592068623214658,207.43415480066312,1221.4705075703673,0.1,0.5466666666666666
2021,2,6,upside_chaser,-214.8891191715005,-230.99234232033683,30.544585906425972,1067.6925233567654,0.016666666666666666,0.33
2021,2,7,value_hawk,559.0189121827527,552.7866463674968,331.1241243885398,1306.8646435588998,0.26666666666666666,0.9266666666666666
2021,2,8,balanced,65.36922571089836,55.884057137060225,223.23799456578706,1294.9058971604663,0.08,0.5766666666666667
2021,2,9,balanced,-268.664537685778,-181.35570926365924,67.04998481599935,1113.9945895911967,0.06,0.37
2021,3,0,upside_chaser,-168.0205724430631,-124.35701118523681,166.080075481869,1159.0068449800851,0.05,0.38666666666666666
2021,3,1,balanced,-105.36832120652318,0.8454412797334214,207.40480166642715,1238.549952184359,0.056666666666666664,0.5133333333333333
2021,3,2,value_hawk,538.8389185796129,528.4139735812057,334.59417327430316,1318.1214674723506,0.20666666666666667,0.9
2021,3,3,balanced,90.2365862963866,146.3772594680481,262.07283297174405,1239.8114292033183,0.11,0.6333333333333333
2021,3,4,safe_floor,91.6165043071662,129.14325990470957,300.50564300511775,1357.7441910060054,0.20666666666666667,0.8
2021,3,5,reacher,-74.80528760652489,-76.98903776612138,137.3609665400473,1143.0274394302078,0.023333333333333334,0.36666666666666664
2021,3,6,autopilot,-61.49424806109229,-24.966104269561335,98.43882649507509,1189.47439189435,0.09,0.6233333333333333
2021,3,7,balanced,-114.10146929064291,-115.3063114514003,90.00372881340887,1170.2476961348025,0.03666666666666667,0.4633333333333333
2021,3,8,chalk,97.61293869565615,86.69269323676122,250.0468050659941,1306.693111020781,0.13666666666666666,0.7066666666666667
2021,3,9,balanced,-49.88786486447384,-59.32480381835311,139.12192011300635,1177.3182750879807,0.08333333333333333,0.6066666666666667
2021,4,0,balanced,-213.95824809834377,-184.9193649802585,68.53705066796383,1075.6515356567756,0.006666666666666667,0.27666666666666667
2021,4,1,chalk,86.3088780729203,141.07489338681268,319.443326005659,1355.7488936530171,0.11,0.7366666666666667
2021,4,2,balanced,-22.327859646487543,-16.960717511013698,156.4141673423676,1170.2017249254925,0.07333333333333333,0.56
2021,4,3,autopilot,146.08131834249446,149.41737406715993,283.72325330652137,1302.3588070446085,0.13,0.7666666666666667
2021,4,4,balanced,-172.85217795160955,-79.01168629888393,187.1604871792057,1255.3196712060148,0.07,0.6666666666666666
2021,4,5,balanced,22.140977134787928,18.992282435414047,191.59949028545464,1207.7183910605575,0.10666666666666667,0.6266666666666667
2021,4,6,reacher,-96.32702755229006,-97.86190739628607,74.80345702677712,1094.6396325408957,0.04,0.4066666666666667
2021,4,7,value_hawk,585.112552504962,578.3061611468914,377.54790117159195,1371.101809076403,0.31,0.93
2021,4,8,safe_floor,282.3098796570342,280.55660459469107,295.78682362602444,1369.9968724608877,0.14666666666666667,0.82
2021,4,9,upside_chaser,-349.1536131413548,-340.55783075977894,-48.252698560405975,969.0913977556323,0.006666666666666667,0.21
2021,5,0,reacher,-104.93805378227283,-92.25264699690543,152.88264375299508,1157.6515779425133,0.08333333333333333,0.55
2021,5,1,chalk,16.297219318956984,13.570266569052698,138.49134098481437,1172.3881988905055,0.06333333333333334,0.49
2021,5,2,balanced,9.569086777986128,-2.981529722805213,210.3986715180719,1230.6290062732255,0.07,0.52
2021,5,3,value_hawk,533.4520121704933,533.4520121704933,358.3216258709522,1335.7884491876798,0.2633333333333333,0.9166666666666666
2021,5,4,balanced,-143.85616489126215,-46.37532042893421,168.7800700869446,1215.6833362466118,0.11666666666666667,0.6266666666666667
2021,5,5,balanced,-89.38879704751179,-54.39903314482787,150.7713925470361,1212.0928861004932,0.08,0.55
2021,5,6,upside_chaser,-67.26736206571769,-76.02591868739981,164.95666751796128,1202.1467694360103,0.04,0.42333333333333334
2021,5,7,balanced,59.86107655040418,36.96116999224709,224.03233197931604,1243.6004965041848,0.10333333333333333,0.6266666666666667
2021,5,8,autopilot,79.3129970055608,88.89976200472132,197.45845080854446,1218.8288741825734,0.07333333333333333,0.6333333333333333
2021,5,9,safe_floor,-0.9202636124772141,48.06279726919385,225.49945149118412,1296.6617729828422,0.10666666666666667,0.6633333333333333
2021,6,0,balanced,-92.79030268654459,-84.28604689276258,124.76839379698187,1247.09003675524,0.11333333333333333,0.6566666666666666
2021,6,1,chalk,-20.063334293167188,-23.114977409619776,200.75200312689452,1251.3362717031282,0.06666666666666667,0.6066666666666667
2021,6,2,value_hawk,553.6467955685406,537.8265918394793,351.637708741761,1319.7673938783441,0.24666666666666667,0.95
2021,6,3,autopilot,191.96522946525533,195.85279797194826,244.63412016835898,1293.9299077112719,0.11666666666666667,0.73
2021,6,4,balanced,-164.11609456338647,-115.32052711700571,42.98703843824266,1061.0421177293128,0.043333333333333335,0.27666666666666667
2021,6,5,reacher,-266.15605002603877,-230.45961852896104,58.02689329319082,1070.981675572062,0.023333333333333334,0.3433333333333333
2021,6,6,balanced,35.140200841908204,33.27728646542273,226.54215191986168,1216.9408100611834,0.10333333333333333,0.6366666666666667
2021,6,7,balanced,162.80156328755686,155.7087951374006,276.03870503377317,1294.9107910956877,0.13333333333333333,0.73
2021,6,8,safe_floor,151.35197212133878,143.23620714994175,251.10896073663693,1277.4162446252926,0.12666666666666668,0.69
2021,6,9,upside_chaser,-189.00185174690668,-181.0900041403832,82.22048498168749,1110.6519131112345,0.02666666666666667,0.38
2021,7,0,balanced,18.714001725603122,17.173227939653728,166.78775993061282,1169.8339203289038,0.09,0.6633333333333333
2021,7,1,safe_floor,86.50087523107328,79.82919083614567,194.33099462599534,1257.5218722495295,0.11,0.7233333333333334
2021,7,2,upside_chaser,-293.43187243106195,-298.55638780570155,-12.606680627874262,1069.833204100152,0.02,0.33666666666666667
2021,7,3,autopilot,68.1559359038278,76.27629206162766,156.4047746589651,1185.508734014019,0.08666666666666667,0.6233333333333333
2021,7,4,reacher,-91.3874320373782,-51.600009143288666,239.12333685034545,1264.9191731846627,0.06,0.4866666666666667
2021,7,5,balanced,-127.80939861700057,-135.32445496540663,56.95230579115135,1126.9026597470029,0.03,0.4
2021,7,6,chalk,152.37516023020865,161.63815074698306,222.03484262275816,1241.6783188981535,0.11333333333333333,0.6533333333333333
2021,7,7,balanced,-92.85697314266275,-89.24299435724963,90.56018396814038,1184.3990517769764,0.07666666666666666,0.49666666666666665
2021,7,8,balanced,0.044249647619921006,62.076159510549275,225.31706991701657,1266.715087181123,0.1,0.68
2021,7,9,value_hawk,534.7328551767766,534.7328551767766,321.4947493491669,1297.4970207739088,0.31333333333333335,0.9366666666666666
2021,8,0,balanced,171.70070405381733,161.42522732917325,267.0253378928985,1310.3141928610194,0.11666666666666667,0.75
2021,8,1,balanced,-34.40061254812019,-3.6797189632653655,178.90980619953564,1169.1793972757146,0.05,0.49333333333333335
2021,8,2,chalk,36.54495864795007,28.4790180761619,231.24439536553604,1309.979560332436,0.11333333333333333,0.6766666666666666
2021,8,3,safe_floor,144.5128174355302,144.5128174355302,262.57021444839256,1286.4370769779914,0.12333333333333334,0.7766666666666666
2021,8,4,reacher,-180.82345382754278,-154.82374643207447,50.487870029963794,1057.5241682650735,0.01,0.23666666666666666
2021,8,5,balanced,-12.667176320334768,-14.614232870926884,186.4689032207912,1250.8584462933147,0.12333333333333334,0.61
2021,8,6,autopilot,-234.6865292359354,-227.2798417217628,-34.293910722143806,974.9253128164712,0.016666666666666666,0.27
2021,8,7,upside_chaser,-32.287286617289496,-32.287286617289496,103.2388185154615,1143.6237074311446,0.05333333333333334,0.5633333333333334
2021,8,8,balanced,109.65609761906947,106.48756613508587,205.47410394090969,1304.5419596686668,0.13666666666666666,0.7166666666666667
2021,8,9,value_hawk,553.4549948345164,550.093149298401,356.97899352900924,1330.0849807985687,0.25666666666666665,0.9066666666666666
2021,9,0,chalk,153.9490911395025,141.6025367919351,296.15035389458524,1308.7858243699538,0.08,0.6966666666666667
2021,9,1,value_hawk,587.4399928408995,582.930787814106,381.58056205607755,1361.994710018045,0.27666666666666667,0.9133333333333333
2021,9,2,balanced,-2.0484200598068476,-27.313382575322358,88.05424588781325,1079.7436740191529,0.043333333333333335,0.42333333333333334
2021,9,3,reacher,-13.419562827618371,-13.419562827618371,173.34720108760686,1194.6831626966982,0.10333333333333333,0.6233333333333333
2021,9,4,balanced,167.57598690050656,140.5932097586673,236.61779160121966,1307.7660521711239,0.11333333333333333,0.7933333333333333
2021,9,5,safe_floor,38.566840738215795,89.89152921201708,228.18836435075823,1239.3943583430498,0.10333333333333333,0.6633333333333333
2021,9,6,balanced,101.1837843847087,101.1837843847087,178.14421062130975,1228.379942156217,0.10333333333333333,0.7566666666666667
2021,9,7,autopilot,68.60190882108813,66.27616394654204,241.39126803317936,1312.6026453115974,0.15,0.67
2021,9,8,balanced,-279.8936435240422,-232.02521950440803,-32.96286358448093,942.5267757747012,0.0033333333333333335,0.18333333333333332
2021,9,9,upside_chaser,-165.76386111416448,-178.32340929252166,77.15677533769257,1107.041980461443,0.023333333333333334,0.27666666666666667
2021,10,0,autopilot,60.30658119053449,71.57782789321325,159.2849797299347,1226.2507489296613,0.09,0.5633333333333334
2021,10,1,balanced,-63.27509729341187,-29.36289961299181,142.9148834266952,1194.1982910907172,0.08,0.6266666666666667
2021,10,2,upside_chaser,60.509100319729896,55.35886887139098,239.84752007267906,1285.7924374617119,0.07666666666666666,0.6866666666666666
2021,10,3,balanced,-146.66440994670938,-94.76775058629795,88.11944101311327,1127.3842124809375,0.04,0.37666666666666665
2021,10,4,reacher,90.44714941353887,102.1045186916725,214.71813072827655,1235.601772050299,0.10333333333333333,0.67
2021,10,5,chalk,14.180272470184812,14.662559997447097,125.24288799967394,1149.3226194882036,0.08333333333333333,0.49
2021,10,6,safe_floor,128.22711908127022,114.77960295743394,217.9451869512245,1288.6088352220909,0.12666666666666668,0.7466666666666667
2021,10,7,balanced,-8.610904824087859,-16.486482979368027,169.98832248008569,1198.9338381062978,0.08,0.6166666666666667
2021,10,8,balanced,-325.5690509643319,-282.1209752384224,32.27180113813283,1072.8806188506599,0.013333333333333334,0.3
2021,10,9,value_hawk,540.0487006752039,540.7670032611591,340.5433078196581,1332.093608794084,0.30666666666666664,0.9233333333333333
2021,11,0,value_hawk,552.1749701035968,552.1749701035968,340.89482051005206,1336.3869327096863,0.33666666666666667,0.94
2021,11,1,balanced,168.20808805145998,165.77153167600076,278.89094506821766,1310.7944922341908,0.12666666666666668,0.66
2021,11,2,reacher,21.803354752915926,3.9896502827148552,182.1403811341898,1233.1963963704295,0.056666666666666664,0.5566666666666666
2021,11,3,safe_floor,291.06297650533884,319.90576162244474,311.57678918018854,1316.6821502767982,0.17333333333333334,0.8233333333333334
2021,11,4,autopilot,-74.93352868505802,-42.362492699342205,130.00286260449548,1183.1785713929098,0.056666666666666664,0.5766666666666667
2021,11,5,balanced,17.69526077163505,10.369075260590236,220.08384761586296,1228.0812745140927,0.05,0.5366666666666666
2021,11,6,upside_chaser,-339.6720359181623,-281.05033867706777,-18.49083671907006,1043.8723369953143,0.03333333333333333,0.36333333333333334
2021,11,7,balanced,-108.61939665546193,-117.69176817341227,109.70384383951492,1140.2849261748368,0.04666666666666667,0.5366666666666666
2021,11,8,balanced,-160.74705406843952,-150.76645547354147,28.04954322251274,1020.5862070318337,0.006666666666666667,0.26666666666666666
2021,11,9,chalk,99.08467009594405,97.45135882624365,271.3328907382827,1310.454856841281,0.11333333333333333,0.74
2021,12,0,safe_floor,79.60457538065273,75.95125407700132,254.48521344132186,1284.6409823463102,0.13,0.6466666666666666
2021,12,1,reacher,-331.809930311236,-341.0097785810388,-92.3985767860703,978.641972274732,0.01,0.22
2021,12,2,chalk,-74.51845404669234,-21.29070935456201,149.78349749594602,1210.366762773804,0.08333333333333333,0.5333333333333333
2021,12,3,autopilot,-92.57760834454753,-81.04089323537741,126.46034730056982,1195.5909845137953,0.04,0.4533333333333333
2021,12,4,balanced,197.69632115813738,195.9731234823284,283.78501301123845,1317.6913002469382,0.13333333333333333,0.7733333333333333
2021,12,5,balanced,141.69205773449224,138.48935633150722,258.25092435997936,1267.0477181576537,0.1,0.6733333333333333
2021,12,6,upside_chaser,-44.312298907178494,-35.85736380805957,176.1270043107271,1271.829344654122,0.09666666666666666,0.6533333333333333
2021,12,7,balanced,-20.0682494295695,-8.588640369458119,199.43964957122924,1222.974589440441,0.04,0.44333333333333336
2021,12,8,value_hawk,529.1798983162543,511.7706870609243,344.8961500085172,1318.0358154086973,0.20666666666666667,0.8266666666666667
2021,12,9,balanced,174.55216977447012,172.8656421181328,313.59631347880446,1292.9513162705166,0.16,0.7766666666666666
2021,13,0,balanced,15.41919795315033,103.71736811528092,215.8635898004049,1201.6432681158071,0.11,0.6433333333333333
2021,13,1,autopilot,-111.38635860092049,-111.38635860092049,97.35298376946822,1169.6904686169926,0.06,0.5033333333333333
2021,13,2,balanced,-48.852739219982304,-19.416586652806693,205.75081845200043,1277.8088842151287,0.09,0.59
2021,13,3,value_hawk,578.3781518833857,573.2279204350468,368.878925212623,1360.5000816581485,0.31,0.9233333333333333
2021,13,4,balanced,114.52632134571084,111.15094280650989,197.81882300641274,1264.5475099654036,0.11,0.7
2021,13,5,safe_floor,147.7290336074194,170.16506568772263,258.18034915689043,1338.352614760312,0.14666666666666667,0.6833333333333333
2021,13,6,balanced,-3.2727102061080533,-8.501508452194393,110.54443748008657,1126.5450060338208,0.043333333333333335,0.48333333333333334
2021,13,7,chalk,13.263415209829859,41.222919165349964,259.3339069658528,1273.1589912048453,0.07333333333333333,0.6233333333333333
2021,13,8,upside_chaser,-144.6029960430582,-159.97850010587783,65.46919283023736,1118.041727684614,0.03,0.33
2021,13,9,reacher,-225.26329479710998,-183.783767132485,113.23479427580493,1207.3828085364723,0.02666666666666667,0.52
2021,14,0,safe_floor,198.18305145281184,189.08126789835484,282.6253650814048,1257.7499964611347,0.18,0.7566666666666667
2021,14,1,balanced,23.056184940316744,17.955844989764678,231.22435746582227,1278.7712397436615,0.08333333333333333,0.62
2021,14,2,balanced,16.95148282497359,69.93152881489476,254.4311722307533,1226.7100895913106,0.08,0.66
2021,14,3,upside_chaser,-192.28888721386474,-191.5765822875791,39.37330178238808,1056.7595803546078,0.016666666666666666,0.27666666666666667
2021,14,4,reacher,-276.17416112972404,-276.17416112972404,-18.43807427672374,1004.834867890086,0.01,0.20333333333333334
2021,14,5,autopilot,72.74385137776966,72.74385137776966,211.38705834361969,1255.4046172777794,0.12333333333333334,0.6966666666666667
2021,14,6,value_hawk,525.50402082233,520.9948157955364,364.09092160859774,1368.8038154126211,0.25,0.8966666666666666
2021,14,7,balanced,93.5548656112597,91.54864159064937,215.1795311984656,1245.7551616869034,0.1,0.6766666666666666
2021,14,8,chalk,33.219453880894676,27.480409433211136,157.45693194586755,1202.7207865154833,0.11,0.6066666666666667
2021,14,9,balanced,1.4240343096762533,-13.09879852262901,203.61183661026348,1242.4632481955766,0.04666666666666667,0.6066666666666667
2021,15,0,reacher,-171.18743713951446,-162.58637082272864,14.326284815455494,1111.5266650367892,0.03666666666666667,0.4166666666666667
2021,15,1,balanced,-122.39375032160325,-132.43589472638848,109.56325150883296,1153.3901792902723,0.07666666666666666,0.47333333333333333
2021,15,2,balanced,-186.26013587696187,-180.1169462362043,51.87963156029101,1112.2154186208647,0.04,0.5266666666666666
2021,15,3,chalk,-94.54542402442038,-101.50099697600889,139.008140952754,1178.6772054787752,0.06666666666666667,0.48
2021,15,4,balanced,137.3904178405358,173.57076948349322,305.2470749181091,1298.6380518010594,0.10333333333333333,0.71
2021,15,5,value_hawk,582.9873648021463,571.6763660998786,358.4765140338882,1345.784162333911,0.33666666666666667,0.93
2021,15,6,upside_chaser,-37.45440506513094,-32.12854803031602,223.716361679786,1202.968037791684,0.023333333333333334,0.52
2021,15,7,autopilot,147.49112719133367,160.04190465657197,320.6338309846828,1318.107302714366,0.15333333333333332,0.78
2021,15,8,balanced,19.30634810022652,11.819190536777391,207.41090034593847,1248.5098604922714,0.07666666666666666,0.5266666666666666
2021,15,9,safe_floor,36.204350107603354,79.82776465862183,193.805871708355,1227.2638818347948,0.08666666666666667,0.6366666666666667
2021,16,0,balanced,-6.221469067013015,21.64684426408968,202.78182077527526,1250.998706806722,0.11333333333333333,0.7066666666666667
2021,16,1,balanced,94.73273757537072,87.61427680973887,189.18455460209617,1243.5523042630452,0.12333333333333334,0.71
2021,16,2,balanced,-13.773918163889363,-0.8810922907509848,247.75362910953675,1321.882062216717,0.12333333333333334,0.68
2021,16,3,balanced,-209.4473628820344,-212.67806468964523,69.08227472378552,1160.1619894217658,0.05333333333333334,0.47
2021,16,4,chalk,-93.39305859552874,-53.65957536774131,67.1383374802135,1114.3805316041116,0.03666666666666667,0.30333333333333334
2021,16,5,safe_floor,193.45369296317642,188.67378107356598,266.3967731083755,1327.694241973702,0.18,0.8333333333333334
2021,16,6,value_hawk,503.3692353669565,499.57833292611815,356.67732532102485,1334.5823805799437,0.21666666666666667,0.8933333333333333
2021,16,7,autopilot,103.1134273768061,109.9977892240111,234.4646760978247,1225.0621858069073,0.08,0.52
2021,16,8,upside_chaser,-89.03445463296595,-67.99535791271003,132.81084961089783,1089.8159979921263,0.02666666666666667,0.38
2021,16,9,reacher,-173.91417327732205,-168.2433044288868,124.05517031228078,1175.8817480136695,0.04666666666666667,0.5033333333333333
2021,17,0,reacher,-89.0890057302212,-92.1406488466738,191.0954433149419,1231.616876353124,0.06333333333333334,0.48333333333333334
2021,17,1,balanced,-65.46760452332562,-55.85037968839681,202.12892567683303,1226.9640156371925,0.07333333333333333,0.58
2021,17,2,balanced,9.211246371726958,54.44005120281406,167.00549723456135,1223.8360861012327,0.11333333333333333,0.7
2021,17,3,balanced,-34.95836627049843,14.769781897123593,246.52234143566153,1287.8063341000318,0.13,0.6366666666666667
2021,17,4,safe_floor,68.22595302397312,128.52258930948975,270.86772958523596,1303.8292704139953,0.12,0.74
2021,17,5,chalk,-16.74675104783441,-16.244891056870742,131.64287355842913,1127.7876266531512,0.04,0.41
2021,17,6,balanced,64.84779737869133,59.405895948687714,177.8503948683746,1196.5348044249783,0.10333333333333333,0.6433333333333333
2021,17,7,value_hawk,510.8618027714665,510.8618027714665,350.2070038934029,1322.4408095244964,0.22,0.85
2021,17,8,upside_chaser,-313.58542127282124,-268.83976996606,23.983495781627248,1017.2096511619953,0.006666666666666667,0.25
2021,17,9,autopilot,72.4990099491805,69.05202025801944,169.5084251241475,1275.880845871921,0.13,0.7066666666666667
2021,18,0,balanced,49.71640809425737,44.38681321378562,196.0370373593306,1194.1087948958698,0.06,0.57
2021,18,1,reacher,-141.86405040561286,-152.69978488843725,31.225143667847135,1055.9263689276488,0.02666666666666667,0.37
2021,18,2,autopilot,243.3357015370912,251.91089602756887,267.4375671198051,1271.3539372760788,0.13333333333333333,0.7166666666666667
2021,18,3,balanced,-59.526127546659175,1.04084707051652,175.53496496803047,1242.3975289687935,0.08666666666666667,0.63
2021,18,4,upside_chaser,-214.49511550902912,-176.98743006202562,65.22608213566402,1127.477378583169,0.016666666666666666,0.32666666666666666
2021,18,5,balanced,30.49294009453013,40.74442682064309,207.01258725094317,1206.7053060365183,0.10333333333333333,0.65
2021,18,6,chalk,-155.57592902537783,-96.72048780240496,106.2482559672873,1165.7231704031633,0.09,0.6633333333333333
2021,18,7,balanced,-52.76813899423319,-43.953498665014166,228.12251568643498,1256.0053762693562,0.07666666666666666,0.5266666666666666
2021,18,8,value_hawk,564.7492318732182,560.2400268464246,343.1818190488854,1309.4693280516822,0.2966666666666667,0.8933333333333333
2021,18,9,safe_floor,-53.3935492576641,8.638360605265255,257.99165059233223,1326.0755328818248,0.11,0.6533333333333333
2021,19,0,safe_floor,199.76615228602816,193.3600747344087,301.0591969775715,1329.6004181311548,0.15666666666666668,0.7433333333333333
2021,19,1,balanced,46.40416304282134,48.450145236990295,218.36338790083545,1245.758464457021,0.1,0.68
2021,19,2,balanced,140.11646133230724,140.11646133230724,198.89492846570215,1263.408734306975,0.14,0.7566666666666667
2021,19,3,autopilot,95.98345043845856,92.62711761556874,299.2799471225624,1364.6531037898546,0.12,0.69
2021,19,4,balanced,-82.11025091579512,-96.4600244955995,131.04331115496962,1193.7312182635535,0.08,0.52
2021,19,5,balanced,-37.1992439970202,-44.67986727454306,89.63414082268628,1134.2674821461878,0.1,0.56
2021,19,6,reacher,-253.8782558190321,-254.96502636263799,35.673274872826376,1054.0165037264742,0.013333333333333334,0.31
2021,19,7,chalk,-68.42059204282884,-78.24552601569275,54.09954234437429,1097.8713297515956,0.03666666666666667,0.48
2021,19,8,value_hawk,565.8678531964465,551.1950089580635,361.7604539131702,1317.307842984352,0.23,0.8833333333333333
2021,19,9,upside_chaser,-158.37274930288976,-162.78171713558737,103.98724527153846,1154.345244565682,0.023333333333333334,0.37666666666666665
2021,20,0,balanced,90.80860525235113,84.57545411431803,195.34334384500238,1258.5791805510892,0.12,0.6833333333333333
2021,20,1,balanced,207.37119208326996,202.22095216543312,265.2306849495952,1284.5203373884688,0.13666666666666666,0.6533333333333333
2021,20,2,autopilot,-86.81296684685599,-91.23663398983658,135.40978080039918,1220.6084882278649,0.06666666666666667,0.5566666666666666
2021,20,3,chalk,194.4888023558877,250.6294755275492,322.6306803245518,1389.2368374179403,0.18,0.8466666666666667
2021,20,4,balanced,-103.055424842955,-117.62382304535618,64.07918784925697,1119.999640998276,0.05,0.53
2021,20,5,reacher,-178.7318162291875,-181.39198117501363,15.338362680223998,1024.3968698161389,0.016666666666666666,0.27666666666666667
2021,20,6,balanced,-217.74464343085413,-150.7817645178821,60.03612903364086,1098.0186813459206,0.04666666666666667,0.5066666666666667
2021,20,7,upside_chaser,-189.5965801051771,-149.50409888130412,172.90544084579815,1114.3126496078878,0.03333333333333333,0.33
2021,20,8,safe_floor,74.71384122899043,65.150954205878,238.08402949867153,1292.1330111936952,0.08333333333333333,0.6766666666666666
2021,20,9,value_hawk,562.8682393994559,558.3590343726623,355.7646295223509,1331.6229519795638,0.26666666666666666,0.94
2021,21,0,reacher,4.042176641910196,46.24393897189772,218.44446536185137,1202.4078844530184,0.07333333333333333,0.5933333333333334
2021,21,1,balanced,-36.71218282158637,-2.391646325733724,226.25715478039274,1256.635012982698,0.12666666666666668,0.6566666666666666
2021,21,2,value_hawk,536.4494417484593,530.4777517134462,339.3222812122261,1324.3482884056416,0.23,0.8933333333333333
2021,21,3,balanced,87.7134250024356,86.2396944536388,245.92280689163832,1231.3224356053656,0.10333333333333333,0.6466666666666666
2021,21,4,autopilot,-28.033867866601085,84.12857762468562,160.57052911761855,1230.644926910818,0.10666666666666667,0.6666666666666666
2021,21,5,balanced,-41.16045005760282,-7.012369704781769,174.74406674286945,1173.7285734372533,0.08,0.5366666666666666
2021,21,6,chalk,-22.94020316642873,64.85093262552404,191.20731740468295,1253.2010430951527,0.09,0.6066666666666667
2021,21,7,safe_floor,154.4235279401103,145.86294434380164,264.70297376471007,1273.6011754355143,0.11333333333333333,0.65
2021,21,8,balanced,-82.66111002720154,-106.27516143199824,143.3683663814979,1217.3154240483934,0.03,0.4166666666666667
2021,21,9,upside_chaser,-263.73157493714467,-213.21616030418443,102.10459875682392,1183.6107597777884,0.04666666666666667,0.3333333333333333
2021,22,0,balanced,-9.193263180448614,-12.457234642206998,116.499027326378,1202.138447232011,0.07333333333333333,0.5866666666666667
2021,22,1,upside_chaser,-127.75128042756354,-95.23187021523907,151.29734031633612,1248.5952683153173,0.07666666666666666,0.5433333333333333
2021,22,2,balanced,-77.29757013952596,-34.247870169211474,185.467865938213,1231.4644749259649,0.04666666666666667,0.45666666666666667
2021,22,3,autopilot,79.16202910788635,77.57283388799958,235.1423875357902,1225.5991337277503,0.09666666666666666,0.6333333333333333
2021,22,4,chalk,23.98202581543789,10.730228700893356,171.12873304472413,1170.3660113881722,0.09,0.51
2021,22,5,balanced,-104.18711309710932,-105.72522556508636,96.10798531221906,1125.9050115435925,0.06666666666666667,0.55
2021,22,6,value_hawk,587.5530434613592,585.3151449295334,368.281437538063,1357.6403585621465,0.30333333333333334,0.9366666666666666
2021,22,7,safe_floor,106.9828537643436,114.2489198884569,207.14703467087855,1191.963309154935,0.11333333333333333,0.7033333333333334
2021,22,8,balanced,-19.556864966012178,-11.163630353419144,196.9215760125472,1219.5178861354448,0.06,0.5533333333333333
2021,22,9,reacher,-27.559559835918158,-33.932332108620386,105.34917136434468,1177.960493687875,0.07333333333333333,0.5266666666666666
2021,23,0,balanced,148.60727053664195,205.90569137119093,283.47167620027096,1341.2177715648413,0.15666666666666668,0.7933333333333333
2021,23,1,chalk,-0.9001395899134081,-0.9001395899134081,146.2384058236957,1168.7303560351238,0.06,0.5966666666666667
2021,23,2,balanced,-188.80911130986337,-141.7763215976367,95.5200329681847,1174.4568415301433,0.07,0.58
2021,23,3,value_hawk,589.7657121345104,579.9801812723128,374.8082154199825,1353.694234560924,0.2733333333333333,0.8866666666666667
2021,23,4,reacher,-255.46590643117045,-255.46590643117045,27.396974754252078,1117.1441430696132,0.02666666666666667,0.3
2021,23,5,balanced,-162.31597925323513,-174.23671471769543,34.19429893978104,1119.8867695843296,0.02666666666666667,0.44666666666666666
2021,23,6,safe_floor,45.06107246693966,112.86495021303202,277.6650796662598,1312.5492134682747,0.18,0.74
2021,23,7,upside_chaser,-132.4467225942518,-137.47527695269574,120.69013828986631,1125.7374340841566,0.006666666666666667,0.31
2021,23,8,autopilot,221.14079122854454,218.29248494755427,286.6424740962502,1321.4785620046057,0.08666666666666667,0.65
2021,23,9,balanced,83.9865613285794,110.10206059224302,262.22484564959666,1251.2171735854704,0.11333333333333333,0.6966666666666667
2021,24,0,reacher,-110.13413364375955,-113.21939911931915,140.44993437043615,1130.6566055099884,0.03666666666666667,0.5166666666666667
2021,24,1,chalk,40.28719497630114,34.84139030982626,160.79636249847263,1203.6068605704895,0.10666666666666667,0.6866666666666666
2021,24,2,safe_floor,121.55225334468477,120.01414087670773,222.35681946881533,1249.0950345016652,0.11,0.6366666666666667
2021,24,3,balanced,134.5985176028838,127.02155752884089,284.38504364450995,1319.9101388090535,0.12333333333333334,0.7166666666666667
2021,24,4,balanced,-47.485774571322466,-52.31104920213499,143.37769882426147,1262.0650658749291,0.07333333333333333,0.5766666666666667
2021,24,5,balanced,167.0170251778289,155.22211076159087,258.1405466839881,1280.6804941613618,0.13666666666666666,0.6766666666666666
2021,24,6,autopilot,27.058296919038888,38.198682122803994,181.2407059974903,1198.7340716217066,0.08666666666666667,0.6
2021,24,7,balanced,-187.79099679032385,-195.1427535881974,59.31036624687075,1081.0188992652977,0.03666666666666667,0.32
2021,24,8,value_hawk,545.2255260313327,540.7163210045392,365.5078246319538,1332.7422154707092,0.25333333333333335,0.91
2021,24,9,upside_chaser,-219.61910791769998,-160.0422441825741,82.05060919744389,1155.6188836810293,0.03666666666666667,0.36
2021,25,0,balanced,-3.486166306964989,-6.654697790948582,217.55640457860397,1268.6090957746032,0.1,0.57
2021,25,1,reacher,-170.72942496515586,-160.26575128537436,16.279857844258842,1058.5793958071006,0.03333333333333333,0.36666666666666664
2021,25,2,safe_floor,49.2640529958853,45.90772017299548,235.02284432395044,1305.2185271916817,0.11,0.74
2021,25,3,balanced,153.80495492861513,147.81542256459065,234.14614430214056,1277.3671175919915,0.13333333333333333,0.73
2021,25,4,chalk,149.74308653392325,146.89478025293297,237.71248725587714,1254.601084559731,0.12666666666666668,0.77
2021,25,5,balanced,-29.34882573887159,28.94891405261322,140.59124318955793,1156.0644712768546,0.056666666666666664,0.6166666666666667
2021,25,6,upside_chaser,-170.69824247872077,-170.69824247872077,77.2949806929225,1096.4461159136338,0.016666666666666666,0.31333333333333335
2021,25,7,balanced,-296.2045448468821,-298.19501638119243,3.8405228760848047,1047.2325527900034,0.01,0.3233333333333333
2021,25,8,autopilot,76.79144926324344,92.3610009618769,210.30937670791928,1270.7120832374544,0.15333333333333332,0.6733333333333333
2021,25,9,value_hawk,535.0457983185579,531.6839527824426,346.00584836052707,1316.9225817204542,0.26,0.8966666666666666
2021,26,0,balanced,173.2048931413795,207.09769409309195,316.38945539329654,1351.7027715324625,0.21333333333333335,0.8233333333333334
2021,26,1,balanced,-61.56969737254158,-71.29574060547526,68.49833745541345,1087.6539589652264,0.04,0.44
2021,26,2,value_hawk,492.22225438156545,492.22225438156545,333.64134465343386,1303.5876866669407,0.2633333333333333,0.85
2021,26,3,autopilot,-40.96381728272793,-57.91205716913267,133.34462845742166,1159.902247680005,0.05,0.44
2021,26,4,upside_chaser,-136.99836579402958,-146.3423953366224,47.37867247898053,1064.0486385901718,0.01,0.3466666666666667
2021,26,5,chalk,31.33512426921226,18.35445318293324,163.63212344181585,1273.7205094469025,0.14333333333333334,0.7333333333333333
2021,26,6,safe_floor,105.51529640240517,94.65848138582462,241.04919393905894,1308.583805663607,0.09,0.7333333333333333
2021,26,7,balanced,-10.648249426093187,7.459030428862157,124.50423209298279,1161.787611558655,0.04666666666666667,0.5633333333333334
2021,26,8,balanced,35.191626265660936,33.24456971506882,284.889993826034,1331.8543165017397,0.09666666666666666,0.6166666666666667
2021,26,9,reacher,-128.4297996188975,-136.00675969294042,46.97104501345445,1070.9551899141288,0.04666666666666667,0.4533333333333333
2021,27,0,chalk,-107.49831123741377,27.825046597791598,172.62222496892417,1193.0569098817705,0.07333333333333333,0.61
2021,27,1,balanced,-28.50617017229441,-19.37287159023424,92.4218450424883,1141.3943253485484,0.12,0.6
2021,27,2,upside_chaser,-92.56282946654,-81.05499249438775,187.50332196492295,1152.411006141059,0.043333333333333335,0.4633333333333333
2021,27,3,balanced,73.18640695059129,64.74249709602955,154.52052451919542,1197.8847152776757,0.06,0.5766666666666667
2021,27,4,safe_floor,169.2260755024766,249.85257451285332,286.4649546709097,1286.7950792223965,0.15,0.7766666666666666
2021,27,5,value_hawk,545.6594023995194,543.3622160682424,355.9304959886587,1349.6308421545787,0.28,0.9133333333333333
2021,27,6,balanced,-224.1480293858443,-227.57287451757043,41.01392490353417,1078.9242253177154,0.04666666666666667,0.47333333333333333
2021,27,7,reacher,-114.64137314661701,-117.88062492954371,81.94186594576001,1068.6990188528919,0.03333333333333333,0.30666666666666664
2021,27,8,autopilot,-60.176027242486654,-62.59849217572091,137.54824622431886,1151.1801563867925,0.07333333333333333,0.5566666666666666
2021,27,9,balanced,75.0996885832227,72.64492576940987,171.83983941119573,1248.5665849246627,0.12,0.7233333333333334
2021,28,0,value_hawk,511.7292010463666,507.21999601957305,346.5651971415095,1333.2263581307277,0.2866666666666667,0.9033333333333333
2021,28,1,safe_floor,127.15945509609892,169.06795327082168,281.3975285961103,1309.5613387984088,0.17333333333333334,0.7833333333333333
2021,28,2,balanced,-41.4886153026338,-45.091339396622594,189.25225406242464,1242.6238471660056,0.06666666666666667,0.5833333333333334
2021,28,3,reacher,-347.3528558589985,-345.4328761838377,-75.50677347388537,942.3888225470139,0.013333333333333334,0.22
2021,28,4,balanced,-129.95411848340015,-129.95411848340015,88.67037062145592,1140.785573769443,0.04,0.48
2021,28,5,balanced,131.0989356346586,109.53986451544382,274.34347730843103,1296.5150016152807,0.056666666666666664,0.6433333333333333
2021,28,6,chalk,185.04430795518462,185.04430795518462,272.48345327543564,1292.4538151800252,0.12333333333333334,0.7233333333333334
2021,28,7,upside_chaser,-226.27436508155003,-190.30507761489213,40.0484286346024,1106.078290715117,0.03666666666666667,0.37666666666666665
2021,28,8,autopilot,221.99397080632085,259.99914427094154,301.73704578414333,1334.1156460195882,0.14,0.6966666666666667
2021,28,9,balanced,-20.079468632031954,-21.745034756950695,196.7663483597575,1255.7937245150765,0.06333333333333334,0.59
2021,29,0,reacher,-62.40085044065669,-69.62858649501003,100.38980118489116,1129.5040952931622,0.06333333333333334,0.4666666666666667
2021,29,1,safe_floor,235.7707277191083,262.2287421219797,342.8934662039592,1395.1449985565077,0.21666666666666667,0.86
2021,29,2,upside_chaser,-137.41130297956062,-137.41130297956062,78.2333416744033,1104.4635066613102,0.043333333333333335,0.51
2021,29,3,chalk,-175.11031482545832,-123.89031559488615,130.68465339626678,1224.0996242223403,0.08,0.51
2021,29,4,balanced,20.682401780977607,8.790232529487774,242.2321687371593,1250.212654861914,0.07333333333333333,0.6
2021,29,5,balanced,161.34668190837056,148.09617293103216,223.94565290819412,1196.993440168401,0.06666666666666667,0.5833333333333334
2021,29,6,value_hawk,567.2484502643476,567.9667528503028,359.66552723583965,1365.9578361956471,0.29,0.9433333333333334
2021,29,7,balanced,-251.82107268808178,-249.05467963436956,-25.641752582454266,1049.2671359868725,0.02666666666666667,0.3566666666666667
2021,29,8,autopilot,144.88625616991223,157.40573488877266,252.99562256254092,1274.53045744769,0.08666666666666667,0.6466666666666666
2021,29,9,balanced,-79.27448811477674,-83.13258674061201,88.83153934640947,1139.9778244157076,0.05333333333333334,0.5233333333333333
2021,30,0,upside_chaser,-82.45335131213652,-90.37289019001503,165.02792908994087,1203.103629738897,0.056666666666666664,0.49333333333333335
2021,30,1,reacher,-55.56005823673203,-75.67144054346659,101.00830523904085,1125.03080925018,0.02,0.3333333333333333
2021,30,2,safe_floor,205.3213526675553,240.75101953270658,303.4705428888674,1349.9441359530206,0.21666666666666667,0.8533333333333334
2021,30,3,autopilot,-13.395755992115323,-16.752088815005145,168.09784673541103,1233.0928475229748,0.07333333333333333,0.5633333333333334
2021,30,4,balanced,-173.06129436333362,-77.38999743728371,154.99125994730394,1246.2634520351849,0.06333333333333334,0.5966666666666667
2021,30,5,balanced,-140.84893993597308,-71.9190772328634,114.6693448088524,1147.7995241456679,0.05333333333333334,0.49666666666666665
2021,30,6,balanced,-4.9657304059414,-3.631025600771025,231.256954827277,1234.7460704018768,0.07666666666666666,0.6433333333333333
2021,30,7,balanced,-69.65038585798231,-69.18480871101205,153.8423105341056,1194.3074826325837,0.03666666666666667,0.45666666666666667
2021,30,8,chalk,197.6541282739763,201.72989963434242,213.12387171260667,1236.3003083282485,0.11333333333333333,0.6333333333333333
2021,30,9,value_hawk,559.8510044259697,550.6882732824515,329.148078960774,1294.8397960578397,0.29,0.93
2021,31,0,chalk,119.90541276017414,103.687536369274,236.85244353432995,1251.9858371849812,0.09333333333333334,0.6433333333333333
2021,31,1,autopilot,26.87391171180981,26.87391171180981,223.02794062387824,1247.2614621772898,0.09,0.5933333333333334
2021,31,2,reacher,-103.01597151365873,-104.15792208670034,120.73130920421418,1148.24478216387,0.06,0.47333333333333333
2021,31,3,balanced,-231.50909290502753,-231.50909290502753,44.08380526542811,1116.9891461779407,0.03,0.42
2021,31,4,upside_chaser,-199.25390514686066,-199.25390514686066,31.458443154567767,1098.2784831491697,0.043333333333333335,0.37666666666666665
2021,31,5,balanced,-24.98745710058786,-31.41859438899624,152.11157353335872,1161.1950524119347,0.08666666666666667,0.6333333333333333
2021,31,6,safe_floor,89.39359915903547,95.83190725278271,296.5398949775174,1377.2585041194843,0.14333333333333334,0.7533333333333333
2021,31,7,balanced,178.68754833539617,170.13295952870226,247.1968113551794,1256.9650175845095,0.08666666666666667,0.6633333333333333
2021,31,8,value_hawk,598.6546281582522,591.1892220136776,361.0197143419024,1332.6766446541715,0.27,0.91
2021,31,9,balanced,-42.49528528758788,-42.49528528758788,129.74355362504616,1210.7093935228913,0.09666666666666666,0.5333333333333333
2021,32,0,value_hawk,545.1533518315864,545.1759277001004,343.2012461453214,1335.2584192824793,0.2633333333333333,0.9333333333333333
2021,32,1,balanced,-119.87509909149492,-112.47137942856367,128.95042785725715,1232.6933154115259,0.11333333333333333,0.57
2021,32,2,autopilot,187.2428701755011,196.86009501042992,208.61351861443396,1231.570174958732,0.1,0.6866666666666666
2021,32,3,balanced,165.42868764486954,212.88888131878977,270.1556094002543,1293.145363308013,0.15,0.7566666666666667
2021,32,4,chalk,60.64470020290669,67.83796068899287,127.4127219028211,1170.2156547371756,0.08666666666666667,0.6166666666666667
2021,32,5,upside_chaser,-264.43814751818184,-264.01981606722927,46.234598027619896,1093.9301401999926,0.02,0.2966666666666667
2021,32,6,reacher,-58.46495974565643,-64.34082412289301,145.18694811660023,1158.1848286172121,0.056666666666666664,0.5
2021,32,7,balanced,-114.60554721788425,-120.17405774925501,115.82034003408798,1145.3358465951997,0.05,0.44666666666666666
2021,32,8,safe_floor,55.99147945088426,63.192511409812624,179.22171021116029,1279.1521002942027,0.13666666666666666,0.7733333333333333
2021,32,9,balanced,-93.95739114379043,-104.7708412067959,112.73450942351288,1080.3875364189576,0.023333333333333334,0.42
2021,33,0,balanced,-29.3517162232394,61.552435242746974,291.5984902481341,1308.4199880897409,0.09,0.5966666666666667
2021,33,1,balanced,10.664021306306505,21.21188128103336,168.39919875728992,1244.1080202911905,0.06333333333333334,0.68
2021,33,2,reacher,-335.3282490016065,-311.54753176249886,-56.38112886822216,971.3936849202166,0.016666666666666666,0.20666666666666667
2021,33,3,safe_floor,48.63519745134421,132.8671379704315,259.8931554148061,1249.4327162412362,0.13,0.72
2021,33,4,value_hawk,541.9039281882199,538.8884392709876,359.8215871668534,1347.603737840014,0.30333333333333334,0.9133333333333333
2021,33,5,upside_chaser,-278.0325574717981,-248.26701476379904,10.975252466107236,1063.5479891573939,0.02666666666666667,0.30333333333333334
2021,33,6,chalk,189.8192347465894,189.8192347465894,185.7148997080194,1141.6585452051625,0.07,0.6966666666666667
2021,33,7,autopilot,-168.183561845658,-115.34240233815169,153.48589825087356,1247.5267709950801,0.09,0.5666666666666667
2021,33,8,balanced,-24.051164789967487,-33.859840448771095,99.60506607735795,1133.4654360396821,0.06666666666666667,0.5633333333333334
2021,33,9,balanced,190.80976002015078,174.81300825964865,251.5611442204797,1285.331904159792,0.14333333333333334,0.7533333333333333
2021,34,0,safe_floor,230.74266986316061,267.16449336458794,244.6176182034244,1274.2745560236112,0.14333333333333334,0.7766666666666666
2021,34,1,balanced,-30.945158785763944,16.111106892900843,186.60917918258278,1254.9231837791224,0.10333333333333333,0.6533333333333333
2021,34,2,balanced,-9.488081436789097,-23.684454874875698,205.78551535893874,1282.6333405958417,0.10333333333333333,0.6666666666666666
2021,34,3,chalk,26.621794953795607,86.7888825422906,290.91659228267827,1316.06229946656,0.13,0.6633333333333333
2021,34,4,balanced,-120.9207958427833,-122.84625048866091,83.08242405046053,1110.4483729444678,0.03,0.3566666666666667
2021,34,5,autopilot,65.18876482506337,83.59202137178406,234.37702823051526,1299.1887545408422,0.1,0.6433333333333333
2021,34,6,value_hawk,549.8637354430638,550.604613897533,359.66552723583965,1359.800708226949,0.26,0.91
2021,34,7,balanced,-90.08353149903628,-79.53224766661867,172.07462494962812,1237.771542268978,0.08333333333333333,0.6133333333333333
2021,34,8,upside_chaser,-165.57466933214886,-137.13356093615002,78.040378867303,1051.3358579056444,0.023333333333333334,0.37666666666666665
2021,34,9,reacher,-138.1000253353785,-140.94833161636876,32.71340882046367,1043.2991441936272,0.023333333333333334,0.34
2021,35,0,balanced,25.024753323999775,33.96201311020903,262.72479410871784,1285.1818933482052,0.09666666666666666,0.6933333333333334
2021,35,1,reacher,-200.58192623115798,-102.5920048957029,84.34998526864145,1111.9617228574564,0.06333333333333334,0.5833333333333334
2021,35,2,value_hawk,553.1240119358423,548.6148069090488,343.23327773552074,1320.5003745745578,0.24666666666666667,0.9
2021,35,3,chalk,79.97295011318451,64.75747540581968,206.27918085671354,1275.319889775451,0.09333333333333334,0.6233333333333333
2021,35,4,autopilot,-32.5047582273636,-43.26062744041011,204.46610265996273,1203.9531227052837,0.09666666666666666,0.57
2021,35,5,balanced,-21.941580619586723,23.994917014899762,194.28208061007518,1221.3672610009671,0.05333333333333334,0.4166666666666667
2021,35,6,balanced,-231.5904182834901,-189.99876061170497,16.628570833930013,1072.0943993821072,0.023333333333333334,0.3433333333333333
2021,35,7,safe_floor,188.13779728457766,200.24691904438345,263.1235976156776,1324.4927105917513,0.15666666666666668,0.7866666666666666
2021,35,8,upside_chaser,-125.24063236448293,-88.67344420465218,73.20227568771742,1111.0642638115744,0.06333333333333334,0.43666666666666665
2021,35,9,balanced,-19.850513217864957,21.056881320221443,223.29905357342452,1235.5149216708487,0.10666666666666667,0.6466666666666666
2021,36,0,chalk,40.19267244332998,52.68000589494265,190.61366579570512,1200.7417255476173,0.06,0.5166666666666667
2021,36,1,reacher,-99.29505750716498,-102.67043604636594,113.55271153380163,1083.1640265315257,0.03333333333333333,0.4033333333333333
2021,36,2,balanced,-19.19635838915252,-21.29428650641824,181.61276215460484,1191.4046260167622,0.05333333333333334,0.5066666666666667
2021,36,3,upside_chaser,-303.4287520614423,-308.25402669225485,-29.743515552704082,991.9690523075541,0.013333333333333334,0.24
2021,36,4,balanced,-67.41904694910332,-71.04431048266338,211.2358965524682,1247.767801744423,0.06666666666666667,0.5666666666666667
2021,36,5,balanced,152.29607197198948,145.0189150563289,297.8414795394822,1335.3954307661727,0.09333333333333334,0.67
2021,36,6,balanced,-36.21166781760086,-39.92055389472166,127.87198663659414,1235.738549762417,0.12,0.75
2021,36,7,safe_floor,124.8640798744903,166.34360753911528,282.66138679906027,1273.209072153406,0.12666666666666668,0.7233333333333334
2021,36,8,autopilot,61.027733304710765,61.027733304710765,223.5308394643924,1273.956190154082,0.12333333333333334,0.71
2021,36,9,value_hawk,582.6126562388583,582.6126562388583,357.1936836369237,1328.2130743664172,0.31,0.9133333333333333
2021,37,0,reacher,-116.15420624567143,-119.61538303969101,63.84713470671104,1120.8736556480571,0.06333333333333334,0.53
2021,37,1,balanced,158.64029375375674,158.64029375375674,205.34031119541328,1286.8266735544291,0.14,0.7633333333333333
2021,37,2,value_hawk,543.2771160228002,543.2771160228002,349.76435046764664,1339.06210467767,0.26666666666666666,0.8966666666666666
2021,37,3,autopilot,15.108148894963948,17.49109002704985,230.11911409519757,1226.5039420324347,0.08,0.57
2021,37,4,balanced,-200.53044869213264,-147.68928918462632,93.08170564379124,1141.7589995489525,0.03,0.41
2021,37,5,balanced,-167.85296591818158,-122.01022266551965,95.91492808926654,1156.200401058171,0.056666666666666664,0.49666666666666665
2021,37,6,chalk,125.63594097843513,111.30285757641695,252.73933874105344,1242.9290498384994,0.1,0.6133333333333333
2021,37,7,upside_chaser,-148.01585979019583,-148.01585979019583,67.3678746605898,1117.2458862518588,0.02666666666666667,0.33666666666666667
2021,37,8,safe_floor,142.0690961459169,138.21099752008163,251.86105218701255,1273.7847483055598,0.16333333333333333,0.7633333333333333
2021,37,9,balanced,45.06107494414547,53.891669577855055,197.0308993813204,1265.2205770466967,0.07333333333333333,0.62
2021,38,0,value_hawk,545.0010409723118,538.2309990273463,330.18514004813585,1329.2234908888342,0.26666666666666666,0.85
2021,38,1,balanced,103.56068575240478,98.56208845011136,234.94120727033598,1284.1626445836007,0.15666666666666668,0.78
2021,38,2,balanced,-28.90830261573121,10.386877698466527,187.2225602531996,1239.5448141293189,0.09333333333333334,0.74
2021,38,3,balanced,82.8578334307261,79.60700907579975,267.4539094544674,1261.6183610382138,0.09333333333333334,0.6133333333333333
2021,38,4,safe_floor,183.74686598135483,216.05336335996026,255.2077893765021,1323.2834009080225,0.16,0.7966666666666666
2021,38,5,autopilot,-121.88529265527899,-129.93917899557195,98.07587845768896,1096.9215142904184,0.03,0.38333333333333336
2021,38,6,balanced,-61.49110428196864,-67.50389346123723,128.3287110762847,1191.7953474778026,0.04,0.43
2021,38,7,upside_chaser,-93.95133678416416,-97.42985393453732,178.1753408405537,1228.5444171415193,0.056666666666666664,0.5166666666666667
2021,38,8,reacher,-41.49182521179134,-43.46004605958633,179.2567193079027,1174.0755312288175,0.03333333333333333,0.4
2021,38,9,chalk,-94.15540221342224,-94.15540221342224,82.61741661552102,1137.1378061196729,0.07,0.49
2021,39,0,upside_chaser,-266.8785274833335,-252.10830692320445,36.879950806772605,1072.3620103983005,0.03333333333333333,0.30333333333333334
2021,39,1,value_hawk,572.3696535907619,556.5494498617006,350.14335839011915,1330.8535057112074,0.25333333333333335,0.91
2021,39,2,chalk,-85.48702860147297,-99.27410444228809,109.884292269148,1123.1066151570396,0.06666666666666667,0.53
2021,39,3,balanced,-35.72721099305228,-7.302201717308918,239.31577780764616,1292.315350939299,0.08666666666666667,0.6233333333333333
2021,39,4,reacher,-77.25077279087168,-87.24789474908684,147.34986452146717,1159.75616066476,0.056666666666666664,0.4266666666666667
2021,39,5,autopilot,110.51641271039627,107.27716092746957,205.5473877357424,1210.4359550295135,0.15666666666666668,0.8133333333333334
2021,39,6,safe_floor,98.72940237603015,90.64562012793911,222.41001445749396,1296.0901657755794,0.12666666666666668,0.73
2021,39,7,balanced,28.927963042502746,67.32836885669184,173.89534177598824,1190.4243974326082,0.08,0.6966666666666667
2021,39,8,balanced,-25.303696437540324,23.44919036875298,226.24852886207907,1263.42179652802,0.10333333333333333,0.59
2021,39,9,balanced,1.8659663226979006,1.8659663226979006,134.86022264873588,1143.633719269701,0.03666666666666667,0.37666666666666665
2022,0,0,balanced,205.9201000272572,201.8840506038403,186.3329289775453,1216.4873050100482,0.14666666666666667,0.83
2022,0,1,autopilot,117.95044012652566,146.15735581837134,334.18838731129995,1348.060047446635,0.15666666666666668,0.7066666666666667
2022,0,2,balanced,-15.481402927258287,31.06458237843224,190.87888704584898,1159.8394559409633,0.06333333333333334,0.57
2022,0,3,reacher,-164.39010358540966,-172.49603658540462,63.18094379853389,1067.3538549277557,0.02,0.25666666666666665
2022,0,4,upside_chaser,-153.97040543419683,-53.08175865845235,127.7861490780922,1150.578044002929,0.043333333333333335,0.4666666666666667
2022,0,5,safe_floor,259.65636434287217,243.54774447546262,301.22348422965797,1298.479832309509,0.14666666666666667,0.7933333333333333
2022,0,6,balanced,-56.96140514613971,-56.062692254125565,175.46321525699562,1087.2365926934876,0.06666666666666667,0.49333333333333335
2022,0,7,chalk,131.3724782421116,180.13537137830235,310.60002743964134,1285.7934736151071,0.10666666666666667,0.66
2022,0,8,value_hawk,564.1840315020958,562.283999779002,352.05936156924747,1275.1487211834653,0.18,0.83
2022,0,9,balanced,-140.65249243220146,-144.69163734736705,128.9458341876167,1152.444533684009,0.07,0.3933333333333333
2022,1,0,balanced,308.31340889446017,293.27781738256385,257.0012035964823,1257.8562604528365,0.13333333333333333,0.79
2022,1,1,reacher,-201.75746398864902,-160.24558363623106,107.94571930743317,1098.1779279277018,0.05,0.36666666666666664
2022,1,2,value_hawk,521.541980147184,517.525508579964,349.7946314200907,1268.1162600918506,0.24333333333333335,0.8966666666666666
2022,1,3,safe_floor,351.95323724663376,343.8090814867497,342.17957698571877,1310.0375304311574,0.17666666666666667,0.8366666666666667
2022,1,4,balanced,14.77313367724515,24.371917074444568,167.9247612341003,1159.0184264671634,0.05333333333333334,0.5066666666666667
2022,1,5,balanced,-42.764447055524,-43.39035541277977,201.87628795718018,1218.0316370676512,0.06666666666666667,0.47
2022,1,6,balanced,-91.8893473450988,-28.521941613329822,224.08166299118784,1237.4773659808843,0.056666666666666664,0.5266666666666666
2022,1,7,upside_chaser,-253.6639888835259,-208.67730750346695,77.64807026133323,1077.5252284220903,0.023333333333333334,0.32
2022,1,8,chalk,9.80231941762009,-0.6131831446158387,182.9502103340675,1169.1066841634156,0.056666666666666664,0.5633333333333334
2022,1,9,autopilot,41.77128074069002,131.67382890064033,234.77270261333726,1264.2265189866382,0.14,0.7233333333333334
2022,2,0,balanced,81.49728885391262,100.46079270871098,239.13295391954995,1274.6762300412872,0.12,0.7133333333333334
2022,2,1,balanced,144.69702274159764,135.24432197450022,306.4015388346487,1315.4606646531088,0.10666666666666667,0.6666666666666666
2022,2,2,reacher,-107.87654154834937,-120.46414368613543,183.29644250586568,1176.723338425665,0.03,0.49333333333333335
2022,2,3,safe_floor,177.02448570236697,172.66011384407946,287.63423017916637,1255.933228148931,0.12,0.6666666666666666
2022,2,4,autopilot,217.93103578936262,217.93103578936262,241.2615639746382,1102.3750171518247,0.11,0.73
2022,2,5,chalk,149.2456800573368,147.92824591950253,281.70219043402926,1284.3308630107206,0.15666666666666668,0.7466666666666667
2022,2,6,upside_chaser,-240.9137574745252,-242.00163909557176,-23.39187306119858,979.9180768745445,0.0033333333333333335,0.15333333333333332
2022,2,7,value_hawk,552.311934396177,552.311934396177,396.58289446428364,1346.6242024886437,0.23333333333333334,0.8666666666666667
2022,2,8,balanced,-43.542934950243875,-55.34614614675465,147.61997395061846,1124.3490752273462,0.06666666666666667,0.48333333333333334
2022,2,9,balanced,-100.05987942066645,-4.292123744436644,178.82082239408675,1178.1955368342149,0.05333333333333334,0.48
2022,3,0,upside_chaser,-214.19304259041982,-228.8098947373267,58.258226657505325,1105.3809760609474,0.016666666666666666,0.35333333333333333
2022,3,1,balanced,-40.119612770614665,21.051673236950997,184.06840870260294,1192.8390967992555,0.08666666666666667,0.5566666666666666
2022,3,2,value_hawk,569.0039026412011,563.8586000862257,356.8890954222469,1302.3810048732769,0.2833333333333333,0.93
2022,3,3,balanced,82.32298880266512,112.35966695232557,204.22453967274274,1210.1508735356822,0.06,0.5466666666666666
2022,3,4,safe_floor,66.08034993050116,63.77975201738205,212.80679553903627,1228.946994662927,0.06333333333333334,0.5166666666666667
2022,3,5,reacher,-105.95741481016364,-116.76388360962962,48.49428518458349,974.4067679593668,0.056666666666666664,0.43
2022,3,6,autopilot,207.55100662958927,250.6707931431105,376.10885005770797,1333.4381439939243,0.17333333333333334,0.7633333333333333
2022,3,7,balanced,29.156131972671282,13.88985048126328,177.0820533245835,1157.919657177632,0.06,0.6066666666666667
2022,3,8,chalk,60.42704606722553,54.67147529776877,273.96614917106206,1269.1559327896287,0.11333333333333333,0.6333333333333333
2022,3,9,balanced,113.31944242016294,164.272121409144,256.4413107358009,1267.6343529973424,0.08666666666666667,0.6633333333333333
2022,4,0,balanced,-302.68970983744794,-248.71329749467662,-27.267479623881982,891.2093842529866,0.04666666666666667,0.45
2022,4,1,chalk,318.88673295875776,316.767259918382,351.9582993126396,1365.738407845678,0.23,0.83
2022,4,2,balanced,-48.25676937041213,-48.25676937041213,183.07046241662442,1196.7994541516116,0.10333333333333333,0.6
2022,4,3,autopilot,-3.554574066227154,35.33358258399512,228.15909981921664,1236.0810190484783,0.07666666666666666,0.5433333333333333
2022,4,4,balanced,-59.04873858763011,-38.69868499162455,143.90571780087797,1164.9404706698726,0.03666666666666667,0.5066666666666667
2022,4,5,balanced,-93.60999435879091,-42.121322017213245,208.4712428542061,1187.113043168632,0.02666666666666667,0.36
2022,4,6,reacher,63.44778055839582,64.62322448935842,234.25124568728108,1152.7369225788639,0.07333333333333333,0.5866666666666667
2022,4,7,value_hawk,587.9049069252352,587.1836380629015,400.0960651042744,1355.6236522000277,0.21666666666666667,0.8833333333333333
2022,4,8,safe_floor,235.20611721935416,247.1276417754923,347.2341850792825,1334.5792375797735,0.13333333333333333,0.76
2022,4,9,upside_chaser,-7.086925864477916,19.18525814862899,237.71091971194437,1229.233029052058,0.056666666666666664,0.48
2022,5,0,reacher,-35.2694517886745,-41.73288342821532,59.01602317752178,1105.9278400971239,0.05333333333333334,0.5066666666666667
2022,5,1,chalk,-51.127321698091635,-6.816382189036453,161.21371614102821,1158.2661356025992,0.06666666666666667,0.5666666666666667
2022,5,2,balanced,-60.29100301119325,-25.235458550353343,136.70595063746396,1192.5008202425809,0.07,0.5433333333333333
2022,5,3,value_hawk,536.1438138223277,536.1438138223277,380.54484389028863,1305.9674680239555,0.25666666666666665,0.8466666666666667
2022,5,4,balanced,145.55938679709905,140.08783093617166,306.3299882945289,1296.983279348622,0.07666666666666666,0.6733333333333333
2022,5,5,balanced,-93.2858313624629,-98.45600309370154,149.45730186902813,1109.2018357399056,0.08333333333333333,0.4766666666666667
2022,5,6,upside_chaser,-112.25987613260952,-112.25987613260952,146.37797008389606,1104.741803684317,0.03,0.28
2022,5,7,balanced,128.47337973851344,122.42233424952113,230.69709685421213,1193.1009682076033,0.09,0.6933333333333334
2022,5,8,autopilot,193.54148675375433,239.78617522900066,233.3328726567541,1228.8411890877253,0.15333333333333332,0.7
2022,5,9,safe_floor,132.9049252509098,132.9049252509098,245.08388380195044,1246.9764918303254,0.12,0.7133333333333334
2022,6,0,balanced,228.00355092088162,232.9627902792655,300.20968247800755,1314.4081093552006,0.21,0.84
2022,6,1,chalk,17.857497373005145,19.19094564705133,238.28752532286364,1238.8440305047661,0.08666666666666667,0.54
2022,6,2,value_hawk,539.1714251996206,529.1273718595628,349.20915185422837,1266.5912082094196,0.17333333333333334,0.8
2022,6,3,autopilot,119.79078337123771,133.18405100414455,211.96062495226184,1082.9879435767893,0.10333333333333333,0.6933333333333334
2022,6,4,balanced,45.47142966596151,50.15409445778974,150.66039461016533,1096.1480254872915,0.023333333333333334,0.42
2022,6,5,reacher,-35.20581898777597,-56.040654746766805,167.5028413006024,1180.5839090985673,0.06333333333333334,0.6166666666666667
2022,6,6,balanced,-132.11823680127944,-121.24032569558265,151.88461003408437,1108.4672433358314,0.02666666666666667,0.30333333333333334
2022,6,7,balanced,189.98980868518984,188.90192706414328,311.948086397498,1318.8642478980255,0.12333333333333334,0.73
2022,6,8,safe_floor,256.8909140444563,256.8909140444563,399.95365763288555,1424.3341927971865,0.16333333333333333,0.7833333333333333
2022,6,9,upside_chaser,-313.68406009692876,-297.4680627284421,-42.53502051762236,907.4943283689694,0.02666666666666667,0.2733333333333333
2022,7,0,balanced,151.15980175347494,142.178139599387,277.3643962351164,1285.9290764346,0.16666666666666666,0.7833333333333333
2022,7,1,safe_floor,154.84072664685868,214.45085392877183,307.1547296503069,1309.507060186634,0.13666666666666666,0.7333333333333333
2022,7,2,upside_chaser,-23.052803224395948,-35.04702862077199,154.59953778819118,1147.6476286110985,0.02666666666666667,0.37
2022,7,3,autopilot,105.390713850805,157.62523181080925,303.40005552252967,1329.0122148256128,0.12,0.71
2022,7,4,reacher,-161.67211711889308,-164.8347609538007,101.94034205833557,1071.5666247962338,0.01,0.25666666666666665
2022,7,5,balanced,-137.06670090047552,-144.2628563438904,64.5786159704029,1094.487841426981,0.05333333333333334,0.5133333333333333
2022,7,6,chalk,91.91930072841387,87.91397276674476,228.287812233767,1237.4750888540702,0.11,0.66
2022,7,7,balanced,138.50682379353313,132.06680927971576,302.6261618489917,1302.7098769897243,0.1,0.6166666666666667
2022,7,8,balanced,46.84061018873732,82.75380331410932,264.42295804665576,1230.325179200099,0.06666666666666667,0.49
2022,7,9,value_hawk,502.11569760260153,494.0948597648874,343.04496042275167,1257.1620009706944,0.21,0.8666666666666667
2022,8,0,balanced,44.01630293554656,56.91177799131652,231.86943331958167,1192.1043341936552,0.10333333333333333,0.6766666666666666
2022,8,1,balanced,-0.5534416215441293,-7.012371398462122,176.06338568548836,1203.552940397267,0.10666666666666667,0.6333333333333333
2022,8,2,chalk,132.63832876290033,130.40084745413154,281.5331597509104,1314.9959214877929,0.09,0.5666666666666667
2022,8,3,safe_floor,150.57768650952488,163.41735206111392,267.1694839202902,1231.8841602959847,0.10333333333333333,0.6733333333333333
2022,8,4,reacher,85.25522938442789,80.64419007965193,194.80046140441993,1196.133804396284,0.06333333333333334,0.55
2022,8,5,balanced,71.28985496890395,70.44691073355638,150.07800343364022,1165.1297001861249,0.07333333333333333,0.54
2022,8,6,autopilot,-40.39516216432526,4.798368018891296,222.23254417690916,1207.3053255489274,0.09333333333333334,0.54
2022,8,7,upside_chaser,-207.86917714443152,-217.10281042246746,57.815486596469356,1055.2729363991416,0.03666666666666667,0.36
2022,8,8,balanced,23.99580752987079,21.733212313901156,304.38191800536356,1324.4498049687056,0.09,0.6333333333333333
2022,8,9,value_hawk,568.0850822603007,562.7402905099957,353.53550029712227,1274.1861882257667,0.24,0.8266666666666667
2022,9,0,chalk,135.53992389218928,151.09132152293284,268.7293399801647,1295.095683772786,0.14666666666666667,0.7666666666666667
2022,9,1,value_hawk,562.9004167952282,562.372163651236,375.55295156372233,1307.3171533545487,0.25333333333333335,0.8633333333333333
2022,9,2,balanced,-80.97876523134465,-29.118325255645665,85.12470391343115,1146.6890507825065,0.09666666666666666,0.6933333333333334
2022,9,3,reacher,-97.92629406532184,-59.50065617280387,261.5251557650936,1235.6766867044023,0.016666666666666666,0.2966666666666667
2022,9,4,balanced,132.67612632071933,142.36524681336698,341.6954641741329,1232.625021267972,0.15666666666666668,0.8366666666666667
2022,9,5,safe_floor,203.64841839452222,203.27591347282038,274.2131366924757,1252.9455034218322,0.15666666666666668,0.77
2022,9,6,balanced,-67.24803743609107,-75.30441664440707,122.49238763708925,1091.6014718691038,0.02666666666666667,0.36
2022,9,7,autopilot,70.01914548189791,98.52197200034729,221.48311940646198,1175.2251253497257,0.03333333333333333,0.5033333333333333
2022,9,8,balanced,7.552322325049623,61.54973916713946,229.06241004998856,1222.9906711026351,0.09666666666666666,0.6866666666666666
2022,9,9,upside_chaser,-190.68623142402387,-203.08130344296188,54.110864780756934,1002.6981651611449,0.016666666666666666,0.22333333333333333
2022,10,0,autopilot,85.99201564413784,82.05043566282252,200.59408016958247,1238.7847779097979,0.12,0.76
2022,10,1,balanced,7.727063218762176,55.14152120877482,222.53631053844578,1178.2906774969313,0.07666666666666666,0.5666666666666667
2022,10,2,upside_chaser,-100.5665223546531,-110.90177828095025,133.8430582200319,1132.203360939727,0.03333333333333333,0.4066666666666667
2022,10,3,balanced,124.75615936031843,134.7264349221434,271.4739382930534,1268.3957826784604,0.09666666666666666,0.61
2022,10,4,reacher,-121.99420633249626,-128.46988660137202,101.54934229945334,1065.331855039078,0.013333333333333334,0.29333333333333333
2022,10,5,chalk,180.24643262869492,176.37404895844472,323.81828759186874,1376.8457050900734,0.18,0.7366666666666667
2022,10,6,safe_floor,71.6680166220672,106.44537889516347,280.12472324419065,1222.7633371022125,0.08333333333333333,0.6166666666666667
2022,10,7,balanced,94.08046752068104,88.62208876635654,279.1366357530202,1271.0512389142607,0.11666666666666667,0.67
2022,10,8,balanced,-0.5038652395112209,55.34018735852251,246.7152190220818,1249.9750981286354,0.056666666666666664,0.5766666666666667
2022,10,9,value_hawk,525.3981487054724,520.0737709170589,353.2142020109421,1272.1715690243002,0.22333333333333333,0.7633333333333333
2022,11,0,value_hawk,549.7560551841325,546.2678367609049,352.4903487593423,1290.4775296927119,0.3,0.9533333333333334
2022,11,1,balanced,145.4808662943403,200.33688130184788,367.94720054005836,1361.1693081549984,0.1,0.6866666666666666
2022,11,2,reacher,-234.0841112240509,-234.0841112240509,83.11967235283038,1116.9035224913712,0.05,0.49
2022,11,3,safe_floor,248.55499098905162,226.25019511826451,306.8928346729981,1323.7621278454544,0.16333333333333333,0.79
2022,11,4,autopilot,139.7697939387386,150.89476332815698,256.5155811658449,1261.3017697265527,0.10333333333333333,0.65
2022,11,5,balanced,-94.64291616927063,-99.74326543399492,119.74959022342742,1111.8131784110324,0.056666666666666664,0.47333333333333333
2022,11,6,upside_chaser,-146.4013961274399,-97.29957380650899,185.96705359441745,1116.5342450746723,0.01,0.35
2022,11,7,balanced,-77.60150727238764,-9.956729789449398,201.47526647163187,1215.9271110963807,0.03666666666666667,0.5266666666666666
2022,11,8,balanced,-263.5981058250826,-171.51235354394373,4.11385602041787,1042.6813951941886,0.013333333333333334,0.26
2022,11,9,chalk,332.8592985638807,384.91474273072356,380.1252200545325,1316.9071851746005,0.16666666666666666,0.82
2022,12,0,safe_floor,313.1925011080049,313.1925011080049,362.1748110135172,1239.6802499081502,0.30666666666666664,0.9
2022,12,1,reacher,-20.51466670335885,10.703788629339314,154.3680064472328,1141.1646097150258,0.04666666666666667,0.4633333333333333
2022,12,2,chalk,-52.77495607567115,-54.32497794622878,168.8908105795757,1180.062649387745,0.07,0.47333333333333333
2022,12,3,autopilot,67.22417439780497,65.95010496396449,196.17271499172594,1222.832061834764,0.08666666666666667,0.6333333333333333
2022,12,4,balanced,46.62096285568936,99.55995623748865,286.5323032491622,1267.7235420922134,0.05,0.49666666666666665
2022,12,5,balanced,175.2126147586992,190.38734722532763,316.7234353270936,1297.3089009545206,0.1,0.63
2022,12,6,upside_chaser,-115.14486591752646,-119.45276090003148,91.60262388836908,1057.7724245676493,0.04666666666666667,0.45666666666666667
2022,12,7,balanced,-115.74779803130309,-33.99544742192367,169.51294403520302,1163.792062603732,0.08333333333333333,0.59
2022,12,8,value_hawk,466.84865085571715,460.7762727902991,298.93973090114395,1239.5659491593838,0.15666666666666668,0.83
2022,12,9,balanced,61.073333614327325,47.751719388423545,232.20375895377308,1225.1228555871362,0.05333333333333334,0.5266666666666666
2022,13,0,balanced,134.06457088718574,132.0321806606267,239.76678827259494,1247.961487511973,0.13333333333333333,0.7333333333333333
2022,13,1,autopilot,117.38925942924293,105.69210128575074,252.8263106222478,1281.3321861196214,0.08666666666666667,0.48
2022,13,2,balanced,137.11197736436435,198.36067979304747,348.48945209648593,1330.9310005611876,0.15666666666666668,0.7066666666666667
2022,13,3,value_hawk,502.7983524007971,501.5314465778964,345.05595013326314,1291.5787439011938,0.15,0.8733333333333333
2022,13,4,balanced,1.3408193691307755,-3.0335783242369985,176.0947983084948,1172.3878636195493,0.05333333333333334,0.48
2022,13,5,safe_floor,290.8315971714415,283.6840334492756,319.4624391283046,1345.9539844202297,0.23,0.89
2022,13,6,balanced,11.824881037761264,18.294592033311133,173.27189342580087,1099.3940540729636,0.05,0.5733333333333334
2022,13,7,chalk,66.60720736545166,55.618899218309906,210.69421555971144,1219.5597611490505,0.11333333333333333,0.6466666666666666
2022,13,8,upside_chaser,-70.43135337273515,-74.98748836588011,128.65359526243094,1104.365220296048,0.006666666666666667,0.3233333333333333
2022,13,9,reacher,-240.4915123181036,-240.4915123181036,81.28358773255061,1004.9011292876553,0.02,0.29333333333333333
2022,14,0,safe_floor,83.88022374095708,81.64274243218827,215.291926766014,1244.3047782518852,0.12333333333333334,0.65
2022,14,1,balanced,-110.10066542519364,-75.77300633331275,186.02670138530652,1164.0715947440303,0.06333333333333334,0.44
2022,14,2,balanced,-96.49100651798847,-89.98346277323787,126.06221610399348,1153.59609689102,0.05333333333333334,0.45666666666666667
2022,14,3,upside_chaser,9.54450424005896,13.738567808819681,208.03208943091605,1214.5691283441986,0.10666666666666667,0.64
2022,14,4,reacher,5.907809720029803,57.385148849543626,288.62050404393204,1267.5697222586193,0.03,0.3933333333333333
2022,14,5,autopilot,33.89881130528546,147.9541353501972,187.16253744184166,1193.1210592874322,0.12,0.76
2022,14,6,value_hawk,614.0317910937833,614.0317910937833,396.1017590812616,1348.1161962827468,0.27,0.93
2022,14,7,balanced,-78.75697516090031,-29.122003708111485,152.6286860126358,1138.3177203583145,0.06333333333333334,0.5166666666666667
2022,14,8,chalk,147.84057208256436,147.84057208256436,294.41957372118657,1155.5336419245293,0.08,0.6966666666666667
2022,14,9,balanced,71.12704287284555,75.04235160855355,183.58266709174495,1174.985473620803,0.09,0.5166666666666667
2022,15,0,reacher,-116.957347295006,-91.41479744562687,142.01296581690798,1111.5187415181213,0.05,0.45666666666666667
2022,15,1,balanced,41.893271312716465,70.19689181309255,264.9499892001169,1259.2011749124508,0.07666666666666666,0.49
2022,15,2,balanced,261.9452802270284,243.5346172715195,326.0576570338062,1323.2232729698405,0.14666666666666667,0.7733333333333333
2022,15,3,chalk,-58.97608110421164,-43.51305932957643,109.97619253489151,1013.4050234888177,0.09,0.6233333333333333
2022,15,4,balanced,141.87325828688788,137.1690825330938,214.74360611902878,1213.5019628055159,0.1,0.6133333333333333
2022,15,5,value_hawk,563.2318984341415,557.8871066838365,350.14744067957264,1284.0243295386465,0.23,0.88
2022,15,6,upside_chaser,-240.15824009503137,-232.63677220215357,56.0707219263885,1096.5000834228458,0.03666666666666667,0.32
2022,15,7,autopilot,-93.46760722202731,-26.7333866395757,150.8121770361791,1172.2729413330305,0.05,0.5
2022,15,8,balanced,100.59932133510594,99.43788605697533,246.45299157725006,1239.5257671595818,0.08666666666666667,0.6633333333333333
2022,15,9,safe_floor,210.05332002883034,207.0699306407604,311.5511579102854,1253.3194534837198,0.13333333333333333,0.68
2022,16,0,balanced,-125.51750507897063,-128.46785481627745,102.2029309028665,1088.6029482840577,0.03,0.51
2022,16,1,balanced,63.24485355976338,61.35126122820681,218.00097195350747,1203.865287081665,0.07666666666666666,0.7133333333333334
2022,16,2,balanced,121.96520329911917,169.44964528753093,338.9082502491697,1330.537723464654,0.11,0.6133333333333333
2022,16,3,balanced,30.017867189344024,15.386787658132107,205.3283526646048,1167.2928325719256,0.02666666666666667,0.3466666666666667
2022,16,4,chalk,7.335824988667127,48.978149033271,210.97859450116871,1242.294856592654,0.13666666666666666,0.6033333333333334
2022,16,5,safe_floor,174.02671947948318,170.19817080145123,332.0996392164837,1251.2038074540553,0.18,0.8266666666666667
2022,16,6,value_hawk,559.7906344080865,559.7906344080865,353.5470021925214,1274.580379007311,0.22666666666666666,0.84
2022,16,7,autopilot,111.17224378726435,168.22183096305292,259.28703381172716,1223.9948696915674,0.09666666666666666,0.6866666666666666
2022,16,8,upside_chaser,-167.44166857054194,-171.1411041311065,65.4408427239122,1041.7177085451374,0.03,0.27
2022,16,9,reacher,9.79844778750365,16.221126420718846,193.39476424454853,1190.7224589057905,0.08666666666666667,0.59
2022,17,0,reacher,-31.741841367182207,-25.441658269301946,172.80919318883284,1137.639268841916,0.023333333333333334,0.36
2022,17,1,balanced,169.5156636521419,202.88864984578134,272.3092227887977,1288.1177869766036,0.18666666666666668,0.79
2022,17,2,balanced,-104.83760474699409,-108.64201983693943,134.39540136202095,1097.3413251246452,0.02666666666666667,0.43666666666666665
2022,17,3,balanced,-45.11911473031665,22.352897785671274,192.03856483805214,1196.7711571486557,0.06666666666666667,0.58
2022,17,4,safe_floor,265.9085828897692,268.8215107852243,307.11949626644616,1293.4700300912932,0.11666666666666667,0.7666666666666667
2022,17,5,chalk,158.0175589863089,147.3554150285989,303.03544710999694,1300.0162562994083,0.14666666666666667,0.64
2022,17,6,balanced,-149.11045083448528,-150.35607210007848,136.62084496316706,1163.8137486129722,0.02,0.37
2022,17,7,value_hawk,564.5460009154665,558.6933699830607,362.2286031574378,1289.5081571025416,0.21,0.8166666666666667
2022,17,8,upside_chaser,-118.75390003166255,-124.80494552065487,65.34067547260497,1002.3070650954141,0.10333333333333333,0.64
2022,17,9,autopilot,27.920610168208725,112.98354432610816,283.02000235902716,1298.8143797396422,0.1,0.6
2022,18,0,balanced,-10.996547090780787,25.496526567807017,151.02997724638544,1169.6566665598866,0.10333333333333333,0.7033333333333334
2022,18,1,reacher,64.9253735616455,50.92465297361912,235.40920162912323,1243.5930267538865,0.07,0.49
2022,18,2,autopilot,165.25274139530637,159.91360647273598,314.3446995556878,1314.3325333164105,0.12,0.6766666666666666
2022,18,3,balanced,-17.687768821912616,-29.003804993253333,257.42722004921865,1213.9808686198855,0.043333333333333335,0.5166666666666667
2022,18,4,upside_chaser,-197.65419371988145,-99.44591697433084,90.85887343328362,1076.6844932015908,0.10333333333333333,0.56
2022,18,5,balanced,-24.810499698868565,-37.753032085808414,182.0976965857743,1205.1125023601433,0.06666666666666667,0.5366666666666666
2022,18,6,chalk,71.25293218970252,69.93549805186825,267.7626262339664,1234.3345437460832,0.09333333333333334,0.5966666666666667
2022,18,7,balanced,24.999719564118273,24.999719564118273,198.43415423350933,1224.634487852448,0.04,0.43
2022,18,8,value_hawk,618.7955785652845,614.7791069980645,402.95978974967744,1366.144924254768,0.29333333333333333,0.89
2022,18,9,safe_floor,179.79185860266216,172.31692878850043,274.547002882123,1229.4956242975315,0.06666666666666667,0.6
2022,19,0,safe_floor,76.73993919574445,118.12035427793055,250.69219362974644,1239.0752825102588,0.15333333333333332,0.69
2022,19,1,balanced,136.9263393513865,209.506200532154,318.00584244487106,1280.4384002034672,0.09333333333333334,0.6266666666666667
2022,19,2,balanced,108.51864236212835,102.96356404648472,246.8322709217531,1264.6122200077316,0.10666666666666667,0.62
2022,19,3,autopilot,11.242923202956518,60.840643887791416,260.79565851347695,1291.6476423303047,0.11,0.7033333333333334
2022,19,4,balanced,-96.19873420629789,-104.70999840394944,104.02652161874141,1102.5042417329942,0.023333333333333334,0.3
2022,19,5,balanced,192.97135257765188,192.97135257765188,275.1118126679979,1282.0113833500527,0.14333333333333334,0.7166666666666667
2022,19,6,reacher,-5.2928481925443345,-6.398344944338319,166.06631468315518,1195.4868355948352,0.056666666666666664,0.5466666666666666
2022,19,7,chalk,113.17545431014396,102.22042814041427,239.50894019436117,1284.6522642369864,0.11333333333333333,0.6533333333333333
2022,19,8,value_hawk,482.09464917312727,483.2328180193833,315.29691975457473,1230.00247309627,0.15666666666666668,0.7633333333333333
2022,19,9,upside_chaser,-164.54593975688542,-156.16419381972764,65.31615324356906,1048.0330384405645,0.043333333333333335,0.38
2022,20,0,balanced,-3.2818876981592453,21.651992794201263,211.80199029202544,1235.5577026067385,0.07333333333333333,0.59
2022,20,1,balanced,-7.315395262457216,-7.315395262457216,231.55534821846385,1280.065662872054,0.09666666666666666,0.6366666666666667
2022,20,2,autopilot,74.83760754225948,78.39656263464252,234.46027819264336,1234.0776052036872,0.08666666666666667,0.5666666666666667
2022,20,3,chalk,44.56547540068071,42.741872669823834,243.88310187978504,1230.360746938767,0.08666666666666667,0.59
2022,20,4,balanced,56.31541329351472,71.86681092425829,232.09579715883888,1242.7588281391781,0.056666666666666664,0.7033333333333334
2022,20,5,reacher,-109.06312032996205,-113.65407856655321,78.03222382477958,1097.3845507017306,0.016666666666666666,0.29
2022,20,6,balanced,198.2750820123788,192.9266497913385,363.59849668257493,1327.407433490324,0.11666666666666667,0.6766666666666666
2022,20,7,upside_chaser,-83.61409920630697,-68.61635881867377,150.91579679909609,1155.4075131344105,0.03333333333333333,0.29333333333333333
2022,20,8,safe_floor,198.14454770745908,236.68529409214062,345.09969337334655,1307.4932428301172,0.21333333333333335,0.7933333333333333
2022,20,9,value_hawk,525.6014335630183,525.073180419026,353.28502846009246,1266.1219323155249,0.22,0.86
2022,21,0,reacher,-97.26795313197157,-86.41669912297436,134.3910633004761,1139.24614811819,0.06666666666666667,0.42333333333333334
2022,21,1,balanced,-2.8132789309315065,-6.144792978382952,246.76580174197068,1236.4008265661726,0.07,0.5066666666666667
2022,21,2,value_hawk,518.3776284487993,518.3776284487993,385.56028425002046,1329.6628696836633,0.22666666666666666,0.87
2022,21,3,balanced,159.15206929128266,171.66081836428285,291.28377168050383,1272.4784395440577,0.13,0.7366666666666667
2022,21,4,autopilot,8.303892973555845,17.83304504986055,225.69958165741377,1218.4405080808895,0.08666666666666667,0.6833333333333333
2022,21,5,balanced,-50.69166286582798,-53.642012603134795,75.45988613800466,1056.3684704827267,0.03666666666666667,0.34
2022,21,6,chalk,144.61080080916258,157.9552789853968,284.3718062102477,1191.3497307848595,0.13333333333333333,0.6966666666666667
2022,21,7,safe_floor,87.06544876342363,125.64807543450843,242.1445525987777,1232.0483785793883,0.12333333333333334,0.6533333333333333
2022,21,8,balanced,48.962327530455944,82.22098256407554,299.23725884151384,1276.0936327976574,0.08,0.5566666666666666
2022,21,9,upside_chaser,-37.90439403888729,-37.90439403888729,183.1842208157634,1173.8723224312034,0.04666666666666667,0.5333333333333333
2022,22,0,balanced,-117.062824153726,-90.58647710257475,96.40523973813607,1133.6205629241977,0.07333333333333333,0.52
2022,22,1,upside_chaser,-43.47101955469961,-5.38986723002612,209.42788712919156,1085.0166580183004,0.05,0.46
2022,22,2,balanced,187.65877612042294,181.73380858409706,266.85444145857696,1311.2090493539133,0.1,0.6733333333333333
2022,22,3,autopilot,111.93809317363029,98.53693180035742,265.358904059663,1261.543940820494,0.08666666666666667,0.68
2022,22,4,chalk,45.61554298482083,43.95845885307306,248.34817249899896,1245.872047410083,0.07,0.53
2022,22,5,balanced,51.1441878316643,157.56302596095213,258.27687527685964,1230.5318506948358,0.14666666666666667,0.7833333333333333
2022,22,6,value_hawk,537.2922003899772,537.2922003899772,361.96903512961364,1331.7227076410065,0.2633333333333333,0.8766666666666667
2022,22,7,safe_floor,180.04516507398537,267.8370955493252,334.0923363266588,1298.9020434889844,0.14,0.8033333333333333
2022,22,8,balanced,2.146954489650355,2.146954489650355,236.34599591995052,1226.0638546848552,0.06333333333333334,0.52
2022,22,9,reacher,-349.59818673419505,-305.9457823376174,32.926887473960115,986.3750530997877,0.006666666666666667,0.15333333333333332
2022,23,0,balanced,-52.96554594937516,50.016071319980036,220.3749989741752,1227.3256502183394,0.17333333333333334,0.6466666666666666
2022,23,1,chalk,89.99924987027408,75.66089607184277,200.76320881214463,1085.866369951264,0.12,0.64
2022,23,2,balanced,11.879564573423922,-3.94282217449323,161.81231943312355,1161.9689899154077,0.06666666666666667,0.5533333333333333
2022,23,3,value_hawk,547.3763863995885,545.4763546764947,345.89099950135585,1257.9523246738072,0.13333333333333333,0.75
2022,23,4,reacher,-125.62528351529947,-130.08348781013717,92.68712126588926,1111.4770157627947,0.05,0.44333333333333336
2022,23,5,balanced,149.43402518436272,143.44046762129983,284.7571933727605,1264.7725673458283,0.09333333333333334,0.6366666666666667
2022,23,6,safe_floor,265.1830455598256,253.6661746160322,334.5397301825059,1362.9373396956573,0.18333333333333332,0.8233333333333334
2022,23,7,upside_chaser,40.456621284136666,41.63206521509927,257.8952341190162,1242.9185057167651,0.08333333333333333,0.61
2022,23,8,autopilot,32.05065251613266,28.402191509615726,199.39246734509476,1200.1198236311675,0.05333333333333334,0.49333333333333335
2022,23,9,balanced,-16.946048376140254,-24.569581020995727,149.499600823352,1099.0395135200922,0.043333333333333335,0.4033333333333333
2022,24,0,reacher,-54.551155911413844,-58.64383718034118,148.6384930730033,1191.4831611945033,0.03333333333333333,0.4066666666666667
2022,24,1,chalk,158.57263096597254,149.7564260833316,213.9828075098148,1232.7165355474222,0.12,0.72
2022,24,2,safe_floor,230.35149751692114,238.06664761203876,311.68150072994774,1279.1783346105572,0.09,0.6433333333333333
2022,24,3,balanced,-31.594949996991055,-20.587222072139205,179.56194763879216,1206.7857024893983,0.1,0.6233333333333333
2022,24,4,balanced,-115.99213690629522,-104.12024362211709,97.85271871939136,1150.716048565831,0.10666666666666667,0.6133333333333333
2022,24,5,balanced,64.5536429905685,64.5536429905685,249.41773344847837,1257.1021292270837,0.06666666666666667,0.48333333333333334
2022,24,6,autopilot,151.99455213589167,191.20514238022255,341.0725365493036,1338.6385675443187,0.16666666666666666,0.7533333333333333
2022,24,7,balanced,25.012658304169236,103.7058915684494,245.97979394648695,1220.1660455621368,0.09,0.67
2022,24,8,value_hawk,521.189562011169,529.8413261513264,352.24650307627917,1270.928443143438,0.21,0.85
2022,24,9,upside_chaser,-146.35813203604366,-147.99501826477925,142.42244494272296,1130.0950355537923,0.016666666666666666,0.23666666666666666
2022,25,0,balanced,-30.311797459208492,2.7761201100315347,167.677316828866,1214.790265663936,0.15,0.69
2022,25,1,reacher,-181.4888333662606,-138.806911733091,119.0423291383519,1129.4123966349891,0.03333333333333333,0.42333333333333334
2022,25,2,safe_floor,185.32970878338477,196.2187408433091,261.1845452062705,1259.1684613663544,0.13666666666666666,0.7066666666666667
2022,25,3,balanced,-9.514756151061924,62.489776088411354,193.47054472373583,1175.522587289345,0.06333333333333334,0.5333333333333333
2022,25,4,chalk,85.08515774673853,75.96808617016902,184.18486332089256,1155.5369117532064,0.09666666666666666,0.63
2022,25,5,balanced,34.01247574085535,61.0361544681104,280.53566062465995,1303.5023822561548,0.09333333333333334,0.5433333333333333
2022,25,6,upside_chaser,-38.17979591835592,-47.60784007022639,257.1113344241173,1214.3191014954277,0.08,0.59
2022,25,7,balanced,14.46282082405271,-2.1749454104789265,187.76306925302953,1181.9915407302176,0.06,0.49666666666666665
2022,25,8,autopilot,119.46219656265032,119.3972105821885,268.29786938512257,1255.960005657944,0.06666666666666667,0.52
2022,25,9,value_hawk,574.7439512102113,574.7439512102113,359.00298269627086,1284.3367303618156,0.22,0.8666666666666667
2022,26,0,balanced,-16.86548853909035,20.86222347131274,178.6070584308148,1157.0504909991766,0.05333333333333334,0.49666666666666665
2022,26,1,balanced,63.61899176023422,112.77168780842936,312.975093961687,1305.1417113851476,0.12,0.72
2022,26,2,value_hawk,562.0181525846219,558.5299341613943,346.12628137782326,1281.3397302422136,0.21333333333333335,0.8433333333333334
2022,26,3,autopilot,-107.67540151603205,0.02870258162132444,138.40012325340942,1195.448181227345,0.12666666666666668,0.63
2022,26,4,upside_chaser,-100.59263002635544,-110.4602133635168,186.83353457002187,1153.151036532362,0.013333333333333334,0.38666666666666666
2022,26,5,chalk,60.60406946712042,108.19939833424661,263.6509030465952,1264.7419961202186,0.08333333333333333,0.49666666666666665
2022,26,6,safe_floor,324.5294778496297,340.08087548037327,307.51402982920536,1311.6480944242605,0.19666666666666666,0.8033333333333333
2022,26,7,balanced,1.168197370589869,1.1085739984696374,202.92495791908354,1186.8257869882436,0.06,0.5133333333333333
2022,26,8,balanced,59.42606654289549,57.19574399614751,230.92601984436587,1262.4691293822855,0.11333333333333333,0.7366666666666667
2022,26,9,reacher,-168.70375087588076,-188.31970015061512,54.797799266730976,959.8785549518648,0.02,0.37333333333333335
2022,27,0,chalk,183.20804454084302,171.14469962959194,311.1433235760396,1340.5521011070155,0.19333333333333333,0.8033333333333333
2022,27,1,balanced,-82.1053398454251,-85.27684946560365,177.91366896704216,1201.495832985286,0.023333333333333334,0.33
2022,27,2,upside_chaser,-149.59718951110432,-170.0345609853159,49.526533028126764,1112.8767508285919,0.04,0.43333333333333335
2022,27,3,balanced,79.72903673714055,79.72903673714055,245.69437419055507,1230.1505618966528,0.1,0.7066666666666667
2022,27,4,safe_floor,214.70251031808286,243.07619086409954,316.23107909349636,1298.9499526653412,0.13,0.77
2022,27,5,value_hawk,557.4047527147728,553.666652116685,398.7805608619681,1348.9670670942392,0.18333333333333332,0.86
2022,27,6,balanced,-21.842348187170245,10.06370946733825,194.37171458062681,1193.4164628643973,0.043333333333333335,0.43666666666666665
2022,27,7,reacher,-68.07540252370414,-76.3951408168732,158.16387217390496,1112.3456110074153,0.02666666666666667,0.29333333333333333
2022,27,8,autopilot,213.64523766439606,197.71624617222645,306.98319024139334,1283.4081871031588,0.15666666666666668,0.7333333333333333
2022,27,9,balanced,-86.60415769250581,39.56398780697131,181.32373844783513,1215.5493774198897,0.10333333333333333,0.6333333333333333
2022,28,0,value_hawk,564.7175592433454,564.7175592433454,374.0119172519227,1328.811998872171,0.2966666666666667,0.94
2022,28,1,safe_floor,184.99197025761603,180.00388010799065,257.9588891586769,1295.387283961075,0.1,0.6966666666666667
2022,28,2,balanced,57.471654769533984,70.89081043370662,210.87786277364734,1192.8281789345074,0.12,0.77
2022,28,3,reacher,-213.96314975217894,-204.192149673397,107.20050713880751,1103.2512925369147,0.016666666666666666,0.23
2022,28,4,balanced,129.40729513528666,174.42432687592117,283.24197285897867,1302.3721660694412,0.14,0.7833333333333333
2022,28,5,balanced,76.0182271737964,71.6003001154393,250.30240358973498,1244.2029706366486,0.03333333333333333,0.5933333333333334
2022,28,6,chalk,-9.95669118748693,1.2868128516960553,152.42937193517136,1171.204067476003,0.09666666666666666,0.49333333333333335
2022,28,7,upside_chaser,-172.93186178800295,-172.93186178800295,103.20864745240765,1067.1868353653485,0.01,0.22
2022,28,8,autopilot,198.19687917041446,210.5852822995047,297.1180919282724,1268.506111134825,0.13,0.7033333333333334
2022,28,9,balanced,42.08117805622829,40.51073746684325,135.0494120593438,1152.6957039748409,0.056666666666666664,0.57
2022,29,0,reacher,-33.66714472256385,-34.87889858102401,182.60580944189314,1199.5830912291374,0.03333333333333333,0.3566666666666667
2022,29,1,safe_floor,334.9582608909575,336.8146527984373,325.30654866306065,1324.6798773963899,0.23333333333333334,0.8666666666666667
2022,29,2,upside_chaser,-127.92686139708242,-140.95194458106403,54.927197570849856,1055.660817440074,0.03,0.4033333333333333
2022,29,3,chalk,75.99328463099832,127.93111297573103,303.70898068525076,1290.596350110837,0.12,0.64
2022,29,4,balanced,28.49976357898284,43.211737446824834,199.8596613609567,1113.4383715917554,0.04666666666666667,0.5866666666666667
2022,29,5,balanced,42.28775105276803,133.11076956628654,285.3403531092295,1307.6080788627587,0.12666666666666668,0.7266666666666667
2022,29,6,value_hawk,548.7707747833848,548.7707747833848,345.8482908500693,1275.1073858219443,0.20666666666666667,0.8433333333333334
2022,29,7,balanced,-184.97730198720114,-79.62962525815226,136.041866704119,1128.409299817803,0.043333333333333335,0.5033333333333333
2022,29,8,autopilot,-5.842491383299894,35.1692123956655,116.39221706790313,1037.5563054142183,0.10666666666666667,0.6066666666666667
2022,29,9,balanced,-34.26823059189503,-46.21157024919481,147.74687882141268,1153.2883617101224,0.05333333333333334,0.4666666666666667
2022,30,0,upside_chaser,-198.07697142444607,-96.5051973677551,137.5708474843527,1132.336334584592,0.06,0.48333333333333334
2022,30,1,reacher,155.07083231045473,151.6633806383254,229.1922426015025,1161.7942522318515,0.09666666666666666,0.6566666666666666
2022,30,2,safe_floor,377.55956496471254,367.9112896446453,388.1967213761849,1365.463173091931,0.21,0.8466666666666667
2022,30,3,autopilot,-19.560091159697386,34.42646799879941,109.21844626128373,1113.8818960771168,0.10666666666666667,0.58
2022,30,4,balanced,25.963448175238753,25.963448175238753,149.53237521142034,1071.269318748393,0.03666666666666667,0.49
2022,30,5,balanced,-144.53308859178082,-156.23020835388166,55.59893293864502,1088.7670355896546,0.03333333333333333,0.4066666666666667
2022,30,6,balanced,14.039859627957311,11.72355954922751,250.5841981080597,1266.085021178785,0.08,0.6433333333333333
2022,30,7,balanced,43.8809677285326,40.012855369657174,222.27555087006846,1200.1594735488468,0.09333333333333334,0.56
2022,30,8,chalk,5.141851865800248,34.51458814930916,149.55652779505652,1109.9678474000386,0.043333333333333335,0.49333333333333335
2022,30,9,value_hawk,505.60286126217375,506.2500520491441,354.6005327023987,1274.270511215416,0.24,0.84
2022,31,0,chalk,68.69855318842032,71.43312772828594,219.75972659333058,1217.783935632856,0.07333333333333333,0.5966666666666667
2022,31,1,autopilot,129.6101244191319,129.6101244191319,263.46943235128396,1278.0837354422483,0.10666666666666667,0.6466666666666666
2022,31,2,reacher,-105.87944628985537,-68.96002027839006,162.94779451633667,1132.2662531173564,0.013333333333333334,0.27
2022,31,3,balanced,240.3000829622509,307.4947778932947,362.81379544502914,1402.825809705908,0.18,0.85
2022,31,4,upside_chaser,-118.00881466873642,-126.6886347612488,168.6651238778132,1136.6800739072823,0.04,0.44666666666666666
2022,31,5,balanced,-127.60740319681175,-50.162185304692585,79.94560654281996,1072.0140816305639,0.07666666666666666,0.5566666666666666
2022,31,6,safe_floor,192.8909821000561,191.76328892001564,248.37041442611152,1278.3663298595884,0.18333333333333332,0.8266666666666667
2022,31,7,balanced,6.076255371042273,-0.7749984408636195,216.21147586202747,1206.168737216882,0.05,0.3933333333333333
2022,31,8,value_hawk,486.60602587210633,477.40549796715777,351.0873620624079,1260.2802266360763,0.21,0.82
2022,31,9,balanced,-29.151619749050713,-30.494938839473207,186.4998585666865,1097.6492965685118,0.06666666666666667,0.5933333333333334
2022,32,0,value_hawk,508.63283404667027,499.47117464809753,352.51863813075533,1298.4668278831446,0.2,0.7766666666666666
2022,32,1,balanced,203.55867120757202,212.2375836176336,282.9350366347377,1268.4654296655697,0.18333333333333332,0.7833333333333333
2022,32,2,autopilot,66.20848782903803,21.979670947013815,141.73580214385038,1179.4387528128043,0.09,0.6466666666666666
2022,32,3,balanced,-190.63461491912238,-142.9974834784635,70.96644058716466,1039.9396965329242,0.03666666666666667,0.44666666666666666
2022,32,4,chalk,103.43223148046273,114.92160882488875,268.9480539924773,1308.8936692202533,0.13,0.7133333333333334
2022,32,5,upside_chaser,110.47921294408462,108.38965993158763,279.40471979957385,1251.639820689703,0.09,0.55
2022,32,6,reacher,-17.350815540045197,-24.437965839923315,152.184302577646,1132.4766350404498,0.05,0.37333333333333335
2022,32,7,balanced,68.79206180697419,62.5330726879635,248.31248232024288,1210.6261988634135,0.043333333333333335,0.5366666666666666
2022,32,8,safe_floor,177.87068443059977,229.35935677217742,267.53157634545846,1282.8448797009041,0.12333333333333334,0.7233333333333334
2022,32,9,balanced,-123.27890081409193,-127.0145135736951,186.11389314153888,1068.338587516685,0.05333333333333334,0.45
2022,33,0,balanced,78.04414360791439,91.88044871741697,223.89615037254853,1110.8575992840767,0.10333333333333333,0.5633333333333334
2022,33,1,balanced,79.22705964762567,76.0702484331928,218.83840673177883,1210.6256032918836,0.11,0.67
2022,33,2,reacher,16.36345260865248,12.108485029448573,208.96597708418585,1223.4806251593152,0.06666666666666667,0.5666666666666667
2022,33,3,safe_floor,162.50072525579412,154.95360957874044,263.19632625534035,1289.290948910685,0.10333333333333333,0.7
2022,33,4,value_hawk,602.6914834445831,601.0343993128354,366.35823198029175,1317.7561735220304,0.29,0.9433333333333334
2022,33,5,upside_chaser,-269.4097931670157,-259.75602792087926,31.413082097390088,1052.6306440938113,0.023333333333333334,0.33
2022,33,6,chalk,40.045677702117345,19.337114541292408,188.39515758524794,1189.922246224903,0.07666666666666666,0.6466666666666666
2022,33,7,autopilot,247.7550009863555,233.23438246806145,288.6590727287005,1259.8807539788684,0.12666666666666668,0.75
2022,33,8,balanced,-117.13609159440875,-100.92009422592204,108.43044144452597,1076.8671197384292,0.023333333333333334,0.24
2022,33,9,balanced,116.49442461304278,106.67309482292919,238.04435528705426,1221.491960046014,0.07666666666666666,0.59
2022,34,0,safe_floor,66.56106319944145,84.19111878019362,234.3322246964053,1225.5319088302695,0.19,0.7666666666666667
2022,34,1,balanced,65.6706186189254,92.72119658640783,249.56400599348046,1276.1596121410307,0.11666666666666667,0.7233333333333334
2022,34,2,balanced,-64.31506105346712,-7.158683386059202,156.44902134801012,1176.5132597927159,0.08333333333333333,0.5166666666666667
2022,34,3,chalk,29.349275694094175,63.71094371180069,267.12309451183614,1272.3566176003578,0.11333333333333333,0.5966666666666667
2022,34,4,balanced,2.917460131639352,62.402380583776136,269.78088516366813,1250.017247409746,0.07333333333333333,0.51
2022,34,5,autopilot,-59.70722142263781,-66.17592155402474,134.4944347994449,1173.7071439678457,0.04666666666666667,0.4633333333333333
2022,34,6,value_hawk,577.5674755392383,575.7313161740525,362.18006735633776,1290.0280031108218,0.24333333333333335,0.8766666666666667
2022,34,7,balanced,173.8854775021134,200.8011065984414,304.2235252159034,1284.9760050531665,0.09,0.7533333333333333
2022,34,8,upside_chaser,-215.84596317120713,-190.31972080224784,127.50688897519859,1065.7974647632561,0.023333333333333334,0.38666666666666666
2022,34,9,reacher,36.105543957778984,32.89387943245512,264.3888619203293,1182.6073228808093,0.02,0.4066666666666667
2022,35,0,balanced,43.084622003726636,67.79237827231142,194.8999481748925,1161.4346362642295,0.11,0.6866666666666666
2022,35,1,reacher,99.15036555335644,83.965839593351,279.8287520739313,1269.9513517298776,0.09666666666666666,0.5933333333333334
2022,35,2,value_hawk,559.6912986638104,558.3195200847089,345.57223634371053,1303.535250204362,0.21333333333333335,0.89
2022,35,3,chalk,118.76333408414324,118.2949312701317,240.41578501904004,1289.548120444507,0.18,0.7533333333333333
2022,35,4,autopilot,141.7588648943746,151.80849492819559,202.31874601056796,1235.0939131542414,0.14333333333333334,0.7233333333333334
2022,35,5,balanced,89.60448585660208,105.37802511828507,265.9569664491394,1254.9931459244149,0.10333333333333333,0.66
2022,35,6,balanced,-284.2504595807616,-287.3949075593151,-49.796656063548255,945.2756357371992,0.02,0.18333333333333332
2022,35,7,safe_floor,85.56706921500663,90.87093632569841,241.70140664157606,1222.083203512486,0.06333333333333334,0.58
2022,35,8,upside_chaser,-95.29053776305392,-97.29784687375448,127.96329198476711,1106.2387175162658,0.03666666666666667,0.38666666666666666
2022,35,9,balanced,15.136181346656738,32.38112946053951,250.3290855532522,1208.905302874542,0.03333333333333333,0.5433333333333333
2022,36,0,chalk,148.69901816096612,172.24980486447265,195.3758339912776,1199.7950842513574,0.17333333333333334,0.8366666666666667
2022,36,1,reacher,-418.60740189745553,-278.2948731244017,-28.031110912695823,978.042822950263,0.01,0.18333333333333332
2022,36,2,balanced,38.42854329547692,102.07639205958067,343.6156888828865,1348.13687558792,0.08666666666666667,0.6166666666666667
2022,36,3,upside_chaser,-158.48295184727706,-145.33623015137167,64.02719719327852,1053.9717084752913,0.016666666666666666,0.36
2022,36,4,balanced,-16.372156866094492,-16.372156866094492,146.5240170418681,1162.524417470597,0.06333333333333334,0.4866666666666667
2022,36,5,balanced,119.18894040581134,152.67121781217185,260.89786877467975,1263.5215812806905,0.14666666666666667,0.74
2022,36,6,balanced,-25.626972886946184,18.615297322428752,180.1355864910117,1172.8675016100856,0.06666666666666667,0.48
2022,36,7,safe_floor,355.7519463308093,334.0353542764717,376.7454688965903,1377.2124982715766,0.19666666666666666,0.8266666666666667
2022,36,8,autopilot,66.11438042104807,102.3363059393665,260.6628405526935,1299.076142764144,0.11,0.6833333333333333
2022,36,9,value_hawk,518.5923059063405,514.7637572283085,331.34575054952114,1235.131512110709,0.13,0.7866666666666666
2022,37,0,reacher,28.95612239863376,75.50770621908617,151.64862661722566,1182.8110465539132,0.09,0.6466666666666666
2022,37,1,balanced,50.60557153830607,66.51117885980308,201.80481143661964,1173.4442967131781,0.1,0.59
2022,37,2,value_hawk,599.702922610257,595.8985075203117,371.2678249349121,1298.0878088146774,0.26,0.87
2022,37,3,autopilot,-26.36590311706478,-38.24302405003043,233.1302995504522,1246.1088369523004,0.07333333333333333,0.55
2022,37,4,balanced,0.6374508176479878,0.6374508176479878,180.93201642188006,1192.9906825013013,0.06333333333333334,0.5633333333333334
2022,37,5,balanced,54.918018427588784,51.75270868310534,237.47120931001672,1237.62579055884,0.04666666666666667,0.5
2022,37,6,chalk,-49.08299522681834,-56.81219842756778,142.65385812918325,1128.143612565283,0.04666666666666667,0.43666666666666665
2022,37,7,upside_chaser,-41.064465860689374,-35.47542996523324,160.13651164069296,1131.2981477782207,0.07,0.4266666666666667
2022,37,8,safe_floor,160.3136035729736,209.41542589390448,342.477082534028,1374.3098155921746,0.18333333333333332,0.82
2022,37,9,balanced,19.766983829265776,31.688508385403914,250.86835070652114,1209.1389609136086,0.06666666666666667,0.5966666666666667
2022,38,0,value_hawk,575.0380260591018,573.137994336008,357.390605251123,1292.3382434652954,0.30333333333333334,0.9066666666666666
2022,38,1,balanced,39.4304077922064,29.39661657810126,204.09813060944663,1227.166055850892,0.08,0.5766666666666667
2022,38,2,balanced,94.71217060052201,91.74731699339577,279.69246097042117,1282.865357765212,0.07666666666666666,0.6333333333333333
2022,38,3,balanced,121.2335011360197,157.1041370273775,290.3718170493054,1196.3926299788686,0.09333333333333334,0.78
2022,38,4,safe_floor,-5.450790123770783,24.8944847668442,210.1600637107241,1222.7622098653949,0.06333333333333334,0.5266666666666666
2022,38,5,autopilot,-24.84586421211695,15.297885840854242,199.91789238616653,1150.625815776893,0.08,0.5633333333333334
2022,38,6,balanced,133.47849570363678,173.71931791241354,251.87454997542406,1257.662861431344,0.11333333333333333,0.6433333333333333
2022,38,7,upside_chaser,-61.3878888254374,-70.28030505938332,234.72927650291777,1248.899075548362,0.05333333333333334,0.41
2022,38,8,reacher,-155.96360517395266,-140.49411387215264,88.2126603176255,1064.947509522805,0.02666666666666667,0.34
2022,38,9,chalk,81.58370048758721,104.68143519335997,269.6677431917757,1274.5032163783849,0.11,0.62
2022,39,0,upside_chaser,-177.1575678860903,-117.35797429163041,77.05942252863035,1105.6409547139253,0.06333333333333334,0.49666666666666665
2022,39,1,value_hawk,563.2546652629055,562.7264121189132,380.55169102193656,1322.1287153941837,0.25666666666666665,0.9166666666666666
2022,39,2,chalk,-100.3671177333321,-49.33557878220465,173.138113321054,1161.5451534890246,0.02666666666666667,0.48333333333333334
2022,39,3,balanced,-9.793808973064209,-17.78610772226201,107.85337072179257,1098.6265836755704,0.056666666666666664,0.43
2022,39,4,reacher,11.2877966439907,35.8111668203626,201.66222311436218,1077.047435337615,0.056666666666666664,0.51
2022,39,5,autopilot,4.724764365984299,2.4621691500146667,167.1351497328632,1222.9530269547033,0.08333333333333333,0.5933333333333334
2022,39,6,safe_floor,83.99675547041626,185.07181718587643,275.74656380363615,1333.8665256198626,0.17666666666666667,0.8033333333333333
2022,39,7,balanced,5.947331463159314,-3.3979619347516987,204.03131605206164,1165.3836122114437,0.03333333333333333,0.38666666666666666
2022,39,8,balanced,182.43634062427276,172.77554630599286,316.9406833199581,1283.0168522452304,0.12333333333333334,0.6666666666666666
2022,39,9,balanced,107.23059204978463,173.91165724817859,313.12620863866647,1302.165572522154,0.12333333333333334,0.7133333333333334
