season,seed,window_mult,team,realized_points,starter_value,portfolio_ce,team_value,title_multiple,playoff_multiple,p95_reach,backups_early,rb1_round,mean_reach
2019,0,0.5,8,2243.7800119146705,369.6275260417469,492.0658357255073,499.2743144076362,2.0666666666666664,1.45,11.600000000000009,2,9.0,-4.4466666666666645
2019,0,0.75,8,2168.0400087311864,402.62188268847194,523.0985444561788,520.0686042430837,2.4,1.5222222222222221,19.37,2,9.0,-0.6799999999999983
2019,0,1.0,8,2084.000008493662,388.002970534523,516.2232254181997,516.2232254181997,2.5333333333333337,1.5166666666666666,24.269999999999985,2,7.0,0.8066666666666678
2019,0,1.15,8,2285.6200105696917,397.80737661535215,491.5020891801247,485.4916543352506,1.9333333333333333,1.4444444444444446,30.27,2,7.0,3.2800000000000016
2019,0,1.25,8,2285.6200105696917,397.80737661535215,491.5020891801247,485.4916543352506,1.9333333333333333,1.4444444444444446,30.27,2,7.0,3.2800000000000016
2019,1,0.5,2,2092.9800059348345,430.11507209967766,507.3388193261377,511.29969453639467,3.0666666666666664,1.5055555555555555,9.530000000000001,2,1.0,-1.226666666666665
2019,1,0.75,2,2367.5400115847588,414.36705399444696,548.2048990816237,543.9523869309955,2.5,1.4222222222222223,13.179999999999998,2,8.0,-0.3199999999999979
2019,1,1.0,2,2079.640010021627,325.77752799738334,451.2978145509883,458.50629323311716,1.5,1.3444444444444443,21.11999999999999,2,10.0,-0.43333333333333096
2019,1,1.15,2,2164.3800116330385,395.7008561585696,475.55683215656865,481.173323485085,2.2666666666666666,1.4277777777777778,17.139999999999993,2,8.0,-1.073333333333332
2019,1,1.25,2,2281.1800137087703,411.4879233663349,501.5067398511652,499.996431081076,2.3666666666666667,1.4277777777777778,30.014999999999983,2,7.0,4.353333333333334
2019,2,0.5,7,2194.080007471144,390.79615379732104,570.7725917965499,563.589289595709,2.2666666666666666,1.5277777777777777,10.580000000000005,2,9.0,-0.7999999999999985
2019,2,0.75,7,2102.580009803176,386.06229665736333,525.224735212723,516.45565124793,2.0,1.3722222222222225,19.22,2,9.0,-0.15999999999999848
2019,2,1.0,7,2264.580007828772,431.288307927144,553.1771599634461,552.1871021761756,3.0,1.5277777777777777,13.799999999999999,1,7.0,-1.5666666666666658
2019,2,1.15,7,2321.7600106224418,418.21985540943433,616.8750705251799,616.8750705251799,2.4,1.5833333333333333,22.219999999999995,1,7.0,-2.5999999999999983
2019,2,1.25,7,2321.7600106224418,418.21985540943433,616.8750705251799,616.8750705251799,2.4,1.5833333333333333,22.219999999999995,1,7.0,-2.5999999999999983
2019,3,0.5,2,2579.6400096789002,382.7914094062638,440.13891782293337,438.958531216383,2.033333333333333,1.4000000000000001,16.459999999999994,1,1.0,-0.20666666666666628
2019,3,0.75,2,2367.620008908212,402.1122585091502,499.81186216957656,495.5593500189484,2.2333333333333334,1.5,11.299999999999992,2,8.0,-0.9199999999999994
2019,3,1.0,2,2296.220012165606,388.1021732044301,474.150492183102,466.80727707264646,2.7333333333333334,1.4166666666666667,24.340000000000003,2,8.0,3.3666666666666667
2019,3,1.15,2,2164.1400089412928,398.21833498546215,497.29550900949744,494.4762138976797,2.5,1.4944444444444445,27.175000000000004,2,8.0,1.3466666666666673
2019,3,1.25,2,2342.340011358261,420.42220077914504,537.2939843206174,534.4746892087996,2.4333333333333336,1.5444444444444443,32.03999999999999,2,9.0,-0.01333333333333305
2019,4,0.5,7,1867.1400032266974,398.6122725874163,514.4108271008124,512.9027843774938,2.3333333333333335,1.388888888888889,10.580000000000005,1,9.0,0.7200000000000022
2019,4,0.75,7,2079.540007829666,411.50456451104594,553.3400301370117,551.8319874136931,2.466666666666667,1.5277777777777777,12.469999999999999,1,8.0,0.19333333333333466
2019,4,1.0,7,2103.0400070250034,421.85213028953433,591.8342065975004,590.3261638741818,2.8666666666666667,1.5777777777777777,10.760000000000007,2,8.0,-1.3866666666666645
2019,4,1.15,7,2150.940009072423,421.85213028953433,604.7032810678795,599.6544247078947,2.7333333333333334,1.5777777777777777,24.459999999999987,2,8.0,0.39333333333333464
2019,4,1.25,7,2150.940009072423,421.85213028953433,604.7032810678795,599.6544247078947,2.7333333333333334,1.5777777777777777,24.459999999999987,2,8.0,0.39333333333333464
2019,5,0.5,3,2392.1800079643726,425.4826940440626,579.3488823073401,579.3488823073401,2.6666666666666665,1.488888888888889,13.219999999999995,1,6.0,1.6466666666666674
2019,5,0.75,3,2272.1200061663985,411.0696262994527,565.0454984973525,563.6236679764484,2.7,1.5277777777777777,13.339999999999998,1,1.0,-1.5733333333333333
2019,5,1.0,3,2376.5600096955895,373.0186741075901,468.64434568172754,467.1247142387216,2.5333333333333337,1.4944444444444445,26.800000000000004,2,9.0,4.746666666666668
2019,5,1.15,3,2100.020001336932,444.06706258667464,616.805865091737,616.805865091737,3.1666666666666665,1.4944444444444445,24.64,2,1.0,-2.233333333333332
2019,5,1.25,3,2100.020001336932,444.06706258667464,616.805865091737,616.805865091737,3.1666666666666665,1.4944444444444445,24.64,2,1.0,-2.233333333333332
2019,6,0.5,2,2453.320009201765,346.3330113964398,481.03676429484335,475.9248352677457,2.1333333333333333,1.4833333333333334,18.789999999999985,1,1.0,-0.14666666666666447
2019,6,0.75,2,2319.24000556767,394.783428592064,552.1484276743673,577.8413888682443,2.7666666666666666,1.488888888888889,9.700000000000001,1,9.0,-3.9599999999999986
2019,6,1.0,2,2359.080013357103,421.87176714075434,523.2390628742445,517.6868870548045,2.6666666666666665,1.5055555555555555,27.175000000000004,2,7.0,2.6066666666666674
2019,6,1.15,2,2236.4000113010406,421.87176714075434,504.54021149482,507.27457198294803,2.8666666666666667,1.4222222222222223,26.825000000000003,2,7.0,5.053333333333334
2019,6,1.25,2,2239.5800114050508,400.4543540622372,544.2616495305729,543.0187512224182,2.5,1.388888888888889,27.719999999999978,2,9.0,0.6733333333333343
2019,7,0.5,9,2353.4400091692805,354.9835945762548,496.51767004985004,496.51767004985004,3.1666666666666665,1.488888888888889,17.129999999999995,1,9.0,-4.926666666666665
2019,7,0.75,9,2331.000013515353,389.5101718966258,505.2523012368366,505.2523012368366,3.433333333333333,1.6055555555555554,12.320000000000006,2,9.0,-0.9733333333333334
2019,7,1.0,9,2289.980012193322,394.94450345191785,509.53048313012425,505.2172082327638,3.0666666666666664,1.5444444444444443,12.760000000000007,2,9.0,-3.8266666666666658
2019,7,1.15,9,2323.5600111186504,430.7185236122598,535.8751772795125,530.6025586156361,3.4000000000000004,1.5277777777777777,12.460000000000006,2,7.0,-4.146666666666666
2019,7,1.25,9,2323.5600111186504,430.7185236122598,535.8751772795125,530.6025586156361,3.4000000000000004,1.5277777777777777,12.460000000000006,2,7.0,-4.146666666666666
2019,8,0.5,9,2371.860007107258,366.0451871466395,501.67333712004626,495.01028590202395,2.166666666666667,1.4055555555555557,16.694999999999993,1,8.0,2.0066666666666686
2019,8,0.75,9,2284.18001383543,344.9392215341861,415.52542040222073,415.93273627606925,2.4,1.4388888888888889,12.460000000000006,2,9.0,-4.933333333333332
2019,8,1.0,9,2448.680014781654,427.0567432322472,528.301212708634,519.224700282471,2.7333333333333334,1.472222222222222,23.93499999999999,2,7.0,0.6066666666666681
2019,8,1.15,9,2448.680014781654,427.0567432322472,528.301212708634,519.224700282471,2.7333333333333334,1.472222222222222,23.93499999999999,2,7.0,0.6066666666666681
2019,8,1.25,9,2448.680014781654,427.0567432322472,528.301212708634,519.224700282471,2.7333333333333334,1.472222222222222,23.93499999999999,2,7.0,0.6066666666666681
2019,9,0.5,1,2233.6200066655874,422.39738428618017,532.0535926844327,532.0535926844327,3.7,1.55,15.349999999999994,2,1.0,-0.026666666666664205
2019,9,0.75,1,2197.0600052773952,443.6045187209295,561.7863656150278,562.063098749879,2.1333333333333333,1.5,10.479999999999999,2,8.0,-1.606666666666665
2019,9,1.0,1,2241.1400100141764,410.143966327358,529.5921875490233,526.7728924372055,2.3000000000000003,1.4222222222222223,24.425000000000004,2,8.0,-1.2266666666666661
2019,9,1.15,1,2280.460008457303,410.143966327358,533.671263449792,530.8519683379743,2.6,1.5222222222222221,23.42999999999999,2,8.0,0.48000000000000115
2019,9,1.25,1,2484.040010020137,429.0068389819842,566.4788499159649,566.4788499159649,2.5333333333333337,1.4611111111111112,28.719999999999978,2,8.0,0.09333333333333466
2019,10,0.5,9,2148.7400045469403,300.90738936997536,462.4380251729792,481.94000800005654,1.9333333333333333,1.3222222222222222,15.120000000000003,2,9.0,0.7600000000000032
2019,10,0.75,9,2168.1400090679526,422.84021165713364,534.9141507142501,533.9240929269796,2.1333333333333333,1.4333333333333333,19.544999999999998,2,9.0,0.726666666666668
2019,10,1.0,9,2291.160011060536,400.63634586345074,558.6024404768766,555.0616268402102,2.7,1.4555555555555555,23.65999999999999,2,9.0,0.8466666666666669
2019,10,1.15,9,2378.560009457171,419.92975294862356,516.6161064710252,513.0752928343588,2.3000000000000003,1.4444444444444446,23.29999999999999,2,7.0,2.726666666666668
2019,10,1.25,9,2509.2400118783116,422.84021165713364,539.3841449212641,535.8433312845978,2.966666666666667,1.5777777777777777,23.65999999999999,2,9.0,-1.5266666666666662
2019,11,0.5,0,2413.7000090256333,405.659292687457,475.90626889035343,532.7916522489477,2.9333333333333336,1.538888888888889,14.539999999999996,1,1.0,-1.0266666666666666
2019,11,0.75,0,2318.120008505881,384.9839843176977,557.629921208944,557.9066543437953,2.7,1.5666666666666664,17.104999999999997,2,8.0,1.8333333333333344
2019,11,1.0,0,2347.9600090682507,432.23533943608396,583.30097499428,583.30097499428,2.833333333333333,1.511111111111111,21.01,1,8.0,-0.5066666666666648
2019,11,1.15,0,2358.840011149645,432.23533943608396,625.2787336482884,625.2787336482884,2.9333333333333336,1.5444444444444443,31.299999999999997,1,8.0,1.4066666666666687
2019,11,1.25,0,2391.7600102871656,406.02709766198444,476.39052018370313,475.09085651489136,2.2333333333333334,1.4444444444444446,31.259999999999984,2,8.0,5.586666666666668
2019,12,0.5,8,2264.8800080046058,421.5602532062267,576.1990041212216,573.1904750303752,3.2,1.538888888888889,10.660000000000007,1,8.0,-3.633333333333331
2019,12,0.75,8,2264.640009649098,432.203889036671,544.2664249456615,539.3633440845832,2.7666666666666666,1.4944444444444445,9.720000000000002,2,9.0,-3.406666666666664
2019,12,1.0,8,2261.7400109916925,432.203889036671,590.6558995935676,589.1362681505617,3.3666666666666667,1.5722222222222222,10.140000000000008,2,9.0,-4.706666666666664
2019,12,1.15,8,2278.020012356341,422.8557415842393,527.2053336641386,560.4535471145967,3.1,1.5555555555555556,10.32000000000001,2,7.0,-5.57333333333333
2019,12,1.25,8,2278.020012356341,422.8557415842393,527.2053336641386,560.4535471145967,3.1,1.5555555555555556,10.32000000000001,2,7.0,-5.57333333333333
2019,13,0.5,3,2160.9400085508823,351.66996261620346,450.579197842534,444.90620441178226,1.9666666666666666,1.3388888888888888,8.560000000000002,1,9.0,-3.4399999999999977
2019,13,0.75,3,2301.740008942783,434.15270322687724,504.17118165319044,498.3330279657871,2.2,1.4388888888888889,8.649999999999999,1,8.0,-5.253333333333332
2019,13,1.0,3,2083.6400073319674,435.1824051834239,604.1165987274757,604.6401961396767,2.6,1.5166666666666666,23.275000000000006,1,8.0,-2.2266666666666644
2019,13,1.15,3,2083.6400073319674,435.1824051834239,604.1165987274757,604.6401961396767,2.833333333333333,1.55,28.525000000000006,1,8.0,-2.2266666666666644
2019,13,1.25,3,2173.5400081425905,435.1824051834239,604.2570311581666,604.5337642930178,3.533333333333333,1.55,30.400000000000006,1,8.0,-2.0599999999999974
2019,14,0.5,6,2353.5000084862113,403.5847751153211,568.6147652007077,567.1067224773891,2.633333333333333,1.538888888888889,10.450000000000003,2,9.0,-2.5666666666666655
2019,14,0.75,6,2316.100010238588,399.86526144114254,541.6481369715244,537.1315651573595,2.7666666666666666,1.5444444444444443,19.539999999999992,2,9.0,-1.739999999999999
2019,14,1.0,6,2192.8000131472945,354.091882043905,507.3772951283577,507.3772951283577,2.5666666666666664,1.5222222222222221,20.339999999999996,2,8.0,-0.7533333333333322
2019,14,1.15,6,2488.2800113484263,446.46792785667776,563.3616390712074,559.820825434541,3.0,1.5833333333333333,25.9,1,8.0,-0.6799999999999993
2019,14,1.25,6,2351.0000149309635,360.40575794028496,517.2319846614039,513.6911710247375,2.6666666666666665,1.5166666666666666,24.694999999999986,2,8.0,-0.3066666666666663
2019,15,0.5,5,2141.960006594658,422.12056355293157,515.3649606725573,522.9137592569821,1.9666666666666666,1.4555555555555555,8.640000000000008,2,7.0,-3.873333333333332
2019,15,0.75,5,2390.8400094136596,370.25967300455363,485.1744117530086,485.1744117530086,2.633333333333333,1.4222222222222223,8.530000000000006,2,9.0,-2.086666666666665
2019,15,1.0,5,2362.1600133404136,370.25967300455363,512.6788994146217,511.37923574580986,2.5333333333333337,1.4055555555555557,19.765,2,9.0,-0.3399999999999982
2019,15,1.15,5,2473.060014374554,370.25967300455363,522.5335889476678,517.6931116421897,1.9333333333333333,1.4444444444444446,24.11999999999999,2,9.0,0.10666666666666771
2019,15,1.25,5,2304.7600115016103,375.83555163748633,526.8098039117888,523.2689902751224,2.4333333333333336,1.3777777777777775,24.11999999999999,2,9.0,0.27333333333333437
2019,16,0.5,6,2169.6800097599626,342.65957796961857,463.0246231097138,462.1209696380147,1.8333333333333333,1.3666666666666665,18.52499999999999,2,10.0,-1.5000000000000004
2019,16,0.75,6,2289.340009100735,368.31240382688355,493.3125100069736,489.67925578141535,1.6666666666666665,1.388888888888889,14.57999999999999,2,10.0,-6.0600000000000005
2019,16,1.0,6,2179.1400085389614,368.31240382688355,518.5165890795365,517.2736907713819,1.8333333333333333,1.45,23.095,2,10.0,-2.88
2019,16,1.15,6,2257.340009942651,376.0396765541563,532.5577377031891,531.3148393950345,1.6333333333333333,1.472222222222222,30.769999999999996,2,10.0,-1.5533333333333326
2019,16,1.25,6,2257.340009942651,376.0396765541563,532.5577377031891,531.3148393950345,1.6333333333333333,1.472222222222222,30.769999999999996,2,10.0,-1.5533333333333326
2019,17,0.5,7,2481.7600092440844,412.0094469037614,486.37524967520756,486.37524967520756,2.0666666666666664,1.3500000000000003,10.850000000000003,2,7.0,1.2400000000000015
2019,17,0.75,7,2279.24000826478,378.03319547040985,462.73290604641664,459.75241141463766,2.4333333333333336,1.488888888888889,22.200000000000003,2,8.0,3.9200000000000026
2019,17,1.0,7,2074.960011012852,379.9732074633296,510.1814791720017,517.1699900799364,2.1333333333333333,1.4666666666666668,19.935,2,9.0,0.8133333333333359
2019,17,1.15,7,2043.2600060030818,355.3569129820588,432.22486967303064,435.672566944299,1.7999999999999998,1.361111111111111,22.62999999999998,2,10.0,3.1666666666666683
2019,17,1.25,7,2233.5600127130747,386.2870833597095,516.4953550683815,523.4838659763162,2.2333333333333334,1.3944444444444446,24.28999999999999,2,9.0,1.2600000000000018
2019,18,0.5,8,2380.0800121203065,426.57562957966695,552.1505585758812,549.3428521837509,2.3000000000000003,1.4333333333333333,11.160000000000005,2,8.0,-2.6999999999999997
2019,18,0.75,8,2458.26001188159,432.7037566438859,509.11171729836434,507.81205362955257,2.4,1.4222222222222223,11.600000000000009,2,7.0,-2.893333333333332
2019,18,1.0,8,2347.1600117385387,427.5658094636586,534.858962716037,533.5592990472252,2.5,1.4833333333333334,25.599999999999994,2,9.0,-0.5599999999999994
2019,18,1.15,8,2264.4800113365054,444.91465471736814,514.6567519555879,509.9736388687038,2.4,1.4777777777777779,11.77500000000001,1,8.0,-4.666666666666666
2019,18,1.25,8,2465.940013065934,444.91465471736814,528.0499603464223,523.3668472595382,2.966666666666667,1.5055555555555555,24.9,2,7.0,-2.646666666666666
2019,19,0.5,8,2306.7800095528364,335.31902761228906,494.81405581119975,519.9890320690288,1.8666666666666667,1.3,11.040000000000003,2,9.0,3.000000000000002
2019,19,0.75,8,2391.5600111186504,410.7756576492802,463.38426153705535,459.96297420185033,2.2333333333333334,1.4666666666666668,11.900000000000006,2,7.0,1.4400000000000015
2019,19,1.0,8,2278.360009290278,427.6168900806445,563.3502474353131,563.3502474353131,3.0666666666666664,1.4666666666666668,21.339999999999996,2,7.0,2.9600000000000013
2019,19,1.15,8,2236.1000084728003,418.300995443997,514.9229404634737,561.836148936028,2.7,1.511111111111111,23.21999999999999,1,7.0,2.9600000000000017
2019,19,1.25,8,2236.1000084728003,418.300995443997,514.9229404634737,561.836148936028,2.7,1.511111111111111,23.21999999999999,1,7.0,2.9600000000000017
2019,20,0.5,9,2217.2400075271726,360.94962884852737,521.9921186070226,520.484075883704,1.8666666666666667,1.3333333333333333,16.355,2,9.0,-0.9666666666666638
2019,20,0.75,9,2103.1400084123015,379.9732074633296,517.2274580084045,519.963456765711,2.0666666666666664,1.4333333333333333,18.970000000000002,2,10.0,-1.8799999999999975
2019,20,1.0,9,2373.260012604296,403.81235511352645,555.9224264742835,554.4027950312776,2.0666666666666664,1.4444444444444446,23.65999999999999,2,9.0,0.3133333333333354
2019,20,1.15,9,2373.260012604296,403.81235511352645,555.9224264742835,554.4027950312776,2.3666666666666667,1.4388888888888889,22.919999999999995,2,9.0,0.3133333333333354
2019,20,1.25,9,2373.260012604296,403.81235511352645,555.9224264742835,554.4027950312776,2.3666666666666667,1.4388888888888889,22.919999999999995,2,9.0,0.3133333333333354
2019,21,0.5,2,2185.9400072544813,421.16016340161843,550.1923875660256,548.684344842707,3.1666666666666665,1.55,16.200000000000003,1,1.0,-1.2533333333333327
2019,21,0.75,2,2349.8400074616075,420.11913759934663,535.9561177881034,536.2328509229546,2.2666666666666666,1.4666666666666668,14.31999999999999,2,7.0,1.2600000000000013
2019,21,1.0,2,2319.0200130715966,410.5235652652543,497.24568496750317,497.24568496750317,2.4,1.5166666666666666,8.100000000000003,2,8.0,-1.3399999999999983
2019,21,1.15,2,2244.540009200573,389.0948530119761,479.42421907727027,473.5913127369039,0.9333333333333333,1.3222222222222222,23.299999999999997,2,8.0,3.0866666666666687
2019,21,1.25,2,2373.0400105938315,389.0948530119761,485.7380949736501,479.90518863328373,1.6666666666666665,1.3222222222222222,26.64999999999999,2,8.0,3.5333333333333354
2019,22,0.5,6,2376.660012163222,418.16766276322016,537.700489046509,537.700489046509,2.5666666666666664,1.5222222222222221,9.480000000000008,1,7.0,-1.973333333333333
2019,22,0.75,6,2262.920008406043,334.0314408637806,506.13260045690316,504.6129690138972,1.5,1.3944444444444446,9.220000000000006,2,11.0,-1.1599999999999986
2019,22,1.0,6,2292.4200099632144,404.91028872111,563.1112888605081,563.1112888605081,2.466666666666667,1.4666666666666668,20.169999999999998,2,9.0,0.13333333333333522
2019,22,1.15,6,2412.920011483133,404.91028872111,572.9659783935545,569.4251647568881,2.3000000000000003,1.472222222222222,24.859999999999985,2,9.0,0.5800000000000012
2019,22,1.25,6,2412.920011483133,404.91028872111,572.9659783935545,569.4251647568881,2.3000000000000003,1.472222222222222,24.859999999999985,2,9.0,0.5800000000000012
2019,23,0.5,3,2324.140010498464,374.7428122807793,509.6562291010106,509.6562291010106,2.3333333333333335,1.511111111111111,17.01,2,9.0,-0.32666666666666655
2019,23,0.75,3,2411.3200105577707,380.28473314629196,489.0171449552128,483.18423861484644,2.1,1.3722222222222225,18.27999999999999,2,9.0,-2.4399999999999995
2019,23,1.0,3,2205.940008595586,382.0768629298917,483.4162234728412,479.5062361124317,1.6666666666666665,1.383333333333333,26.950000000000003,2,8.0,0.926666666666669
2019,23,1.15,3,2324.2600106671453,390.14245265002427,485.97817775626896,484.6785140874572,2.0666666666666664,1.3055555555555556,31.229999999999993,2,8.0,2.6333333333333333
2019,23,1.25,3,2324.2600106671453,390.14245265002427,485.97817775626896,484.6785140874572,2.0666666666666664,1.3055555555555556,31.229999999999993,2,8.0,2.6333333333333333
2019,24,0.5,8,2130.400006055832,427.9880261517723,556.3120868411173,552.9286374230451,2.0666666666666664,1.388888888888889,11.77500000000001,1,7.0,-3.266666666666665
2019,24,0.75,8,2040.1000062599778,405.250619701339,561.0833985130099,558.5852980024208,2.3333333333333335,1.5333333333333334,24.26,1,9.0,4.386666666666668
2019,24,1.0,8,2292.660010866821,399.60993695525997,575.7034628705529,572.8957564784226,2.9333333333333336,1.5888888888888888,27.839999999999993,2,9.0,2.6066666666666665
2019,24,1.15,8,2212.9000092744827,404.88859069360564,614.6234020591886,613.11535933587,2.7333333333333334,1.488888888888889,25.760000000000005,1,7.0,3.3066666666666693
2019,24,1.25,8,2212.9000092744827,404.88859069360564,614.6234020591886,613.11535933587,2.7333333333333334,1.488888888888889,25.760000000000005,1,7.0,3.3066666666666693
2019,25,0.5,9,2195.2000056430697,366.6911761027771,499.17419022969983,493.62029641780657,1.8666666666666667,1.4000000000000001,15.799999999999999,1,7.0,-0.8399999999999986
2019,25,0.75,9,2038.940005093813,394.3387313490677,481.0157063117205,475.48715850585836,1.9666666666666666,1.3555555555555554,19.28,2,8.0,3.300000000000001
2019,25,1.0,9,2348.140007518232,429.25336282344773,536.0391003560472,532.4982867193809,2.0666666666666664,1.5,24.49999999999999,2,7.0,2.0600000000000014
2019,25,1.15,9,2348.140007518232,429.25336282344773,536.0391003560472,532.4982867193809,2.0666666666666664,1.5,24.49999999999999,2,7.0,2.0600000000000014
2019,25,1.25,9,2269.160007484257,367.8957944570265,506.030857716234,501.4923676976424,3.1333333333333337,1.5333333333333334,16.59,1,7.0,-1.0600000000000003
2019,26,0.5,2,2468.300008609891,416.79137542938196,497.3391441943745,492.80065417578294,2.6,1.5166666666666666,14.8,2,1.0,4.466666666666669
2019,26,0.75,2,2151.98000754416,418.0873691304048,559.4434034497463,555.181646566006,2.5,1.488888888888889,12.3,2,6.0,2.6800000000000024
2019,26,1.0,2,2140.5800107344985,359.8687711866221,479.16890346100496,471.8256883505494,2.166666666666667,1.4055555555555557,24.319999999999993,2,10.0,3.073333333333335
2019,26,1.15,2,2043.8800073862076,409.0897332009543,550.8477754555428,547.8201012892183,2.833333333333333,1.55,24.84,2,9.0,4.78666666666667
2019,26,1.25,2,2263.9800091013312,414.6358838267466,503.13084497808114,497.57467177256603,2.3666666666666667,1.4055555555555557,26.64999999999999,2,6.0,4.580000000000001
2019,27,0.5,5,2112.760006032884,407.5910562326376,514.2941609900377,514.5708941248889,2.5,1.4944444444444445,19.374999999999993,2,8.0,-1.753333333333334
2019,27,0.75,5,2160.0400081276894,342.04640024336675,449.89811211823474,449.89811211823474,2.9333333333333336,1.55,14.699999999999992,2,10.0,-4.826666666666667
2019,27,1.0,5,2219.980011358857,377.58578939753875,482.9392489602799,482.9392489602799,3.0666666666666664,1.5444444444444443,19.759999999999994,2,8.0,0.3133333333333321
2019,27,1.15,5,2365.2200120463967,416.3537268840229,485.2124907815474,472.8004980986873,2.2,1.5055555555555555,31.604999999999997,2,8.0,3.553333333333334
2019,27,1.25,5,2365.2200120463967,416.3537268840229,485.2124907815474,472.8004980986873,2.2,1.5055555555555555,31.604999999999997,2,8.0,3.553333333333334
2019,28,0.5,0,2457.3400097340345,404.1362091301809,547.040305123343,538.1255914853882,2.5666666666666664,1.488888888888889,14.119999999999992,1,1.0,-2.406666666666667
2019,28,0.75,0,2394.3800111338496,323.34069195677995,466.6981306842788,463.87883557246107,2.4,1.4611111111111112,19.119999999999997,2,9.0,0.11999999999999982
2019,28,1.0,0,2363.640012226999,348.2632578579381,506.41542725516484,500.9895303027056,2.0,1.4333333333333333,21.28,2,8.0,-1.2866666666666664
2019,28,1.15,0,2287.860006570816,401.1720771220111,503.970770570569,503.970770570569,1.8333333333333333,1.4777777777777779,27.025,2,8.0,4.873333333333335
2019,28,1.25,0,2397.060008198023,401.1720771220111,510.28464646694897,510.28464646694897,2.1,1.5166666666666666,31.259999999999984,2,8.0,5.320000000000001
2019,29,0.5,6,2440.040009751916,389.2825918984205,536.4947188341317,534.9750873911258,3.0,1.4944444444444445,10.440000000000003,2,9.0,-3.053333333333333
2019,29,0.75,6,2349.460011444986,424.29352096278126,551.0485646949062,549.5405219715876,2.466666666666667,1.5611111111111111,10.440000000000003,2,7.0,-1.6466666666666658
2019,29,1.0,6,2243.360010229051,424.29352096278126,579.7895746095481,578.2815318862296,2.7333333333333334,1.5611111111111111,20.229999999999993,2,7.0,-0.42666666666666514
2019,29,1.15,6,2369.360011897981,424.29352096278126,589.6442641425944,584.5954077826095,2.633333333333333,1.5666666666666664,24.91999999999998,2,7.0,0.020000000000000757
2019,29,1.25,6,2369.360011897981,424.29352096278126,589.6442641425944,584.5954077826095,2.633333333333333,1.5666666666666664,24.91999999999998,2,7.0,0.020000000000000757
2019,30,0.5,9,2239.4800091013312,393.03639395448363,569.7184388702348,568.2103961469162,3.233333333333333,1.5555555555555556,16.355,1,9.0,-0.6933333333333328
2019,30,0.75,9,2291.140008851886,384.70217110099577,463.94351384991984,457.2475898852076,2.0,1.3500000000000003,15.400000000000004,2,7.0,-1.586666666666666
2019,30,1.0,9,2567.640012435615,407.76762850539103,506.17915704033055,506.17915704033055,2.633333333333333,1.4777777777777779,23.58499999999999,2,7.0,1.1666666666666685
2019,30,1.15,9,2567.640012435615,407.76762850539103,506.17915704033055,506.17915704033055,2.633333333333333,1.4777777777777779,23.58499999999999,2,7.0,1.1666666666666685
2019,30,1.25,9,2291.2600079253316,405.0461443680076,563.4200201600592,561.9003887170533,2.1,1.5666666666666664,24.059999999999995,2,9.0,-0.6999999999999988
2019,31,0.5,8,2342.120010793209,338.42241455536714,432.9156211341167,427.242627703365,2.3000000000000003,1.4444444444444446,11.250000000000005,2,10.0,-2.839999999999998
2019,31,0.75,8,2071.8600102737546,359.24140475108675,438.28654900680857,442.4814164603888,2.2,1.5222222222222221,12.000000000000007,2,9.0,-1.6533333333333327
2019,31,1.0,8,2126.7400099262595,391.92776610578846,486.2421165606227,493.2399501414742,2.2333333333333334,1.45,23.88499999999999,2,8.0,2.966666666666668
2019,31,1.15,8,2309.48001331836,395.1235582235224,454.8568758500961,449.5842571862197,2.4333333333333336,1.511111111111111,11.025000000000006,2,7.0,-1.8199999999999983
2019,31,1.25,8,2309.48001331836,395.1235582235224,454.8568758500961,449.5842571862197,2.5333333333333337,1.538888888888889,11.025000000000006,2,7.0,-1.8199999999999983
2019,32,0.5,0,2586.7400119528174,424.27664254628286,560.3643905329753,557.1641550930831,2.7333333333333334,1.5,13.949999999999994,2,1.0,-3.819999999999998
2019,32,0.75,0,2296.9200084730983,389.46467937968424,474.6015751359948,480.4096994373791,2.166666666666667,1.361111111111111,18.66,2,8.0,1.5266666666666688
2019,32,1.0,0,2379.8400116935372,423.41641842721515,481.0548999902175,479.53526854721156,2.7,1.5333333333333334,10.35,2,7.0,0.02666666666666894
2019,32,1.15,0,2077.6600099354982,394.1276643472475,516.8875754898055,514.0682803779878,2.4333333333333336,1.4333333333333333,23.239999999999995,2,9.0,4.506666666666669
2019,32,1.25,0,2208.2600114792585,394.1276643472475,523.2014513861855,520.3821562743677,2.1,1.4944444444444445,27.259999999999987,2,9.0,4.953333333333334
2019,33,0.5,4,2188.7400091961026,359.3157533266568,524.1799702705978,516.98734539684,2.3000000000000003,1.511111111111111,11.030000000000001,2,8.0,-0.659999999999997
2019,33,0.75,4,2180.940008454025,401.83756278507246,581.7868211726828,580.2671897296769,3.2666666666666666,1.5833333333333333,16.879999999999995,2,9.0,0.1266666666666674
2019,33,1.0,4,2199.240010663867,388.3196994715714,550.8421808428145,547.8122406297193,2.8000000000000003,1.511111111111111,20.969999999999995,2,8.0,-1.5799999999999983
2019,33,1.15,4,2360.7800120189786,429.097226394171,552.1126877559075,550.5930563129016,3.1,1.5666666666666664,25.659999999999982,2,8.0,0.053333333333334565
2019,33,1.25,4,2409.640011548996,387.75344494726096,496.2324622302112,494.71283078720523,2.3000000000000003,1.3777777777777775,22.794999999999973,2,9.0,3.4266666666666685
2019,34,0.5,6,2160.5400063842535,408.6083952715864,472.9479732572661,472.9479732572661,2.0666666666666664,1.4388888888888889,9.640000000000008,2,2.0,-5.673333333333333
2019,34,0.75,6,2322.260012552142,397.14286762879294,449.9747830071387,427.89747661555145,1.8666666666666667,1.288888888888889,11.725000000000005,2,7.0,-4.0
2019,34,1.0,6,2298.5200104489923,415.3326483691691,470.11889715367704,470.11889715367704,2.3333333333333335,1.4611111111111112,9.250000000000005,2,8.0,-1.6933333333333322
2019,34,1.15,6,2272.560007199645,416.47988080685263,540.2804257021795,535.7802682989972,2.0,1.4666666666666668,29.839999999999993,2,7.0,-0.4399999999999982
2019,34,1.25,6,2332.820012845099,410.732487948128,477.0974414942447,467.96016632134933,2.3333333333333335,1.4944444444444445,11.440000000000005,2,8.0,-1.2266666666666661
2019,35,0.5,2,2447.3000084757805,416.7983018809144,535.8871307659459,534.3790880426274,3.1,1.5,15.739999999999997,2,1.0,2.3933333333333353
2019,35,0.75,2,2016.4400051161647,335.5857141671412,487.0469107291802,485.8040124210255,1.6666666666666665,1.3055555555555556,10.1,2,11.0,-2.986666666666665
2019,35,1.0,2,2197.6400115191936,375.01450419649547,534.2886732878949,532.989009619083,1.8666666666666667,1.3444444444444443,21.574999999999996,2,9.0,1.1466666666666687
2019,35,1.15,2,2296.360008753836,410.55097146718896,497.6922109298236,490.51255746893594,1.5,1.3777777777777775,10.280000000000003,2,8.0,-0.1533333333333317
2019,35,1.25,2,2375.160009548068,410.55097146718896,509.59596939540813,503.23586064692404,1.9,1.361111111111111,25.68499999999998,2,8.0,1.4266666666666674
2019,36,0.5,9,2087.940007723868,337.43201899242064,506.36991043756194,515.1547859233539,1.9666666666666666,1.361111111111111,12.180000000000007,2,10.0,0.1933333333333342
2019,36,0.75,9,2319.260011985898,416.6552681588439,511.9134088445711,500.6527541387462,2.5,1.5222222222222221,18.565000000000005,2,7.0,0.4733333333333348
2019,36,1.0,9,2245.9200115278363,392.4747514891713,509.34722293714515,507.83691416705597,2.0666666666666664,1.4000000000000001,23.65999999999999,2,8.0,0.24666666666666828
2019,36,1.15,9,2285.320012025535,392.4747514891713,510.778319138381,509.2680103682918,2.3666666666666667,1.4388888888888889,24.4,2,8.0,-2.2466666666666653
2019,36,1.25,9,2285.320012025535,392.4747514891713,510.778319138381,509.2680103682918,2.3666666666666667,1.4388888888888889,24.4,2,8.0,-2.2466666666666653
2019,37,0.5,2,2192.6200031787157,382.4793957764184,449.9651828340397,476.9249349500385,2.1,1.3666666666666665,10.295000000000003,2,1.0,-0.9333333333333315
2019,37,0.75,2,2264.0400076806545,306.07214306767395,469.61565589152104,467.09471723512024,2.3666666666666667,1.4444444444444446,15.26999999999999,2,11.0,1.6066666666666682
2019,37,1.0,2,2384.9200083762407,408.05268118393957,540.3803684292925,540.3803684292925,2.2333333333333334,1.5,22.134999999999994,2,8.0,0.4000000000000019
2019,37,1.15,2,2446.660007983446,430.43863445888616,557.076475557641,557.076475557641,2.3000000000000003,1.5055555555555555,9.899999999999999,2,8.0,-1.906666666666665
2019,37,1.25,2,2458.94000916183,430.43863445888616,560.9188030537437,560.9188030537437,2.5333333333333337,1.4777777777777779,27.719999999999978,2,8.0,0.22000000000000122
2019,38,0.5,0,2646.6600064858794,404.9438951237299,534.1927517016085,534.1927517016085,2.5333333333333337,1.4944444444444445,14.539999999999996,2,1.0,0.7933333333333351
2019,38,0.75,0,2317.3200065121055,385.57307693879244,510.8474845410645,509.8574267537939,2.2,1.4111111111111112,19.549999999999997,1,7.0,5.533333333333333
2019,38,1.0,0,2441.860010355711,395.1243892361012,499.6135462062542,492.4809761970761,2.2666666666666666,1.4444444444444446,20.219999999999995,2,9.0,1.8933333333333342
2019,38,1.15,0,2441.860010355711,395.1243892361012,499.6135462062542,492.4809761970761,2.2666666666666666,1.4444444444444446,20.219999999999995,2,9.0,1.8933333333333342
2019,38,1.25,0,2441.860010355711,395.1243892361012,499.6135462062542,492.4809761970761,2.2666666666666666,1.4444444444444446,20.219999999999995,2,9.0,1.8933333333333342
2019,39,0.5,1,2411.440008021891,426.6989916616214,532.7065362195076,531.1869047765017,3.1333333333333337,1.5777777777777777,15.769999999999992,2,1.0,-0.27333333333333343
2019,39,0.75,1,2117.5200060382485,385.30218386713636,462.11854536442524,456.4455519336735,2.3333333333333335,1.383333333333333,18.249999999999986,2,8.0,2.813333333333334
2019,39,1.0,1,2225.2600085139275,393.7428559505091,480.30613303137875,478.79582426128957,2.3333333333333335,1.361111111111111,27.200000000000003,2,8.0,2.7333333333333347
2019,39,1.15,1,2118.96001085639,414.5025162039862,537.2624273465442,534.4431322347265,1.9333333333333333,1.4000000000000001,26.375,2,7.0,4.220000000000002
2019,39,1.25,1,2367.5400115326047,409.83953123642294,515.6308734775332,510.07869765809323,2.1333333333333333,1.388888888888889,31.219999999999995,2,7.0,3.6533333333333347
2019,40,0.5,2,2474.6600082293153,416.6358972952918,545.3559634041641,543.8479206808455,2.7,1.4666666666666668,11.939999999999996,1,1.0,-0.173333333333332
2019,40,0.75,2,2352.780010290444,396.2952733124864,506.1455877159897,503.32629260417195,2.6,1.4777777777777779,9.590000000000002,2,9.0,-2.913333333333331
2019,40,1.0,2,2185.640009485185,396.888312451142,491.97861955238096,523.5752507613819,2.3666666666666667,1.5,21.574999999999996,2,9.0,-0.046666666666665434
2019,40,1.15,2,2212.4200105443597,423.8027166426079,518.2846251126942,515.1480399719718,2.4,1.488888888888889,25.474999999999994,1,8.0,-1.0399999999999978
2019,40,1.25,2,2307.1600073054433,422.50841207873435,535.244963625895,534.0020653177404,2.9,1.5055555555555555,25.259999999999987,2,8.0,1.2666666666666682
2019,41,0.5,7,2196.420011997223,355.82151897081945,536.672219049211,533.57218897228,2.5,1.5055555555555555,18.720000000000002,1,7.0,-2.8599999999999985
2019,41,0.75,7,2175.380007646978,393.47174854591003,604.1351293306974,611.1236402386321,2.7,1.5,14.179999999999989,2,9.0,-4.1066666666666665
2019,41,1.0,7,2242.240009956062,393.47174854591003,555.9861891102651,550.3732505440928,2.5666666666666664,1.4944444444444445,15.68499999999999,2,9.0,-1.0466666666666682
2019,41,1.15,7,2162.1200086027384,383.67374951936586,574.9019222144975,577.0499558169541,2.166666666666667,1.4388888888888889,30.04,2,9.0,-0.02666666666666657
2019,41,1.25,7,2269.400011010468,413.9806241276889,575.1939243933803,569.6806616488788,2.7,1.488888888888889,30.029999999999998,2,7.0,-1.1266666666666652
2019,42,0.5,1,2130.640002004802,437.0785977465451,545.420319629996,534.0578638813366,2.4,1.488888888888889,15.049999999999992,1,1.0,-1.5066666666666648
2019,42,0.75,1,2235.5800071433187,423.63275160647976,574.5869459095286,568.826391035582,3.2666666666666666,1.5166666666666666,14.62,2,1.0,-5.2799999999999985
2019,42,1.0,1,2184.6400089114904,371.878292986678,492.1470628372775,486.32574521659853,2.833333333333333,1.538888888888889,27.849999999999994,2,9.0,1.913333333333334
2019,42,1.15,1,2136.940007701516,378.75493826892745,539.2292850149189,532.8181614305222,1.7333333333333334,1.4055555555555557,24.49499999999999,2,9.0,3.1466666666666683
2019,42,1.25,1,2295.5400094017386,385.0688141653074,545.5431609112987,539.132037326902,1.7000000000000002,1.4277777777777778,28.17999999999998,2,9.0,3.5933333333333337
2019,43,0.5,2,2507.0400099903345,407.0455883887558,506.49955950767225,504.99151678435373,2.4333333333333336,1.4000000000000001,12.959999999999997,2,1.0,-0.40666666666666534
2019,43,0.75,2,2351.5200084522367,378.2521565019943,526.9515097836043,552.1264860414333,2.8000000000000003,1.4944444444444445,15.739999999999997,2,7.0,-0.41999999999999743
2019,43,1.0,2,2256.860008776188,404.22571700340126,511.17331066395775,505.7900217809273,1.8333333333333333,1.4000000000000001,10.240000000000002,2,7.0,0.853333333333335
2019,43,1.15,2,2256.720012269914,386.90404053810306,518.9169960833425,521.812199868111,1.7999999999999998,1.3277777777777777,15.019999999999982,2,10.0,-2.5999999999999988
2019,43,1.25,2,2145.24001224339,400.1753522331574,540.108173262606,537.2888781507883,2.5333333333333337,1.4555555555555555,25.259999999999987,2,8.0,2.8400000000000007
2019,44,0.5,3,2245.9800115078688,342.5520682914154,463.09551500476886,457.82983744786566,1.9,1.4555555555555555,7.300000000000011,2,9.0,1.1600000000000028
2019,44,0.75,3,2110.720007918775,437.9237107539736,550.1381928703715,544.3776379964249,2.5666666666666664,1.4666666666666668,17.019999999999992,2,8.0,0.7533333333333356
2019,44,1.0,3,2297.840010114014,432.3478321210409,565.0005041911812,559.2399493172346,2.5666666666666664,1.4388888888888889,19.45,2,8.0,1.9600000000000017
2019,44,1.15,3,2319.5200115069747,432.3478321210409,572.3836453239503,563.0822768133373,2.7666666666666666,1.4666666666666668,29.33999999999999,2,8.0,4.086666666666668
2019,44,1.25,3,2252.520010307431,382.5220771685893,525.9495211273372,524.4298896843313,1.7999999999999998,1.4111111111111112,34.25,2,9.0,7.040000000000003
2019,45,0.5,3,2257.020009957254,446.454217055312,577.7333131141091,566.8627800966641,3.0,1.5777777777777777,12.260000000000002,1,7.0,-3.219999999999999
2019,45,0.75,3,1989.800005748868,465.80858529454093,582.2230899901577,575.8910469913043,3.233333333333333,1.5777777777777777,17.675,2,7.0,-1.8399999999999976
2019,45,1.0,3,2161.4400086328387,446.6290787814916,536.6894074923733,530.9288526184267,2.7,1.4777777777777779,17.88,2,7.0,-1.8999999999999981
2019,45,1.15,3,2198.7400103881955,446.6290787814916,546.0176683260861,540.2571134521395,2.3333333333333335,1.4555555555555555,31.379999999999992,2,7.0,-0.11999999999999886
2019,45,1.25,3,2198.7400103881955,446.6290787814916,546.0176683260861,540.2571134521395,2.3333333333333335,1.4555555555555555,31.379999999999992,2,7.0,-0.11999999999999886
2019,46,0.5,9,2376.4600069969893,407.1354991825391,571.8642414279329,570.3561987046144,2.7,1.5333333333333334,16.355,2,8.0,0.9266666666666694
2019,46,0.75,9,2311.5000086054206,418.5885096908688,575.1834765502598,573.6638451072539,2.8000000000000003,1.5,19.28,2,9.0,2.2266666666666692
2019,46,1.0,9,2514.260009460151,390.743961151107,555.0191116734084,549.9586665937361,2.7333333333333334,1.4944444444444445,22.699999999999985,2,9.0,2.213333333333336
2019,46,1.15,9,2365.040011294186,421.2347458716099,516.2891970632629,511.66284933703594,2.633333333333333,1.5055555555555555,15.469999999999999,2,7.0,-2.5999999999999983
2019,46,1.25,9,2426.500011228025,430.25654697762246,556.5989842992747,551.7585069937966,3.2,1.5,24.4,2,9.0,-0.5333333333333314
2019,47,0.5,8,2028.3400056362152,328.6826817071822,504.56590185441337,501.5382276880889,2.3000000000000003,1.361111111111111,11.180000000000007,2,10.0,-0.9333333333333323
2019,47,0.75,8,2268.36000623554,422.93059906932046,539.8100678214388,539.8100678214388,2.7,1.5333333333333334,13.535000000000005,2,9.0,-2.1133333333333315
2019,47,1.0,8,2329.5600088611245,422.93059906932046,552.679142291818,549.1383286551517,2.6666666666666665,1.488888888888889,23.88499999999999,2,9.0,-0.33333333333333237
2019,47,1.15,8,2276.940009750426,413.90879796330785,543.9837192005266,543.9837192005266,2.7666666666666666,1.5055555555555555,24.269999999999985,2,9.0,-1.0399999999999994
2019,47,1.25,8,2276.940009750426,413.90879796330785,543.9837192005266,543.9837192005266,2.7666666666666666,1.5055555555555555,24.269999999999985,2,9.0,-1.0399999999999994
2019,48,0.5,2,2180.340003721416,406.6577937446767,531.2594948132737,519.8854503449269,2.6,1.55,16.199999999999992,2,1.0,-2.0333333333333323
2019,48,0.75,2,2191.3200100809336,321.1943304063922,402.78307019775866,394.2907816551892,1.4000000000000001,1.25,8.690000000000007,2,10.0,-1.7999999999999996
2019,48,1.0,2,2251.760007813573,427.49281158106754,523.5408372675404,520.7215421557227,2.3666666666666667,1.4055555555555557,21.329999999999995,2,8.0,-0.06666666666666572
2019,48,1.15,2,2274.220010764897,430.8456395987171,504.13807075482913,531.4821898132019,2.5333333333333337,1.4833333333333334,21.239999999999995,2,7.0,0.15333333333333457
2019,48,1.25,2,2368.8600102588534,419.17760231196354,521.5108239868437,519.9911925438378,2.5,1.4000000000000001,27.539999999999985,1,8.0,-0.6066666666666662
2019,49,0.5,3,2208.62000772357,410.9437720223021,553.4215068060328,598.8458176307468,2.7666666666666666,1.5166666666666666,13.219999999999995,1,7.0,1.0800000000000003
2019,49,0.75,3,2109.8400089144707,450.8520478333341,576.2082886099857,567.0642843179668,2.8000000000000003,1.5555555555555556,18.939999999999998,1,7.0,-3.586666666666666
2019,49,1.0,3,2102.140009880066,433.53068692033156,562.8485757173902,561.5489120485784,2.466666666666667,1.4333333333333333,26.950000000000003,2,7.0,1.500000000000002
2019,49,1.15,3,2259.520008675754,443.9907856562665,673.1092379313357,671.6011952080171,2.7,1.5611111111111111,32.459999999999994,1,8.0,-0.49999999999999906
2019,49,1.25,3,2259.520008675754,443.9907856562665,673.1092379313357,671.6011952080171,2.7,1.5611111111111111,32.459999999999994,1,8.0,-0.49999999999999906
2020,0,0.5,8,1897.0800072699785,253.30705707927285,355.37397284242303,348.13511541672585,1.6333333333333333,1.3777777777777775,14.059999999999995,2,1.0,-0.8400000000000005
2020,0,0.75,8,1881.1000105813146,303.84102689821765,408.83872740893236,402.0210630662294,1.3,1.4000000000000001,22.150000000000002,2,9.0,5.72
2020,0,1.0,8,2067.7800122499466,335.46144883310615,437.78341810808905,424.0858745702578,1.8333333333333333,1.4111111111111112,26.849999999999998,2,5.0,5.946666666666666
2020,0,1.15,8,2067.7800122499466,335.46144883310615,437.78341810808905,424.0858745702578,1.8333333333333333,1.4111111111111112,26.849999999999998,2,5.0,5.946666666666666
2020,0,1.25,8,2026.680011689663,335.46144883310615,448.55598078066237,436.37177044153725,1.7000000000000002,1.4166666666666667,36.52499999999999,2,5.0,10.966666666666667
2020,1,0.5,2,1923.0600063726306,376.85940356549617,499.3297099720695,492.370012288706,2.6666666666666665,1.511111111111111,11.595000000000004,2,1.0,0.0666666666666669
2020,1,0.75,2,1852.2400080040097,383.71599805254783,443.65087671725837,470.1225380060436,2.166666666666667,1.361111111111111,20.014999999999993,2,1.0,0.9466666666666654
2020,1,1.0,2,2134.680007971823,384.5677304047783,467.9099440538439,497.27427110195254,2.8666666666666667,1.4555555555555555,29.459999999999997,2,1.0,5.146666666666666
2020,1,1.15,2,2272.1800063326955,390.1248645567595,480.2967698166308,509.6610968647394,2.9333333333333336,1.5222222222222221,31.46,2,1.0,6.173333333333333
2020,1,1.25,2,2254.0800060108304,390.1248645567595,491.5009519584935,520.8652790066021,3.0666666666666664,1.55,34.28,2,1.0,7.813333333333333
2020,2,0.5,7,2068.020012177527,353.99259725499104,430.16757907422294,423.7595658294458,3.0666666666666664,1.5166666666666666,14.424999999999999,2,4.0,-1.2666666666666677
2020,2,0.75,7,1923.0400068461895,339.33255032349524,460.1170180880188,457.0319902835536,2.166666666666667,1.4333333333333333,21.46,2,8.0,3.7866666666666644
2020,2,1.0,7,2207.2200098857284,275.1142307681315,392.04076521509836,384.8834991734661,1.9333333333333333,1.3166666666666667,33.86,2,9.0,7.7733333333333325
2020,2,1.15,7,2055.8400091975927,340.88098816813886,417.41719903441543,417.9688834730018,2.466666666666667,1.472222222222222,21.49,2,6.0,2.319999999999999
2020,2,1.25,7,1964.9400101527572,361.80770952131047,453.62230763855086,456.3087442733899,2.0,1.45,38.49999999999999,2,6.0,4.886666666666665
2020,3,0.5,2,2162.5000105798244,355.9431561963045,491.4539547852624,465.0186277513724,2.6,1.45,19.495000000000005,2,1.0,1.6266666666666665
2020,3,0.75,2,2203.600012406707,336.4538865387919,426.96043621542657,423.5425890239393,2.2666666666666666,1.4555555555555555,21.6,2,9.0,7.266666666666665
2020,3,1.0,2,1957.800010599196,362.4431527767559,449.6994566456381,445.7400053869727,2.1,1.4388888888888889,26.799999999999997,2,7.0,9.28
2020,3,1.15,2,2058.900010086596,370.31846874691894,464.6195972871772,460.6601460285118,2.0666666666666664,1.4611111111111112,30.965000000000003,2,7.0,7.8133333333333335
2020,3,1.25,2,2062.4000102952123,370.31846874691894,474.62016885525895,471.86432817037445,2.0,1.4388888888888889,33.794999999999995,2,7.0,9.453333333333335
2020,4,0.5,7,2044.440009392798,324.6044513186918,414.11103375844874,395.3722600444985,1.8333333333333333,1.3666666666666665,13.204999999999998,2,1.0,1.626666666666666
2020,4,0.75,7,2061.040008418262,327.0324930811399,466.0634194514054,461.60871673055965,2.6666666666666665,1.5055555555555555,17.659999999999993,2,1.0,2.4399999999999995
2020,4,1.0,7,2142.200011983514,347.4900058400679,442.84006939299934,438.9819760730702,2.0666666666666664,1.388888888888889,26.494999999999987,2,2.0,5.406666666666664
2020,4,1.15,7,1992.900010742247,364.7714361403142,454.9135339639691,439.90593054824046,1.7333333333333334,1.3722222222222225,28.649999999999995,2,5.0,7.746666666666664
2020,4,1.25,7,2017.9000111818314,364.7714361403142,457.1699346095233,451.11011269010305,1.5,1.388888888888889,37.849999999999994,2,5.0,9.386666666666663
2020,5,0.5,3,2063.9600071907043,369.5677099421983,499.63135287900957,498.63549295407313,3.2,1.4777777777777779,17.350000000000005,2,1.0,-1.8799999999999997
2020,5,0.75,3,2299.3800108134747,386.19427663293345,455.0808586306941,455.0808586306941,2.2666666666666666,1.4277777777777778,22.4,2,1.0,5.246666666666668
2020,5,1.0,3,2334.500010691583,359.8714910373069,479.39685767547127,475.5387643555421,2.6666666666666665,1.4944444444444445,25.4,2,1.0,4.733333333333333
2020,5,1.15,3,2334.500010691583,359.8714910373069,479.39685767547127,475.5387643555421,2.966666666666667,1.472222222222222,29.499999999999993,2,1.0,4.733333333333333
2020,5,1.25,3,2368.500010691583,365.42862518928814,484.9539918274525,481.0958985075234,2.966666666666667,1.472222222222222,31.98,2,1.0,6.153333333333334
2020,6,0.5,2,1936.1600118279457,349.96807104095944,407.1982916751419,406.1046132685397,2.1,1.4111111111111112,16.799999999999997,2,1.0,-0.03999999999999962
2020,6,0.75,2,2162.2800126597285,359.34486109360626,482.9147388680212,471.62508191437735,2.3333333333333335,1.4666666666666668,20.825000000000003,2,5.0,-1.2600000000000018
2020,6,1.0,2,1887.3800113871694,333.11895049595336,482.1800612958285,478.3219679758994,2.3666666666666667,1.4444444444444446,25.499999999999996,2,10.0,2.0933333333333315
2020,6,1.15,2,1953.1800110414624,335.8485085695031,472.12872988109063,481.2191167898479,2.3000000000000003,1.4333333333333333,28.940000000000005,2,11.0,-4.033333333333333
2020,6,1.25,2,1953.1800110414624,335.8485085695031,472.12872988109063,481.2191167898479,2.3000000000000003,1.4333333333333333,28.940000000000005,2,11.0,-4.033333333333333
2020,7,0.5,9,1979.820010907948,331.79775234829555,409.8820500973124,410.2504779156005,1.9,1.361111111111111,14.1,2,1.0,3.026666666666667
2020,7,0.75,9,2301.240010149777,319.5561225653352,413.15760348535923,405.6319096254388,1.8333333333333333,1.4444444444444446,27.650000000000002,2,8.0,8.6
2020,7,1.0,9,2102.1800122484565,346.1678654657887,451.6950554355099,447.8369621155808,1.7666666666666666,1.2611111111111113,34.485,2,9.0,2.6133333333333315
2020,7,1.15,9,2062.980012603104,346.1678654657887,469.99749698631456,469.99749698631456,2.0666666666666664,1.3388888888888888,34.339999999999996,2,9.0,5.813333333333332
2020,7,1.25,9,2024.9800112172961,346.1678654657887,480.7536884710933,476.8955951511642,2.3000000000000003,1.4444444444444446,37.19,2,9.0,4.9466666666666645
2020,8,0.5,9,2168.2400104776025,339.93734483767116,444.0635182665925,444.0635182665925,1.9666666666666666,1.388888888888889,15.599999999999998,2,1.0,-2.6333333333333337
2020,8,0.75,9,2059.1600081920624,347.8794141078179,462.2827890513583,458.42469573142915,2.7,1.4777777777777779,28.24,2,9.0,4.219999999999999
2020,8,1.0,9,2194.4400106444955,295.70757713140995,381.32083902533054,379.08114710611187,1.3666666666666667,1.2444444444444445,28.459999999999994,2,2.0,6.459999999999999
2020,8,1.15,9,2194.4400106444955,295.70757713140995,381.32083902533054,379.08114710611187,1.3666666666666667,1.2444444444444445,28.459999999999994,2,2.0,6.459999999999999
2020,8,1.25,9,1957.9800104945898,341.25392276967364,444.8914930118751,442.6530556866027,1.9,1.3944444444444446,36.92999999999999,2,7.0,9.286666666666664
2020,9,0.5,1,2151.800008006394,382.22205171618856,470.27879756598986,467.19376976152466,2.6666666666666665,1.488888888888889,18.43,2,1.0,-0.013333333333333523
2020,9,0.75,1,2094.1800088584423,367.81705624998875,438.1612346733479,426.8715777197041,1.9,1.4000000000000001,19.679999999999996,2,1.0,0.913333333333334
2020,9,1.0,1,2126.6800108850002,342.3009659562875,469.9886907967425,466.13059747681336,2.5333333333333337,1.4611111111111112,27.824999999999992,2,1.0,4.153333333333332
2020,9,1.15,1,2149.6800108850002,357.9035546537233,485.5912794941783,481.73318617424917,2.5333333333333337,1.4611111111111112,29.995,2,1.0,5.7733333333333325
2020,9,1.25,1,2149.6800108850002,357.9035546537233,485.5912794941783,481.73318617424917,2.5333333333333337,1.4611111111111112,29.995,2,1.0,5.7733333333333325
2020,10,0.5,9,2089.8200095891953,342.38844673890884,383.95098078415,381.32022010747835,1.3,1.1555555555555557,13.14,2,1.0,0.8066666666666663
2020,10,0.75,9,1823.3400070145726,296.73892579525625,326.9535212026977,316.40825489565776,1.4333333333333333,1.3222222222222222,20.519999999999992,2,4.0,6.98
2020,10,1.0,9,1899.9000078216195,280.57840455837635,368.08886009472286,360.2171891114422,1.0666666666666667,1.1222222222222222,31.59999999999999,2,9.0,13.526666666666667
2020,10,1.15,9,2011.4000090807676,273.5418906974414,343.29591454664757,334.24483369715205,1.1,1.138888888888889,29.019999999999985,2,9.0,11.7
2020,10,1.25,9,2256.9400123357773,283.3314166951771,414.63450044849435,403.8667396199928,1.8333333333333333,1.3,37.3,2,9.0,7.613333333333332
2020,11,0.5,0,2107.0000107213855,375.7971294956016,452.0779860760333,441.3400135609759,2.4,1.4611111111111112,11.829999999999998,2,1.0,-1.3466666666666673
2020,11,0.75,0,2103.6800117641687,362.4431527767559,472.6489256489204,461.35926869527657,2.2,1.4333333333333333,20.184999999999995,2,9.0,0.6066666666666654
2020,11,1.0,0,1979.7000105008483,383.52440222287436,489.30299305218927,485.34354179352385,3.033333333333333,1.5222222222222221,26.17499999999999,2,1.0,5.333333333333332
2020,11,1.15,0,2025.5000120177865,370.31846874691894,506.04636540584426,486.9391638736059,2.8000000000000003,1.5444444444444443,28.965000000000003,2,7.0,5.779999999999999
2020,11,1.25,0,2025.5000120177865,370.31846874691894,506.04636540584426,486.9391638736059,2.8000000000000003,1.5444444444444443,28.965000000000003,2,7.0,5.779999999999999
2020,12,0.5,8,1974.8800079375505,343.13419665746466,434.863228232055,431.00513491212587,2.2,1.4222222222222223,13.27,2,2.0,-2.186666666666668
2020,12,0.75,8,1962.9600079879165,335.01579912934926,473.69278945385025,469.8346961339211,2.7,1.4944444444444445,20.22,2,10.0,2.1333333333333324
2020,12,1.0,8,2181.1200126484036,342.56402297059145,466.39258486211935,462.43313360345394,2.3000000000000003,1.4611111111111112,28.199999999999996,2,9.0,3.6666666666666647
2020,12,1.15,8,2181.1200126484036,342.56402297059145,466.39258486211935,462.43313360345394,2.3000000000000003,1.4611111111111112,28.199999999999996,2,9.0,3.6666666666666647
2020,12,1.25,8,2181.1200126484036,342.56402297059145,466.39258486211935,462.43313360345394,2.2,1.4222222222222223,35.87499999999999,2,9.0,3.6666666666666647
2020,13,0.5,3,1838.5400074347854,359.8656191179975,423.6090701088015,422.74006522222277,2.4,1.4611111111111112,14.459999999999994,2,2.0,2.7599999999999993
2020,13,0.75,3,2085.6200114265084,335.01579912934926,443.95331935979806,443.95331935979806,2.3333333333333335,1.388888888888889,21.999999999999993,2,9.0,3.4266666666666654
2020,13,1.0,3,2033.140009753406,324.20096863235773,441.5744689979787,432.9816643171967,2.1333333333333333,1.4666666666666668,27.9,2,9.0,7.506666666666664
2020,13,1.15,3,2294.6600102335215,297.74962976441964,443.92562030946743,443.92562030946743,2.3666666666666667,1.4666666666666668,33.0,2,11.0,-0.7800000000000011
2020,13,1.25,3,2328.6600102335215,303.3067639164009,449.4827544614487,449.4827544614487,2.3666666666666667,1.4666666666666668,35.88,2,11.0,0.6399999999999996
2020,14,0.5,6,2362.320010907948,329.5155880964998,447.90386162664237,436.61420467299854,1.6,1.3388888888888888,12.614999999999998,2,1.0,-2.4400000000000017
2020,14,0.75,6,1945.7600064948201,312.43536867842005,458.30977900837047,439.2025774761321,2.0666666666666664,1.4055555555555557,26.324999999999996,2,1.0,-0.04000000000000128
2020,14,1.0,6,2055.8600104004145,340.69424865987844,459.74342324630146,456.33565642622244,2.2,1.511111111111111,26.019999999999996,2,5.0,0.19333333333333183
2020,14,1.15,6,2055.8600104004145,340.69424865987844,459.74342324630146,456.33565642622244,2.3666666666666667,1.4833333333333334,33.25,2,5.0,0.19333333333333183
2020,14,1.25,6,2148.980013281107,341.23196060557785,475.12103185849617,475.67271629708256,2.3666666666666667,1.4055555555555557,35.5,2,5.0,0.2599999999999975
2020,15,0.5,5,1994.340010739863,271.94040072179246,408.12678857643544,419.5079124629611,1.5333333333333332,1.3055555555555556,15.369999999999997,2,1.0,0.5399999999999994
2020,15,0.75,5,1989.7400083243847,287.1767587826059,367.0462132445946,371.55879236941985,1.6,1.2166666666666666,13.930000000000001,2,1.0,2.106666666666666
2020,15,1.0,5,2031.8200075179338,316.13331362337124,438.7757641336873,434.91767081375815,2.1333333333333333,1.3944444444444446,34.639999999999986,2,9.0,7.76
2020,15,1.15,5,2159.8200091570616,316.13331362337124,451.10186591074375,451.10186591074375,2.466666666666667,1.3722222222222225,38.195,2,9.0,9.246666666666666
2020,15,1.25,5,2340.3400091454387,286.5457754325052,423.3005318261401,423.3005318261401,2.2,1.4000000000000001,38.339999999999996,2,11.0,7.546666666666668
2020,16,0.5,6,2129.960008829832,309.039009706121,373.08708301914294,369.2289896992138,1.7666666666666666,1.3222222222222222,17.129999999999995,2,1.0,0.2133333333333321
2020,16,0.75,6,2046.9600093513727,341.8548051703702,442.2577226135071,439.9383343897397,2.1333333333333333,1.4444444444444446,26.324999999999996,2,1.0,2.533333333333332
2020,16,1.0,6,1884.24000941962,348.3611459667101,411.2058426127333,391.1979241966161,1.2,1.211111111111111,25.299999999999994,2,5.0,4.8199999999999985
2020,16,1.15,6,2120.000010408461,367.1575018561985,467.42144885926473,466.9063526576688,1.7333333333333334,1.3722222222222225,33.55,2,5.0,11.75333333333333
2020,16,1.25,6,2286.780011728406,367.1575018561985,472.0625133859925,472.0625133859925,2.466666666666667,1.5166666666666666,39.17499999999999,2,5.0,8.019999999999998
2020,17,0.5,7,1864.8400081172585,341.1934845023607,437.311575896764,431.6783422387558,1.8666666666666667,1.3944444444444446,19.150000000000002,2,1.0,1.0066666666666668
2020,17,0.75,7,2033.4400083348155,335.44535903198755,421.549990949879,421.549990949879,2.0666666666666664,1.3777777777777775,21.565000000000005,2,1.0,5.813333333333334
2020,17,1.0,7,2064.5000100135803,328.6011761060276,455.127430139522,451.26933681959287,2.3666666666666667,1.4222222222222223,24.179999999999993,2,5.0,5.706666666666665
2020,17,1.15,7,2284.9000108987093,369.4756836743803,485.7067417168344,481.8486483969053,1.5,1.4277777777777778,32.2,2,5.0,5.093333333333332
2020,17,1.25,7,2284.9000108987093,369.4756836743803,485.7067417168345,481.84864839690533,2.2333333333333334,1.5,38.824999999999996,2,5.0,5.093333333333332
2020,18,0.5,8,2112.100010715425,355.48384825932015,440.32447535695866,437.0180664756159,1.7333333333333334,1.2666666666666666,15.05,2,1.0,3.326666666666667
2020,18,0.75,8,2022.3000098094344,345.03979365303246,464.6406526780419,460.68120141937646,1.7666666666666666,1.45,21.4,2,3.0,4.920000000000001
2020,18,1.0,8,2120.5400107055902,330.05422452817095,429.67981910196323,427.44012718274456,1.9333333333333333,1.3666666666666665,31.5,2,2.0,9.88
2020,18,1.15,8,1957.5800098776817,320.1762595690081,432.7411091132923,425.0616311992153,1.5333333333333332,1.2388888888888887,26.849999999999998,2,9.0,9.206666666666667
2020,18,1.25,8,1944.480009302497,320.1762595690081,442.1105021999278,436.05068028050755,1.0333333333333332,1.1666666666666667,36.52499999999999,2,9.0,12.346666666666666
2020,19,0.5,8,1903.6400076970458,319.7938203473038,421.2098717959767,416.3666608546896,1.9333333333333333,1.4444444444444446,17.86,2,1.0,1.613333333333334
2020,19,0.75,8,1940.90000731498,331.7481852528173,421.539197948084,411.0824434095409,1.7333333333333334,1.3444444444444443,28.21999999999998,2,7.0,11.879999999999999
2020,19,1.0,8,1962.88001139462,306.07632161786285,385.25964375453395,379.6264100965258,1.4333333333333333,1.2722222222222221,34.615,2,7.0,12.246666666666666
2020,19,1.15,8,1962.88001139462,306.07632161786285,385.25964375453395,379.6264100965258,1.4333333333333333,1.2722222222222221,34.615,2,7.0,12.246666666666666
2020,19,1.25,8,1982.8800117522478,306.07632161786285,418.5226806395767,418.5226806395767,1.5666666666666669,1.3444444444444443,37.76,2,7.0,13.713333333333333
2020,20,0.5,9,1831.1200106739998,336.7784509970124,407.92317177862736,407.08615108534184,1.7999999999999998,1.3444444444444443,14.2,2,1.0,-1.5199999999999994
2020,20,0.75,9,2198.3000093325973,321.452912126729,415.2624580780231,415.2624580780231,2.3333333333333335,1.3055555555555556,27.354999999999997,2,8.0,9.766666666666667
2020,20,1.0,9,2160.6000105440617,340.3973536933171,434.9136152941458,430.9541640354804,2.2,1.2611111111111113,33.76,2,7.0,8.960000000000003
2020,20,1.15,9,1991.0800101906061,333.308314383202,429.93565118955706,422.0627256123302,2.033333333333333,1.4000000000000001,26.1,2,2.0,8.233333333333333
2020,20,1.25,9,2144.400009840727,340.3973536933171,444.6990538016571,441.9432131167726,2.033333333333333,1.2722222222222221,36.53999999999999,2,7.0,12.1
2020,21,0.5,2,1968.020007610321,370.1801378762155,431.9089845777895,412.80178304555113,1.8666666666666667,1.383333333333333,11.565000000000003,2,1.0,3.499999999999999
2020,21,0.75,2,1929.5000105053186,364.2969322170857,478.04647745189504,458.93927591965667,2.3000000000000003,1.361111111111111,26.485,2,7.0,1.8599999999999974
2020,21,1.0,2,1892.7000093981624,364.2969322170857,507.10511048747844,487.99790895524006,2.8666666666666667,1.4222222222222223,26.939999999999998,2,7.0,4.193333333333331
2020,21,1.15,2,1925.7000093981624,372.1722481872488,514.9804264576416,495.8732249254032,2.8666666666666667,1.4222222222222223,29.480000000000004,2,7.0,5.0666666666666655
2020,21,1.25,2,1925.7000093981624,372.1722481872488,514.9804264576416,495.8732249254032,2.8666666666666667,1.4222222222222223,29.480000000000004,2,7.0,5.0666666666666655
2020,22,0.5,6,1813.7200101613998,357.1236726822228,410.2771388143805,410.2771388143805,1.5666666666666669,1.3055555555555556,17.82,2,2.0,2.1
2020,22,0.75,6,1869.9200134500861,287.243193396147,438.9971676017454,432.1795032590424,2.0,1.45,25.999999999999996,2,10.0,2.5733333333333324
2020,22,1.0,6,1812.4800075739622,357.67229528482267,468.36430341496026,468.36430341496026,2.1333333333333333,1.5277777777777777,25.459999999999997,2,9.0,3.2133333333333325
2020,22,1.15,6,2113.8000101670623,349.62947716268536,477.3771990659379,458.2699975336995,2.3666666666666667,1.488888888888889,33.345,2,7.0,9.293333333333331
2020,22,1.25,6,2113.8000101670623,349.62947716268536,477.3771990659379,458.2699975336995,2.3666666666666667,1.488888888888889,33.345,2,7.0,9.293333333333331
2020,23,0.5,3,2016.8400073945522,339.45721601660324,439.9377824472756,429.0165533119199,1.9,1.3666666666666665,17.67,2,2.0,1.613333333333333
2020,23,0.75,3,1911.2200119495392,354.1069672024637,463.1441852056061,451.8545282519623,2.3333333333333335,1.4444444444444446,19.559999999999995,2,7.0,1.126666666666666
2020,23,1.0,3,1924.3400090411305,359.4223583396901,451.18974647909585,451.18974647909585,2.3333333333333335,1.5166666666666666,28.459999999999997,2,8.0,4.846666666666665
2020,23,1.15,3,1899.5200093612075,359.4223583396901,530.3580230495508,519.0683660959069,3.1333333333333337,1.5166666666666666,33.199999999999996,2,7.0,1.793333333333332
2020,23,1.25,3,1915.5200093612075,364.97949249167135,535.915157201532,524.6255002478881,3.1333333333333337,1.5166666666666666,35.88,2,7.0,4.139999999999999
2020,24,0.5,8,1927.6200094223022,344.156795026051,433.4144054889206,433.4144054889206,2.0,1.4333333333333333,14.424999999999995,2,1.0,3.6599999999999997
2020,24,0.75,8,2132.300010472536,308.90169610085906,408.91794410036033,403.28471044235215,1.9,1.3555555555555554,22.26,2,9.0,4.1866666666666665
2020,24,1.0,8,1967.420013256371,331.5967657411728,444.8371769008959,444.8371769008959,2.1,1.3500000000000003,28.199999999999996,2,2.0,5.36
2020,24,1.15,8,2129.580010995269,346.1678654657887,454.4351173148872,441.6992225371756,1.8666666666666667,1.3055555555555556,35.195,2,8.0,8.733333333333333
2020,24,1.25,8,2169.6800111085176,346.1678654657887,484.5975936071617,470.8962712688444,2.1,1.388888888888889,36.83,2,8.0,9.713333333333333
2020,25,0.5,9,2126.1200092583895,301.69858623405634,354.38726133647623,354.75568915476435,0.8666666666666667,1.2055555555555557,17.359999999999996,2,1.0,4.193333333333332
2020,25,0.75,9,2240.7600087821484,321.3061856202027,444.53813105798685,440.6800377380577,2.2333333333333334,1.488888888888889,27.650000000000002,2,9.0,7.926666666666665
2020,25,1.0,9,2201.2000113129616,314.0745680976905,408.2660278887715,404.40793456884234,1.6,1.288888888888889,33.905,2,7.0,9.659999999999998
2020,25,1.15,9,2051.5400095656514,325.1402818320559,421.64815090684056,415.55036566769274,2.033333333333333,1.45,26.749999999999986,2,2.0,7.2333333333333325
2020,25,1.25,9,2164.7000110149384,314.0745680976905,406.4408506535174,408.57560284977,1.3,1.2666666666666666,36.93999999999999,2,7.0,13.52
2020,26,0.5,2,1975.4200130403042,340.1711843915215,429.5003068632989,402.09943952816104,1.8333333333333333,1.3722222222222225,21.194999999999997,2,1.0,5.613333333333332
2020,26,0.75,2,2153.720011398196,338.29182249278483,445.37029661359605,445.37029661359605,1.5333333333333332,1.388888888888889,22.29,2,9.0,2.319999999999999
2020,26,1.0,2,2150.1200121939182,338.29182249278483,474.35221228469436,474.35221228469436,2.5333333333333337,1.4444444444444446,25.424999999999997,2,9.0,4.799999999999998
2020,26,1.15,2,2184.1200121939182,343.8489566447661,479.9093464366756,479.9093464366756,2.5333333333333337,1.4444444444444446,28.685,2,9.0,6.219999999999999
2020,26,1.25,2,2184.1200121939182,343.8489566447661,479.9093464366756,479.9093464366756,2.5333333333333337,1.4444444444444446,28.685,2,9.0,6.219999999999999
2020,27,0.5,5,2209.880006812513,323.85208409723606,373.0926326546134,367.533863024523,1.6,1.4222222222222223,17.540000000000006,2,1.0,2.906666666666667
2020,27,0.75,5,1936.3600087538362,358.0837467555386,472.8868021863578,459.41913688172536,2.1,1.3388888888888888,13.580000000000005,2,1.0,-0.27333333333333293
2020,27,1.0,5,2089.000009573996,368.5222618659286,482.9256368094689,479.0675434895398,2.3666666666666667,1.488888888888889,27.860000000000003,2,5.0,6.2733333333333325
2020,27,1.15,5,1944.7000069022179,349.48887599294784,434.57995064578887,430.72185732585973,1.9,1.4222222222222223,31.939999999999998,2,2.0,6.653333333333335
2020,27,1.25,5,1886.140007764101,355.8426513913449,473.3378385980187,473.3378385980187,2.1,1.4333333333333333,33.965,2,2.0,9.706666666666669
2020,28,0.5,0,1872.4600084349513,394.0824543917135,445.2648366486874,427.9390780241258,2.5,1.4611111111111112,17.650000000000002,2,1.0,3.3799999999999994
2020,28,0.75,0,1803.2200129777193,317.5480889910521,403.3660898156029,395.90008598726683,1.5333333333333332,1.2944444444444443,24.194999999999997,2,3.0,5.926666666666667
2020,28,1.0,0,1665.1600058153272,358.8696225433735,430.00857262011465,420.41588770344106,2.466666666666667,1.45,31.169999999999995,2,1.0,12.893333333333333
2020,28,1.15,0,2113.0400075539947,329.7762760185538,432.62091741578666,427.6960385965155,1.9,1.3388888888888888,31.4,2,7.0,10.213333333333333
2020,28,1.25,0,1977.9400087669492,335.0813262434555,468.60586794258,445.6772818161938,2.0666666666666664,1.388888888888889,35.349999999999994,2,7.0,9.066666666666666
2020,29,0.5,6,2135.2800075635314,333.76926755976524,393.8908409988139,393.8908409988139,1.9666666666666666,1.3055555555555556,18.564999999999998,2,1.0,1.1399999999999986
2020,29,0.75,6,1909.5200115665793,350.2417286838421,455.577371927608,452.61780090483416,2.2,1.383333333333333,25.999999999999996,2,1.0,3.573333333333331
2020,29,1.0,6,2146.6200088486075,369.4756836743803,496.06193477067205,476.9547332384337,2.1,1.4388888888888889,27.660000000000004,2,5.0,5.666666666666665
2020,29,1.15,6,2252.72000823915,369.4756836743803,465.98401565066405,458.6558901490124,2.0,1.4277777777777778,34.875,2,5.0,7.039999999999998
2020,29,1.25,6,2142.100009314716,369.4756836743803,507.600657651225,489.18197049117157,2.0,1.4055555555555557,39.49999999999999,2,5.0,9.186666666666666
2020,30,0.5,9,2142.6400092616677,344.156795026051,430.93657609962236,430.93657609962236,1.3333333333333333,1.3944444444444446,13.185,2,1.0,-0.7066666666666668
2020,30,0.75,9,2263.1200076565146,307.3814360181918,435.6568364005994,431.697385141934,1.6333333333333333,1.4388888888888889,27.944999999999997,2,10.0,4.6866666666666665
2020,30,1.0,9,2010.1800119951367,343.36066421700724,447.18562228354085,452.3165579336327,1.7000000000000002,1.45,34.485,2,9.0,2.546666666666666
2020,30,1.15,9,2010.1800119951367,343.36066421700724,447.18562228354085,452.3165579336327,1.7000000000000002,1.45,34.485,2,9.0,2.546666666666666
2020,30,1.25,9,1894.2800111174583,343.36066421700724,462.06764297787635,459.31180229299184,2.0,1.388888888888889,37.66,2,9.0,8.68
2020,31,0.5,8,2008.280010305345,342.49691352927556,433.51051019099054,430.1027433709115,2.3000000000000003,1.4055555555555557,12.274999999999999,2,1.0,1.24
2020,31,0.75,8,2026.8000092506409,313.92784159116417,447.8293049156354,443.9712115957063,2.166666666666667,1.3666666666666665,22.26,2,10.0,2.9933333333333327
2020,31,1.0,8,2033.7600109279156,344.65476954754183,463.70394413396485,460.29617731388583,2.5666666666666664,1.5166666666666666,23.459999999999997,2,5.0,2.726666666666666
2020,31,1.15,8,2038.90001129359,346.4048326024093,468.5213088773881,469.0729933159745,2.0,1.4444444444444446,23.459999999999997,2,5.0,3.579999999999999
2020,31,1.25,8,2308.000010050833,325.6198102733198,403.5994016297656,431.02466183951924,1.8666666666666667,1.45,14.87,2,5.0,-0.9933333333333337
2020,32,0.5,0,2078.5600077584386,390.61913266299683,427.96244346293713,423.2343891298683,2.5666666666666664,1.5166666666666666,13.459999999999999,2,1.0,1.6599999999999995
2020,32,0.75,0,1905.1800106912851,355.77472728897135,395.03741518962147,391.07796393095606,1.7666666666666666,1.3944444444444446,21.6,2,7.0,1.933333333333333
2020,32,1.0,0,2120.3800107985735,392.26750626164306,484.9630304236107,484.9630304236107,2.5666666666666664,1.488888888888889,27.119999999999994,2,1.0,9.219999999999999
2020,32,1.15,0,1926.2600063681602,364.97949249167135,491.62517618805686,487.66572492939144,2.4333333333333336,1.5166666666666666,31.250000000000007,2,7.0,6.7
2020,32,1.25,0,1926.2600063681602,364.97949249167135,491.62517618805686,487.66572492939144,2.4333333333333336,1.5166666666666666,31.250000000000007,2,7.0,6.7
2020,33,0.5,4,1847.7400093004107,383.2994600093897,475.06097621319157,455.06788272634475,1.9,1.3777777777777775,17.62,2,2.0,-2.440000000000001
2020,33,0.75,4,1858.7800088599324,350.80325344168114,437.5866684598919,418.4794669276535,1.9333333333333333,1.3388888888888888,23.099999999999994,2,3.0,0.8933333333333328
2020,33,1.0,4,1979.4800084531307,330.1955880561423,433.603016722583,463.9327713312974,2.033333333333333,1.4000000000000001,28.265,2,10.0,0.006666666666666288
2020,33,1.15,4,1804.6000071838498,371.29280055962283,455.4423218452591,483.01623576908895,1.9666666666666666,1.3277777777777777,33.595,2,5.0,6.146666666666666
2020,33,1.25,4,2175.2200066894293,374.25458436704423,489.7233913690399,463.2880643351499,2.1333333333333333,1.4555555555555555,32.965,2,5.0,8.446666666666665
2020,34,0.5,6,2000.7400084510446,352.00860028070764,431.4493950684005,431.4493950684005,2.0666666666666664,1.288888888888889,17.459999999999994,2,1.0,2.313333333333334
2020,34,0.75,6,2066.700009316206,340.4816542761247,467.0679053724164,447.96070384017804,2.2333333333333334,1.4166666666666667,25.999999999999996,2,1.0,2.053333333333333
2020,34,1.0,6,1990.9600104913116,320.1840299426682,435.88444516114424,432.0263518412151,2.633333333333333,1.4333333333333333,28.240000000000002,2,6.0,3.253333333333333
2020,34,1.15,6,2216.5000108480453,314.4848048198381,438.3144363403639,438.3144363403639,2.3666666666666667,1.3666666666666665,37.195,2,9.0,9.566666666666666
2020,34,1.25,6,2216.5000108480453,314.4848048198381,438.3144363403639,438.3144363403639,2.2666666666666666,1.4222222222222223,40.47999999999999,2,9.0,9.566666666666666
2020,35,0.5,2,2155.080012924969,366.1070535366855,460.28732562229055,453.5108845592253,2.3333333333333335,1.5333333333333334,15.060000000000006,2,1.0,1.8333333333333344
2020,35,0.75,2,1891.9200107455254,341.1642522085292,401.8702587964776,384.9473681848255,1.4666666666666668,1.3777777777777775,20.950000000000006,2,1.0,5.966666666666667
2020,35,1.0,2,1905.0400096401572,349.65498025136395,439.69227234206926,414.95183715182264,2.0666666666666664,1.4166666666666667,25.349999999999998,2,1.0,8.566666666666666
2020,35,1.15,2,1939.0400096401572,355.2121144033452,445.2494064940505,420.5089713038039,2.0,1.4388888888888889,30.950000000000003,2,1.0,9.986666666666668
2020,35,1.25,2,2099.9200084879994,367.0527445807486,470.6486374836302,452.22995032357676,1.9666666666666666,1.3777777777777775,33.635,2,5.0,14.586666666666668
2020,36,0.5,9,1578.4000083357096,320.4567428835027,410.112237707194,391.00503617495565,1.7333333333333334,1.2722222222222221,12.87,2,1.0,-2.8333333333333326
2020,36,0.75,9,2150.640009433031,307.5618697681392,439.2862876542447,436.32671663147084,1.9333333333333333,1.4666666666666668,27.944999999999997,2,9.0,4.113333333333334
2020,36,1.0,9,2053.120012305677,344.41780241092124,464.2869130437837,464.2869130437837,2.2666666666666666,1.4611111111111112,27.874999999999993,2,9.0,3.2799999999999985
2020,36,1.15,9,2053.120012305677,344.41780241092124,464.2869130437837,464.2869130437837,2.2666666666666666,1.4611111111111112,27.874999999999993,2,9.0,3.2799999999999985
2020,36,1.25,9,2053.120012305677,344.41780241092124,464.2869130437837,464.2869130437837,2.7,1.4388888888888889,36.449999999999996,2,9.0,3.2799999999999985
2020,37,0.5,2,2292.900008045137,397.8488080395037,483.98632953874255,465.3685470834471,2.2333333333333334,1.4555555555555555,11.625000000000004,2,1.0,-0.4866666666666674
2020,37,0.75,2,2038.080011099577,335.973640674603,438.18149865400164,432.54826499599346,2.2666666666666666,1.4000000000000001,22.184999999999995,2,9.0,1.259999999999998
2020,37,1.0,2,2072.980012588203,335.973640674603,452.13634876774233,452.13634876774233,2.6666666666666665,1.45,25.424999999999997,2,9.0,3.753333333333331
2020,37,1.15,2,2105.980012588203,343.8489566447661,460.0116647379055,460.0116647379055,2.0666666666666664,1.45,30.965000000000003,2,9.0,4.626666666666666
2020,37,1.25,2,2100.2800113856792,343.8489566447661,479.31985150920747,479.31985150920747,2.6,1.4833333333333334,30.995,2,9.0,3.599999999999999
2020,38,0.5,0,1861.980005338788,329.9080747555361,374.01507154691336,374.3834993652015,2.2666666666666666,1.4166666666666667,14.86,2,1.0,5.8199999999999985
2020,38,0.75,0,2011.7400123476982,314.31428921431683,371.78571914687456,363.1142668069648,1.5,1.3,23.74,2,3.0,3.3600000000000003
2020,38,1.0,0,2016.3000102564692,365.3675809096216,493.11530281287406,474.0081012806357,2.466666666666667,1.4166666666666667,27.859999999999996,2,1.0,3.646666666666665
2020,38,1.15,0,1996.7400105968118,329.83482014882406,454.70703295961465,451.7474619368408,2.4,1.4555555555555555,31.4,2,9.0,7.373333333333334
2020,38,1.25,0,1996.7400105968118,329.83482014882406,454.70703295961465,451.7474619368408,2.4,1.4555555555555555,31.4,2,9.0,7.373333333333334
2020,39,0.5,1,2181.3200087174773,352.2803561851403,396.8665061829474,397.41819062153377,2.3666666666666667,1.2944444444444443,19.680000000000003,2,1.0,2.9000000000000017
2020,39,0.75,1,2117.6200110018253,363.7703013193833,427.81837463240515,423.960281312476,2.1333333333333333,1.4222222222222223,22.479999999999997,2,1.0,3.4666666666666663
2020,39,1.0,1,2104.9200107753277,315.69582627211634,434.26505040193285,434.26505040193285,2.1,1.4333333333333333,31.4,2,8.0,9.74
2020,39,1.15,1,2115.3000116869807,322.28420107616523,463.03143915344043,463.03143915344043,2.166666666666667,1.4166666666666667,31.79,2,10.0,4.053333333333335
2020,39,1.25,1,2115.3000116869807,322.28420107616523,463.03143915344043,463.03143915344043,2.166666666666667,1.4166666666666667,31.79,2,10.0,4.053333333333335
2020,40,0.5,2,2147.320012308657,347.72411635336556,475.3090651779936,475.6774929962817,2.2333333333333334,1.4277777777777778,16.064999999999994,2,1.0,-1.726666666666667
2020,40,0.75,2,1651.5200096964836,355.9607466427935,495.12091608917143,476.01371455693305,2.4,1.4111111111111112,26.485,2,7.0,-0.19333333333333372
2020,40,1.0,2,1837.1400084123015,357.5685788993603,494.0518798997427,482.76222294609886,2.5,1.5166666666666666,29.179999999999993,2,9.0,4.746666666666666
2020,40,1.15,2,1898.1400084123015,363.12571305134156,499.6090140517239,488.31935709808005,2.5333333333333337,1.4833333333333334,31.43,2,9.0,4.773333333333334
2020,40,1.25,2,2097.6200091838837,357.95284105451015,515.4952945606234,504.20563760697956,2.7,1.4777777777777779,36.199999999999996,2,9.0,3.966666666666667
2020,41,0.5,7,2062.940007843077,334.60726895367304,421.0647622298226,421.0647622298226,2.5,1.4166666666666667,20.080000000000002,2,1.0,0.6066666666666662
2020,41,0.75,7,2120.1600106209517,334.8497433982653,447.4155766078686,447.4155766078686,2.1333333333333333,1.4222222222222223,21.49,2,1.0,4.473333333333333
2020,41,1.0,7,2240.4000113531947,352.7525063899987,484.3946794950584,465.28747796282005,2.8666666666666667,1.4555555555555555,27.529999999999994,2,2.0,-0.44666666666666877
2020,41,1.15,7,2115.6200091019273,345.4575159041738,480.80996154495836,458.74318898994613,2.4333333333333336,1.4444444444444446,30.744999999999997,2,9.0,7.139999999999999
2020,41,1.25,7,2227.2800107598305,345.4575159041738,476.2714698669839,457.16426833474554,2.166666666666667,1.3555555555555554,38.17499999999999,2,9.0,8.41333333333333
2020,42,0.5,1,2073.5400099530816,387.30860347289246,450.4246668940816,436.9570015894492,2.6666666666666665,1.4555555555555555,18.04,2,1.0,3.0133333333333328
2020,42,0.75,1,1978.1800099611282,378.35153022604294,479.7725003544961,468.4828434008523,2.5333333333333337,1.4611111111111112,21.529999999999994,2,1.0,1.273333333333332
2020,42,1.0,1,2067.280012615025,336.1203671811293,455.36225080940847,455.36225080940847,2.2666666666666666,1.361111111111111,26.524999999999995,2,9.0,6.826666666666665
2020,42,1.15,1,2100.280012615025,343.9956831512924,463.2375667795715,463.2375667795715,2.2666666666666666,1.361111111111111,29.935000000000002,2,9.0,7.7
2020,42,1.25,1,2104.080012537539,343.9956831512924,474.44174892143417,474.44174892143417,2.2333333333333334,1.4000000000000001,33.20499999999999,2,9.0,9.34
2020,43,0.5,2,2195.8800126090646,379.17724385170794,473.56256475639503,462.2729078027512,2.1333333333333333,1.3500000000000003,16.239999999999995,2,1.0,-0.340000000000001
2020,43,0.75,2,2099.980010867119,328.94698923744176,472.51061146289493,461.2209545092511,2.5333333333333337,1.4611111111111112,22.184999999999995,2,10.0,1.1333333333333324
2020,43,1.0,2,2123.28001126647,328.94698923744176,501.70766019456363,490.4180032409198,2.7333333333333334,1.5,25.574999999999996,2,10.0,2.1133333333333315
2020,43,1.15,2,2153.580012694001,370.31846874691894,511.41260873181045,508.4530377090366,2.3000000000000003,1.488888888888889,30.965000000000003,2,9.0,2.9666666666666663
2020,43,1.25,2,2175.380011945963,370.31846874691894,510.3967035132023,506.4372522545369,1.8666666666666667,1.4388888888888889,28.630000000000006,2,7.0,0.19999999999999954
2020,44,0.5,3,2032.0800105184317,336.716437114478,403.5665584358557,398.8394602293478,1.6666666666666665,1.4333333333333333,18.105,2,2.0,4.779999999999999
2020,44,0.75,3,2071.1600145474076,354.79349585326895,458.1793776321896,450.71337380385353,2.166666666666667,1.472222222222222,18.894999999999985,2,3.0,3.506666666666666
2020,44,1.0,3,2276.0600143149495,377.90914071374596,474.6501005870745,466.81566894045034,2.0,1.4833333333333334,25.374999999999996,2,3.0,5.433333333333333
2020,44,1.15,3,2265.9600135460496,377.90914071374596,474.4349675265041,466.60053587987994,2.4333333333333336,1.4444444444444446,28.849999999999998,2,3.0,6.933333333333333
2020,44,1.25,3,2255.260013885796,383.4662748657272,491.196283820348,483.36185217372383,2.3000000000000003,1.4333333333333333,33.55,2,3.0,9.546666666666665
2020,45,0.5,3,2146.0400108471513,362.45795382221894,444.04359996249195,436.7154744608403,1.2666666666666668,1.2944444444444443,18.44,2,1.0,4.013333333333334
2020,45,0.75,3,2072.2400085404515,348.5349088504699,471.7598430015151,452.6526414692767,1.7999999999999998,1.2833333333333334,22.4,2,1.0,2.246666666666665
2020,45,1.0,3,1933.4400099664927,334.0715196685618,395.265311784254,370.52487659400737,1.4000000000000001,1.211111111111111,25.299999999999997,2,1.0,9.513333333333332
2020,45,1.15,3,2266.1600093171,348.1163812444385,436.8833189765695,437.4350034151559,1.8666666666666667,1.4555555555555555,31.539999999999996,2,5.0,5.506666666666665
2020,45,1.25,3,2300.1600093171,353.67351539641976,442.44045312855076,442.99213756713715,1.8666666666666667,1.4555555555555555,31.98,2,5.0,6.926666666666666
2020,46,0.5,9,1750.6400082558393,315.02074626198976,410.1610748626812,398.13783534781487,1.5666666666666669,1.2333333333333334,14.599999999999998,2,1.0,4.313333333333333
2020,46,0.75,9,2204.720007672906,369.4756836743803,511.1223911378123,492.01518960557394,2.166666666666667,1.488888888888889,27.944999999999997,2,5.0,5.133333333333331
2020,46,1.0,9,2005.8800116851926,362.0973396453418,465.13395021725603,443.5565967391867,2.1,1.3666666666666665,27.54,2,5.0,7.9799999999999995
2020,46,1.15,9,1984.8000104650855,362.0973396453418,497.03477135416045,470.59944432027044,2.633333333333333,1.4611111111111112,28.000000000000004,2,5.0,7.546666666666666
2020,46,1.25,9,2002.2000101581216,362.0973396453418,500.2223136221865,481.8036264621331,1.9,1.4000000000000001,35.349999999999994,2,5.0,9.186666666666666
2020,47,0.5,8,1747.3800076916814,302.5257927612665,364.9358069638264,355.4444799858891,0.8666666666666667,1.0944444444444443,17.9,2,1.0,4.686666666666666
2020,47,0.75,8,2073.100008495152,303.84102689821765,421.7831824199399,416.959661539405,1.9666666666666666,1.3500000000000003,29.6,2,9.0,8.186666666666664
2020,47,1.0,8,2094.280010960996,323.0759982123352,423.6497595403073,411.1068583737267,1.4666666666666668,1.3333333333333333,33.545,2,8.0,10.993333333333332
2020,47,1.15,8,2094.280010960996,323.0759982123352,423.6497595403073,411.1068583737267,1.4666666666666668,1.3333333333333333,33.545,2,8.0,10.993333333333332
2020,47,1.25,8,1949.2800092101097,346.645771671161,432.10104706294914,422.50836214627554,1.9666666666666666,1.4444444444444446,36.849999999999994,2,9.0,10.766666666666664
2020,48,0.5,2,1887.9400069713593,385.03185152207817,513.6146028554549,503.9932562612383,2.633333333333333,1.4944444444444445,15.649999999999997,1,1.0,0.3066666666666651
2020,48,0.75,2,1902.840006902814,375.76929390539044,463.634422653018,444.52722112077964,2.2333333333333334,1.383333333333333,19.979999999999997,2,1.0,1.846666666666666
2020,48,1.0,2,1962.2400078475475,379.0052087853923,492.8314713846868,473.7242698524484,2.4333333333333336,1.4111111111111112,25.574999999999996,2,1.0,2.8266666666666653
2020,48,1.15,2,2094.320008829236,395.8980731160139,486.81653520213683,486.81653520213683,2.966666666666667,1.488888888888889,30.98,2,1.0,4.626666666666667
2020,48,1.25,2,2092.6200083345175,395.8980731160139,498.95185896647126,498.0207173439995,2.2666666666666666,1.5,34.04,2,1.0,6.266666666666667
2020,49,0.5,3,2040.5600073114038,317.41610766709863,433.90347119056656,430.41380568892555,2.033333333333333,1.4444444444444446,17.280000000000005,2,2.0,-1.0066666666666664
2020,49,0.75,3,1903.8200078904629,328.78088497902553,435.39834957828225,435.39834957828225,2.466666666666667,1.5,22.839999999999993,2,8.0,4.546666666666666
2020,49,1.0,3,1627.040009856224,334.22549879765194,422.61687269954183,422.98530051782996,1.9333333333333333,1.3222222222222222,31.6,2,4.0,9.479999999999999
2020,49,1.15,3,1627.040009856224,334.22549879765194,422.61687269954194,422.98530051783007,1.6333333333333333,1.3666666666666665,32.37,2,4.0,9.479999999999997
2020,49,1.25,3,1660.040009856224,342.100814767815,430.492188669705,430.8606164879931,1.6333333333333333,1.3666666666666665,32.37,2,4.0,10.353333333333332
2021,0,0.5,8,1959.5200075358152,362.67629538812616,536.8095022857416,536.8095022857416,3.1333333333333337,1.5555555555555556,13.234999999999998,2,5.0,3.4866666666666677
2021,0,0.75,8,2025.3000053837895,374.5683456880301,593.4130435177169,594.1313461036721,3.1666666666666665,1.6055555555555554,16.939999999999998,2,6.0,2.94
2021,0,1.0,8,2300.1400072798133,363.3116335887291,535.3507536154142,533.1128550835884,2.833333333333333,1.538888888888889,27.67999999999999,2,4.0,5.86
2021,0,1.15,8,2153.440003544092,355.385692863771,561.3018463434129,559.0046600121359,2.633333333333333,1.5999999999999999,27.67999999999999,2,4.0,5.1
2021,0,1.25,8,2153.440003544092,355.385692863771,561.3018463434129,559.0046600121359,2.633333333333333,1.5999999999999999,27.67999999999999,2,4.0,5.1
2021,1,0.5,2,1925.840006865561,364.4764110860818,492.05700886791124,489.041519950679,2.5666666666666664,1.5222222222222221,18.595,2,1.0,1.9466666666666654
2021,1,0.75,2,1844.5400070920587,363.9787495818023,571.9884497571234,571.9884497571234,2.833333333333333,1.4777777777777779,27.65999999999999,2,1.0,2.573333333333332
2021,1,1.0,2,1809.50000526011,337.382357637974,555.8152943233454,548.4058382421703,2.4333333333333336,1.488888888888889,25.049999999999994,2,1.0,2.5866666666666664
2021,1,1.15,2,1557.3000030815601,338.510986229253,506.6539141131917,502.14470908639817,2.9,1.5166666666666666,37.194999999999986,2,1.0,4.933333333333333
2021,1,1.25,2,1557.3000030815601,338.510986229253,506.6539141131917,502.14470908639817,2.9,1.5166666666666666,37.194999999999986,2,1.0,4.933333333333333
2021,2,0.5,7,1905.660006441176,355.8702522013267,549.3885562622024,541.5175056992936,2.633333333333333,1.5333333333333334,17.56499999999999,2,3.0,3.799999999999998
2021,2,0.75,7,1826.540006481111,355.7558466035079,520.9707435852107,517.1798411443723,2.5333333333333337,1.5222222222222221,22.404999999999998,2,6.0,7.653333333333331
2021,2,1.0,7,2197.640008687973,331.1241243885398,559.0189121827527,552.7866463674968,2.6666666666666665,1.5444444444444443,25.459999999999987,2,4.0,1.5133333333333316
2021,2,1.15,7,2116.7000064849854,340.21693773381895,538.675109171521,535.6596202542887,2.6666666666666665,1.511111111111111,33.82,2,5.0,5.973333333333333
2021,2,1.25,7,2064.9400063827634,359.66996103045363,576.7281688279928,576.7281688279928,2.9333333333333336,1.5611111111111111,32.589999999999996,2,4.0,3.806666666666666
2021,3,0.5,2,2080.7400064617395,351.31757938626106,489.867882439461,484.4158371467696,2.466666666666667,1.4833333333333334,13.595,2,1.0,1.3333333333333333
2021,3,0.75,2,1949.3600037321448,342.9096213021819,540.447832232697,532.9231382886712,3.3000000000000003,1.5666666666666664,21.049999999999997,2,1.0,6.406666666666665
2021,3,1.0,2,2026.2000038772821,334.59417327430316,538.8389185796129,528.4139735812057,2.0666666666666664,1.5,25.90499999999999,2,1.0,-1.1866666666666672
2021,3,1.15,2,2110.9000062048435,339.5370089182181,514.3227319475236,511.8861755720644,2.5666666666666664,1.488888888888889,32.08499999999999,2,1.0,6.12
2021,3,1.25,2,2110.9000062048435,339.5370089182181,514.3227319475236,511.8861755720644,2.5666666666666664,1.488888888888889,32.08499999999999,2,1.0,6.12
2021,4,0.5,7,2038.8000058457255,363.824950418605,570.3937853800519,567.3782964628197,2.9333333333333336,1.5444444444444443,16.18999999999999,2,1.0,0.686666666666667
2021,4,0.75,7,2014.4000035449862,357.1156124851242,555.2041516930661,552.9069653617892,2.466666666666667,1.5,16.549999999999997,2,1.0,4.193333333333333
2021,4,1.0,7,1732.340004041791,377.54790117159195,585.112552504962,578.3061611468914,3.1,1.55,25.459999999999987,2,1.0,1.1400000000000001
2021,4,1.15,7,1732.340004041791,377.54790117159195,585.112552504962,578.3061611468914,3.1,1.55,25.459999999999987,2,1.0,1.1400000000000001
2021,4,1.25,7,1819.300005093217,365.27797140354295,576.2348695995261,572.4439671586877,3.466666666666667,1.5833333333333333,25.69499999999999,2,1.0,2.9733333333333336
2021,5,0.5,3,1997.9400043264031,356.1137218431004,563.4855063237468,560.4925932750286,3.2666666666666666,1.5666666666666664,18.719999999999995,2,1.0,2.4466666666666668
2021,5,0.75,3,1751.7400046512485,367.8840945605111,495.46666116651363,492.4511722492814,2.5333333333333337,1.488888888888889,23.75999999999999,2,1.0,9.599999999999998
2021,5,1.0,3,1977.5600027367473,358.3216258709522,533.4520121704933,533.4520121704933,2.633333333333333,1.5277777777777777,26.96999999999999,2,1.0,4.319999999999998
2021,5,1.15,3,1879.500003926456,341.6236820366964,472.1420798434067,469.12659092617446,2.033333333333333,1.4555555555555555,35.864999999999974,2,1.0,9.286666666666665
2021,5,1.25,3,2042.800005376339,334.2329020238514,542.2561851345479,542.2787610030618,2.5666666666666664,1.5444444444444443,22.804999999999993,2,1.0,0.3400000000000006
2021,6,0.5,2,2343.300006300211,357.9374610712682,475.5848355719312,473.148279196472,2.3666666666666667,1.3722222222222225,13.500000000000002,2,1.0,1.0533333333333332
2021,6,0.75,2,2251.6400038078427,332.87807204092843,514.0521803398713,514.0747562083852,2.8666666666666667,1.5277777777777777,19.589999999999986,2,1.0,4.053333333333333
2021,6,1.0,2,1835.8000054582953,351.637708741761,553.6467955685406,537.8265918394793,2.466666666666667,1.5833333333333333,25.204999999999995,2,1.0,6.353333333333333
2021,6,1.15,2,2115.200005941093,333.5904552425002,542.2916067865286,526.4714030574673,2.6,1.5277777777777777,35.05,2,1.0,7.4799999999999995
2021,6,1.25,2,2115.200005941093,333.5904552425002,542.2916067865286,526.4714030574673,2.6,1.5277777777777777,35.05,2,1.0,7.4799999999999995
2021,7,0.5,9,2109.200009100139,354.4897606281319,572.6435601821511,572.6435601821511,3.2,1.5833333333333333,18.955,1,3.0,1.9666666666666657
2021,7,0.75,9,1714.1400047838688,374.62542311258716,549.9547343546554,547.6575480233785,3.6666666666666665,1.5333333333333334,25.699999999999985,2,5.0,8.039999999999997
2021,7,1.0,9,2152.140006572008,321.4947493491669,534.7328551767766,534.7328551767766,3.1333333333333337,1.5611111111111111,29.1,2,3.0,5.513333333333332
2021,7,1.15,9,2152.140006572008,321.4947493491669,534.7328551767766,534.7328551767766,3.1333333333333337,1.5611111111111111,29.1,2,3.0,5.513333333333332
2021,7,1.25,9,2152.140006572008,321.4947493491669,534.7328551767766,534.7328551767766,3.1333333333333337,1.5611111111111111,29.1,2,3.0,5.513333333333332
2021,8,0.5,9,2152.0800069049,350.6547427152478,486.3613799877893,483.9248236123301,2.5666666666666664,1.4944444444444445,14.450000000000003,1,6.0,2.826666666666666
2021,8,0.75,9,1839.2400030568242,362.0628522726167,583.4541948848477,579.6858683125233,2.633333333333333,1.5222222222222221,17.95,2,6.0,3.673333333333333
2021,8,1.0,9,1913.3400055840611,356.97899352900924,553.4549948345164,550.093149298401,2.5666666666666664,1.511111111111111,31.819999999999997,2,3.0,5.846666666666665
2021,8,1.15,9,2011.3400057256222,346.00584836052707,555.9928585830022,549.6155241296547,2.6666666666666665,1.5222222222222221,31.684999999999995,2,3.0,4.879999999999998
2021,8,1.25,9,2011.3400057256222,346.00584836052707,555.9928585830022,549.6155241296547,2.6666666666666665,1.5222222222222221,31.684999999999995,2,3.0,4.879999999999998
2021,9,0.5,1,1990.2400050908327,374.3697727852043,549.4373625787703,550.1556651647254,2.633333333333333,1.5333333333333334,12.174999999999997,2,1.0,-0.2733333333333339
2021,9,0.75,1,1990.2400050908327,377.0789528237404,581.7421794113131,582.4604819972683,2.7,1.5611111111111111,18.879999999999992,2,1.0,0.4599999999999994
2021,9,1.0,1,1983.260005645454,381.58056205607755,587.4399928408995,582.930787814106,2.7666666666666666,1.5222222222222221,22.599999999999994,2,1.0,5.139999999999998
2021,9,1.15,1,2220.700008161366,383.92424533807116,582.9098421390188,579.8943532217866,2.2666666666666666,1.5222222222222221,23.499999999999993,2,1.0,-0.3133333333333331
2021,9,1.25,1,1996.5400062799454,384.7625012762967,601.7950766604529,601.7950766604529,2.833333333333333,1.5555555555555556,26.649999999999995,2,1.0,3.479999999999999
2021,10,0.5,9,2142.320007607341,334.16823041663775,540.5259164669634,537.5104275497312,3.0666666666666664,1.511111111111111,16.21,2,8.0,5.093333333333334
2021,10,0.75,9,1877.800006955862,353.68846100446075,528.6360328409783,524.8451304001399,3.033333333333333,1.5666666666666664,21.95,2,6.0,7.9799999999999995
2021,10,1.0,9,2076.6400046795607,340.5433078196581,540.0487006752039,540.7670032611591,3.0666666666666664,1.538888888888889,27.47999999999999,2,5.0,4.053333333333332
2021,10,1.15,9,2172.740003056824,340.10311278881545,559.4778181014332,560.1961206873883,2.8000000000000003,1.5055555555555555,19.61999999999999,2,6.0,4.84
2021,10,1.25,9,2172.740003056824,340.10311278881545,559.4778181014332,560.1961206873883,2.8000000000000003,1.5055555555555555,19.61999999999999,2,6.0,4.84
2021,11,0.5,0,1958.2000056430697,347.6674245636836,543.8192279311357,540.8037390139035,2.5,1.5611111111111111,12.8,2,1.0,2.5533333333333332
2021,11,0.75,0,2065.340004570782,346.0282201858419,540.3879544159084,540.3879544159084,1.9333333333333333,1.5333333333333334,18.169999999999987,2,1.0,2.5133333333333323
2021,11,1.0,0,1950.8000053316355,340.89482051005206,552.1749701035968,552.1749701035968,3.3666666666666667,1.5666666666666664,26.15499999999999,2,1.0,1.5999999999999994
2021,11,1.15,0,1950.8000053316355,340.89482051005206,552.1749701035968,552.1749701035968,3.3666666666666667,1.5666666666666664,26.15499999999999,2,1.0,1.5999999999999994
2021,11,1.25,0,1950.8000053316355,340.89482051005206,552.1749701035968,552.1749701035968,3.3666666666666667,1.5666666666666664,26.15499999999999,2,1.0,1.5999999999999994
2021,12,0.5,8,2149.900006391108,344.9625713169197,514.9824821855813,514.9824821855813,1.9,1.4055555555555557,16.939999999999998,2,3.0,3.413333333333334
2021,12,0.75,8,1876.3000057563186,364.4956482134874,551.7882836144472,547.9973811736088,2.8666666666666667,1.538888888888889,17.964999999999993,2,5.0,6.806666666666667
2021,12,1.0,8,2071.0400078073144,344.8961500085172,529.1798983162543,511.7706870609243,2.0666666666666664,1.3777777777777775,25.589999999999986,2,3.0,4.126666666666666
2021,12,1.15,8,2166.340007200837,352.1121049825483,528.2171126584959,517.9095057201279,1.7999999999999998,1.4611111111111112,27.67999999999999,1,3.0,2.4200000000000004
2021,12,1.25,8,2173.7400074750185,352.1121049825483,548.319150820982,538.011543882614,1.7000000000000002,1.4000000000000001,45.79999999999998,1,3.0,6.14
2021,13,0.5,3,2045.8000062778592,357.90410272618476,574.7131849159636,574.7131849159636,2.9,1.5444444444444443,11.899999999999999,2,1.0,-4.073333333333333
2021,13,0.75,3,2125.1400056555867,376.0084226679604,591.6066994485669,588.2448539124516,3.333333333333333,1.5944444444444443,16.349999999999994,2,1.0,-2.9999999999999996
2021,13,1.0,3,1966.0400047451258,368.878925212623,578.3781518833857,573.2279204350468,3.1,1.538888888888889,21.169999999999987,2,1.0,0.5133333333333316
2021,13,1.15,3,1966.1000065803528,355.8621661122078,563.0281618673525,563.0281618673525,2.2333333333333334,1.5277777777777777,20.599999999999987,1,1.0,-3.9999999999999996
2021,13,1.25,3,2146.9000074639916,359.2858936642559,568.5257785693327,568.5257785693327,2.3666666666666667,1.5444444444444443,20.599999999999987,2,1.0,-3.153333333333333
2021,14,0.5,6,2103.300005465746,329.68634518076163,438.239931688547,435.2244427713148,1.8666666666666667,1.4277777777777778,16.45,2,3.0,3.726666666666667
2021,14,0.75,6,2086.9400072321296,355.73549113495596,426.3965639079639,426.3965639079639,2.3333333333333335,1.538888888888889,22.884999999999998,2,6.0,1.1999999999999995
2021,14,1.0,6,1947.3400041684508,364.09092160859774,525.50402082233,520.9948157955364,2.5,1.4944444444444445,30.409999999999986,2,1.0,2.7399999999999993
2021,14,1.15,6,2152.6400035470724,338.002927612118,540.7064463040862,531.4284772977173,1.9666666666666666,1.5222222222222221,28.719999999999985,2,6.0,3.58
2021,14,1.25,6,2152.6400035470724,338.002927612118,540.7064463040862,531.4284772977173,1.9666666666666666,1.5222222222222221,28.719999999999985,2,6.0,3.58
2021,15,0.5,5,2147.24000659585,371.847364065453,593.5152058369779,574.6795131906845,3.033333333333333,1.5666666666666664,12.749999999999991,2,1.0,-0.15333333333333338
2021,15,0.75,5,2257.240004889667,359.74536699269623,572.0752928089903,569.8006823462273,3.3000000000000003,1.6055555555555554,12.93999999999999,2,1.0,-1.1842378929335002e-15
2021,15,1.0,5,2289.140007458627,358.4765140338882,582.9873648021463,571.6763660998786,3.3666666666666667,1.55,23.749999999999993,2,1.0,1.3799999999999994
2021,15,1.15,5,1940.400004580617,338.49295957108217,540.0928204572634,532.5681265132376,3.3666666666666667,1.55,25.124999999999993,2,1.0,2.8
2021,15,1.25,5,2117.1400056779385,341.9841700230414,561.1227525373331,545.4399499408621,2.5333333333333337,1.488888888888889,23.459999999999987,2,4.0,1.9866666666666655
2021,16,0.5,6,1951.7000053972006,355.14510034922097,529.9769832653614,526.9840702166432,3.033333333333333,1.5222222222222221,18.714999999999996,1,3.0,4.579999999999998
2021,16,0.75,6,1636.840004608035,367.60228493774736,548.4484771942818,544.6575747534434,2.966666666666667,1.5277777777777777,19.549999999999994,2,8.0,3.639999999999998
2021,16,1.0,6,1798.1000055223703,356.67732532102485,503.3692353669565,499.57833292611815,2.166666666666667,1.488888888888889,34.14499999999999,2,5.0,9.813333333333333
2021,16,1.15,6,2338.540005043149,331.47576064935186,506.9388683635997,495.62786966133194,2.3666666666666667,1.4333333333333333,28.719999999999985,2,3.0,1.1866666666666654
2021,16,1.25,6,2355.2400069087744,333.4381113555217,561.1306499841121,549.8422271503584,2.8666666666666667,1.5166666666666666,24.749999999999993,2,3.0,-1.7733333333333348
2021,17,0.5,7,2090.0000065267086,354.1805662428402,470.18639050922957,467.17090159199734,1.9666666666666666,1.472222222222222,16.549999999999997,2,3.0,3.0933333333333333
2021,17,0.75,7,1967.2000054866076,347.49782385486685,470.12667462238153,470.12667462238153,1.4000000000000001,1.2833333333333334,22.494999999999997,2,5.0,5.680000000000001
2021,17,1.0,7,1862.0000057965517,350.2070038934029,510.8618027714665,510.8618027714665,2.2,1.4166666666666667,32.63999999999999,2,5.0,5.833333333333332
2021,17,1.15,7,1911.8400048837066,332.069162770241,553.5102265024648,545.6617518080699,2.2333333333333334,1.488888888888889,27.87999999999999,1,3.0,5.64
2021,17,1.25,7,1983.7400073856115,331.89127864568803,512.8132299795582,501.9266904994171,2.2666666666666666,1.4666666666666668,38.33999999999996,2,3.0,8.233333333333333
2021,18,0.5,8,2200.060008123517,372.73959985290816,591.3632102223319,583.8385162783061,3.466666666666667,1.5833333333333333,12.599999999999994,2,2.0,3.4133333333333318
2021,18,0.75,8,1834.9400050267577,367.43681285136876,571.0406261413278,564.2342347832573,2.8666666666666667,1.5888888888888888,16.549999999999994,2,5.0,2.8333333333333326
2021,18,1.0,8,1892.7400040701032,343.1818190488854,564.7492318732182,560.2400268464246,2.966666666666667,1.488888888888889,25.879999999999992,2,3.0,3.5866666666666656
2021,18,1.15,8,1892.7400040701032,343.1818190488854,564.7492318732182,560.2400268464246,2.966666666666667,1.488888888888889,25.879999999999992,2,3.0,3.5866666666666656
2021,18,1.25,8,1890.2400054857135,349.7156751741395,559.3544311824869,549.5689003202893,2.633333333333333,1.538888888888889,27.67999999999999,2,3.0,3.993333333333332
2021,19,0.5,8,2374.760006800294,358.75944364665094,487.0160327023842,487.0160327023842,1.8333333333333333,1.4666666666666668,18.55,2,3.0,5.320000000000002
2021,19,0.75,8,2095.2000063061714,335.97340103300087,549.8176001194953,549.8176001194953,2.7,1.4944444444444445,16.45,2,6.0,5.346666666666667
2021,19,1.0,8,2052.3400058597326,361.7604539131702,565.8678531964465,551.1950089580635,2.3000000000000003,1.472222222222222,18.61999999999999,2,3.0,3.273333333333334
2021,19,1.15,8,2056.640004262328,351.05814583658884,538.056227158257,530.1851765953481,2.2333333333333334,1.4833333333333334,26.35999999999999,2,3.0,8.586666666666668
2021,19,1.25,8,2265.1400070413947,336.9702092835591,516.1286146523418,506.54925428000445,2.6666666666666665,1.5277777777777777,36.8,2,3.0,8.726666666666667
2021,20,0.5,9,1918.5000079646707,332.1667674542029,527.0887338709791,527.0887338709791,2.8666666666666667,1.5222222222222221,18.685,1,5.0,5.906666666666666
2021,20,0.75,9,1878.3000060841441,350.22895665340735,547.2572077705396,543.4663053297012,3.233333333333333,1.4833333333333334,17.95,2,5.0,4.946666666666666
2021,20,1.0,9,2237.0000075399876,355.7646295223509,562.8682393994559,558.3590343726623,2.6666666666666665,1.5666666666666664,27.81999999999999,2,4.0,4.373333333333333
2021,20,1.15,9,2138.9400047957897,347.80184521595373,562.5347747069046,556.294870486282,2.6,1.5722222222222222,27.459999999999987,2,4.0,1.733333333333333
2021,20,1.25,9,2138.9400047957897,347.80184521595373,562.5347747069046,556.294870486282,2.6,1.5722222222222222,27.459999999999987,2,4.0,1.733333333333333
2021,21,0.5,2,2235.740008622408,341.7089976566943,493.0532822036337,484.64503579316136,2.633333333333333,1.5166666666666666,15.850000000000001,2,1.0,4.693333333333332
2021,21,0.75,2,1810.1400048658252,361.47566115238783,513.0891494895808,513.0891494895808,2.8666666666666667,1.4777777777777779,19.589999999999986,2,1.0,3.7466666666666657
2021,21,1.0,2,1906.200006917119,339.3222812122261,536.4494417484593,530.4777517134462,2.3000000000000003,1.488888888888889,25.334999999999987,2,1.0,4.179999999999999
2021,21,1.15,2,1859.2000077292323,350.5730782163822,537.4063484047658,532.189310368813,2.3333333333333335,1.472222222222222,32.55,2,1.0,5.733333333333332
2021,21,1.25,2,1620.4000046104193,338.2523706706894,516.3011280818681,516.3011280818681,2.6,1.472222222222222,34.44999999999999,1,1.0,7.353333333333331
2021,22,0.5,6,2114.320007607341,374.5327668363287,549.7778281470647,546.7623392298325,2.7333333333333334,1.488888888888889,10.604999999999999,2,3.0,2.4133333333333327
2021,22,0.75,6,2005.3400073423982,364.42166772923673,544.643182578687,541.6276936614547,2.5,1.4833333333333334,21.939999999999998,2,6.0,2.32
2021,22,1.0,6,2020.4000063240528,368.281437538063,587.5530434613592,585.3151449295334,3.033333333333333,1.5611111111111111,32.11499999999999,2,6.0,5.293333333333332
2021,22,1.15,6,2050.2400046736,340.7654843180721,543.7182815951384,541.4210952638614,2.9,1.4777777777777779,31.479999999999993,2,4.0,6.213333333333333
2021,22,1.25,6,2050.2400046736,340.7654843180721,543.7182815951384,541.4210952638614,2.9,1.4777777777777779,31.479999999999993,2,4.0,6.213333333333333
2021,23,0.5,3,2106.400005608797,358.821783546182,516.1027009075945,516.1027009075945,1.8666666666666667,1.383333333333333,16.11,2,1.0,2.179999999999999
2021,23,0.75,3,1711.5400052666664,379.1529568634094,597.2399089936365,586.3533695134954,2.9,1.4777777777777779,17.039999999999996,2,1.0,1.2799999999999987
2021,23,1.0,3,2032.6400089934468,374.8082154199825,589.7657121345104,579.9801812723128,2.7333333333333334,1.4777777777777779,21.749999999999993,2,1.0,0.23333333333333192
2021,23,1.15,3,1735.200006738305,347.0249364253991,524.5721339896047,517.0474400455789,2.5666666666666664,1.5166666666666666,32.014999999999986,2,1.0,4.453333333333331
2021,23,1.25,3,1735.5000060498714,354.0756730114481,538.0503711422613,533.5411661154677,2.6,1.511111111111111,32.014999999999986,2,1.0,4.099999999999998
2021,24,0.5,8,2124.320008672774,356.5879037841686,535.1978789659119,525.2428692726435,2.9333333333333336,1.55,12.739999999999991,2,3.0,1.9399999999999982
2021,24,0.75,8,1906.5400045961142,369.0969538241715,519.1873475347707,519.2099234032846,3.2,1.5444444444444443,17.964999999999993,2,5.0,5.939999999999999
2021,24,1.0,8,1930.0400071442127,365.5078246319538,545.2255260313327,540.7163210045392,2.5333333333333337,1.5166666666666666,27.239999999999984,2,4.0,4.146666666666664
2021,24,1.15,8,2005.6400077342987,350.57742690329906,527.4353722460911,522.9261672192976,2.5,1.5055555555555555,26.799999999999994,2,4.0,6.466666666666665
2021,24,1.25,8,2024.6400064378977,350.39867189624874,538.4497112529265,531.5039498506737,2.633333333333333,1.511111111111111,27.239999999999984,2,4.0,5.033333333333331
2021,25,0.5,9,2157.8600075617433,357.18703696319784,510.7591146212381,503.23442067721237,2.3000000000000003,1.5611111111111111,16.299999999999994,2,3.0,1.3933333333333318
2021,25,0.75,9,1679.3400037810206,361.88409726556637,566.6821088669243,555.8813502254236,3.1,1.4666666666666668,18.204999999999995,2,5.0,4.799999999999998
2021,25,1.0,9,1894.8400053605437,346.00584836052707,535.0457983185579,531.6839527824426,2.6,1.4944444444444445,27.47999999999999,2,3.0,3.819999999999998
2021,25,1.15,9,1894.8400053605437,346.00584836052707,535.0457983185579,531.6839527824426,2.6,1.4944444444444445,27.47999999999999,2,3.0,3.819999999999998
2021,25,1.25,9,1894.8400053605437,346.00584836052707,535.0457983185579,531.6839527824426,2.6,1.4944444444444445,27.47999999999999,2,3.0,3.819999999999998
2021,26,0.5,2,1880.5000017285347,348.88337923800566,468.14126855123936,468.14126855123936,2.3333333333333335,1.4166666666666667,15.395000000000003,2,1.0,5.6466666666666665
2021,26,0.75,2,1932.0400055274367,371.4227489249594,540.6494631648926,536.8585607240542,2.7,1.472222222222222,24.519999999999985,2,1.0,9.013333333333332
2021,26,1.0,2,1897.5000040829182,333.64134465343386,492.22225438156545,492.22225438156545,2.633333333333333,1.4166666666666667,27.935,2,1.0,9.799999999999999
2021,26,1.15,2,1883.0000054612756,342.7313250535233,540.3237361350476,529.0127374327799,2.4333333333333336,1.5166666666666666,32.55,2,1.0,6.379999999999999
2021,26,1.25,2,1883.0000054612756,342.7313250535233,540.3237361350476,529.0127374327799,2.4333333333333336,1.5166666666666666,32.55,2,1.0,6.379999999999999
2021,27,0.5,5,2021.6600053459406,330.53147678399574,497.00193355132296,493.98644463409073,2.2,1.4666666666666668,19.08,2,1.0,4.939999999999999
2021,27,0.75,5,2085.6400065273046,365.95839077250974,512.4887007305207,566.8105458033302,2.966666666666667,1.5333333333333334,21.424999999999997,2,5.0,0.6466666666666668
2021,27,1.0,5,1943.7000054344535,355.9304959886587,545.6594023995194,543.3622160682424,2.8000000000000003,1.5222222222222221,30.539999999999996,2,5.0,5.126666666666667
2021,27,1.15,5,2028.1000061705709,333.27182382674556,506.4480977935359,503.4326088763037,2.5666666666666664,1.5277777777777777,20.219999999999995,2,5.0,3.1066666666666665
2021,27,1.25,5,1667.640002116561,362.9696420358776,546.1172761704084,543.8200898391315,2.9,1.538888888888889,35.684999999999995,2,5.0,7.779999999999999
2021,28,0.5,0,1889.8400055766106,355.94806274646953,525.3627842842958,522.3472953670636,2.466666666666667,1.45,13.729999999999999,2,1.0,1.2733333333333334
2021,28,0.75,0,2013.2400063499808,358.6572427850055,553.8062963570386,546.2816024130128,2.7333333333333334,1.5833333333333333,17.879999999999992,2,1.0,0.2800000000000002
2021,28,1.0,0,1626.800004094839,346.5651971415095,511.7292010463666,507.21999601957305,2.8666666666666667,1.5055555555555555,27.95,2,1.0,5.04
2021,28,1.15,0,1770.0000037699938,346.5651971415095,520.5038723812139,515.9946673544204,2.033333333333333,1.4611111111111112,35.05,2,1.0,4.813333333333334
2021,28,1.25,0,1770.0000037699938,346.5651971415095,520.5038723812139,515.9946673544204,2.033333333333333,1.4611111111111112,35.05,2,1.0,4.813333333333334
2021,29,0.5,6,2001.2000077143312,339.2175040402519,553.363862991222,553.363862991222,2.7666666666666666,1.5555555555555556,18.714999999999996,2,5.0,5.019999999999999
2021,29,0.75,6,1977.0000049173832,359.66552723583965,567.2484502643476,567.9667528503028,3.0,1.5666666666666664,15.789999999999992,2,5.0,0.7399999999999991
2021,29,1.0,6,1977.0000049173832,359.66552723583965,567.2484502643476,567.9667528503028,2.9,1.5722222222222222,23.409999999999986,2,5.0,0.7399999999999991
2021,29,1.15,6,2222.400006145239,361.7118976444305,571.8309964387677,564.3063024947419,2.4333333333333336,1.5222222222222221,29.35999999999998,2,4.0,4.14
2021,29,1.25,6,2196.600006096065,359.49207690590066,551.5909617564763,551.5909617564763,3.0,1.538888888888889,27.43999999999998,2,4.0,6.086666666666665
2021,30,0.5,9,1955.9000065922737,364.4956482134874,561.2630526753132,554.4566613172427,2.7666666666666666,1.5,17.204999999999995,2,5.0,5.613333333333332
2021,30,0.75,9,1971.700006864965,371.7116031875184,563.507518543822,559.7166161029836,3.533333333333333,1.538888888888889,18.964999999999993,2,6.0,6.913333333333332
2021,30,1.0,9,2313.0000074505806,329.148078960774,559.8510044259697,550.6882732824515,2.9,1.55,27.459999999999987,2,5.0,1.4866666666666655
2021,30,1.15,9,2069.5000058859587,342.6146425969018,564.749920208471,560.2632910501916,2.7666666666666666,1.5722222222222222,26.879999999999992,1,4.0,4.5
2021,30,1.25,9,2077.900006495416,345.0461878289693,553.1933025819458,545.66860863792,2.7,1.5222222222222221,27.139999999999986,2,4.0,5.619999999999999
2021,31,0.5,8,2150.1000089123845,356.50221788335097,464.48708650903734,459.9778814822438,2.466666666666667,1.472222222222222,16.649999999999995,2,3.0,2.78
2021,31,0.75,8,1581.0400050505996,361.76950562486525,535.7189232377649,527.9336535134963,2.6,1.4611111111111112,19.31499999999999,2,5.0,6.593333333333333
2021,31,1.0,8,2103.4400086030364,361.0197143419024,598.6546281582522,591.1892220136776,2.7,1.5166666666666666,26.459999999999987,2,3.0,1.773333333333333
2021,31,1.15,8,1999.8400054946542,362.7046636681442,546.1888609830794,541.6796559562858,2.6,1.5277777777777777,32.599999999999994,2,3.0,8.093333333333332
2021,31,1.25,8,1999.8400054946542,362.7046636681442,546.1888609830794,541.6796559562858,3.0666666666666664,1.5055555555555555,36.8,2,3.0,8.093333333333332
2021,32,0.5,0,2121.200007326901,358.92477478778426,512.2540232395581,507.12500341568125,2.4,1.4777777777777779,9.254999999999997,2,1.0,-0.859999999999999
2021,32,0.75,0,2163.840004749596,349.72907165928285,558.314864561657,558.314864561657,2.8666666666666667,1.4944444444444445,17.589999999999986,2,1.0,4.033333333333333
2021,32,1.0,0,2006.2000053450465,343.2012461453214,545.1533518315864,545.1759277001004,2.633333333333333,1.5555555555555556,26.50499999999999,2,1.0,2.399999999999999
2021,32,1.15,0,2217.800005234778,349.8460677082975,573.1381310198035,561.8271323175358,2.4333333333333336,1.5,26.019999999999992,2,1.0,3.4066666666666667
2021,32,1.25,0,2308.000006996095,357.9867361392477,573.6474014729845,573.6474014729845,2.8666666666666667,1.511111111111111,26.50499999999999,2,1.0,-0.22666666666666704
2021,33,0.5,4,2022.4000076055527,340.8111246852159,503.4464079658702,503.4464079658702,2.3666666666666667,1.4944444444444445,14.54,2,1.0,2.2466666666666684
2021,33,0.75,4,1901.1000056043267,364.8027965971683,553.381395307702,551.084208976425,2.633333333333333,1.5555555555555556,16.819999999999997,2,1.0,4.506666666666667
2021,33,1.0,4,2044.740004785359,359.8215871668534,541.9039281882199,538.8884392709876,3.033333333333333,1.5222222222222221,22.169999999999987,2,1.0,3.9466666666666668
2021,33,1.15,4,1910.400006763637,344.8669582299541,542.8290356142901,533.0435047520925,2.5333333333333337,1.5444444444444443,31.944999999999986,2,1.0,4.553333333333334
2021,33,1.25,4,1864.7400053441525,348.4585763538569,523.5913435108943,521.2941571796173,2.833333333333333,1.5222222222222221,29.319999999999983,2,5.0,5.36
2021,34,0.5,6,2027.9000080153346,362.36105532325195,557.086022804515,551.9357913561761,2.8666666666666667,1.5,18.714999999999996,1,3.0,3.2599999999999985
2021,34,0.75,6,1788.6400045007467,359.1592053857474,533.9910883018878,530.9981752531696,2.6,1.5166666666666666,17.149999999999984,1,6.0,2.773333333333332
2021,34,1.0,6,1957.2000033333898,359.66552723583965,549.8637354430638,550.604613897533,2.6,1.5166666666666666,22.47999999999999,2,6.0,3.926666666666665
2021,34,1.15,6,1807.1400032639503,353.53663610923064,569.6977863137645,570.4160888997196,3.1333333333333337,1.4388888888888889,24.459999999999987,2,5.0,3.773333333333333
2021,34,1.25,6,1807.1400032639503,353.53663610923064,569.6977863137645,570.4160888997196,3.1333333333333337,1.4388888888888889,24.459999999999987,2,5.0,3.773333333333333
2021,35,0.5,2,2089.8000029698014,359.3972988417063,533.7502797505294,533.7502797505294,2.966666666666667,1.5722222222222222,14.914999999999997,2,1.0,0.43999999999999917
2021,35,0.75,2,1964.5400042533875,382.08695792594114,572.1216439135598,568.3307414727213,3.966666666666667,1.6166666666666665,22.679999999999996,2,1.0,3.7799999999999985
2021,35,1.0,2,1898.2000056505203,343.23327773552074,553.1240119358423,548.6148069090488,2.466666666666667,1.5,25.334999999999987,2,1.0,3.446666666666666
2021,35,1.15,2,1906.3000047951937,347.83616268451993,525.5171892069227,525.5171892069227,2.033333333333333,1.4611111111111112,33.014999999999986,2,1.0,4.079999999999997
2021,35,1.25,2,1906.3000047951937,347.83616268451993,525.5171892069227,525.5171892069227,2.033333333333333,1.4611111111111112,33.014999999999986,2,1.0,4.079999999999997
2021,36,0.5,9,2070.020009443164,356.5879037841686,583.3127806344662,578.8035756076727,2.8666666666666667,1.5277777777777777,13.604999999999999,2,4.0,3.5399999999999987
2021,36,0.75,9,1859.6000030711293,349.7929225045677,571.1842651167987,567.4159385444743,2.5666666666666664,1.4833333333333334,17.694999999999993,2,6.0,3.8666666666666667
2021,36,1.0,9,2278.600008137524,357.1936836369237,582.6126562388583,582.6126562388583,3.1,1.5222222222222221,20.039999999999996,2,6.0,2.526666666666666
2021,36,1.15,9,2192.040007568896,349.9777286628927,529.9412753334177,529.9412753334177,2.966666666666667,1.488888888888889,31.414999999999996,2,5.0,8.566666666666665
2021,36,1.25,9,2192.040007568896,349.9777286628927,529.9412753334177,529.9412753334177,2.966666666666667,1.488888888888889,31.414999999999996,2,5.0,8.566666666666665
2021,37,0.5,2,1916.3000058308244,369.9767543626672,530.7318784326203,525.5816469842814,3.1,1.55,16.18,2,1.0,1.906666666666665
2021,37,0.75,2,1901.4400076791644,371.5052069873399,530.0861167154716,530.0861167154716,2.633333333333333,1.4166666666666667,24.809999999999988,2,1.0,4.813333333333331
2021,37,1.0,2,1874.3000071570277,349.76435046764664,543.2771160228002,543.2771160228002,2.6666666666666665,1.4944444444444445,25.334999999999987,2,1.0,3.193333333333332
2021,37,1.15,2,1874.3000071570277,349.76435046764664,543.2771160228001,543.2771160228001,2.3666666666666667,1.4611111111111112,33.47999999999999,2,1.0,3.193333333333332
2021,37,1.25,2,1874.3000071570277,349.76435046764664,543.2771160228001,543.2771160228001,2.5333333333333337,1.4777777777777779,36.47999999999999,2,1.0,3.193333333333332
2021,38,0.5,0,2222.3000067695975,339.52601572706396,537.7517082444482,534.736219327216,3.2,1.5333333333333334,9.324999999999996,2,1.0,-0.10666666666666628
2021,38,0.75,0,2035.9400045275688,353.19433724207454,559.4893080418469,551.9646140978211,2.8000000000000003,1.4555555555555555,17.879999999999992,2,1.0,1.8799999999999997
2021,38,1.0,0,2142.1000069081783,330.18514004813585,545.0010409723118,538.2309990273463,2.6666666666666665,1.4166666666666667,26.50499999999999,2,1.0,-1.6000000000000005
2021,38,1.15,0,2211.0000071823597,324.6926475412315,534.9993434386138,532.7385065204419,2.4333333333333336,1.4277777777777778,26.019999999999992,2,1.0,1.2066666666666659
2021,38,1.25,0,1999.5000065267086,334.965909121688,546.2878759378864,544.0270390197145,2.633333333333333,1.5055555555555555,26.50499999999999,2,1.0,-0.21333333333333399
2021,39,0.5,1,2258.040004901588,362.46658674975424,581.2258125630837,565.4951132423687,2.4333333333333336,1.5277777777777777,10.44,2,1.0,-0.6599999999999989
2021,39,0.75,1,2093.240005634725,379.1858956139173,594.3836249969519,595.101927582907,3.333333333333333,1.5888888888888888,18.879999999999992,2,1.0,1.5799999999999996
2021,39,1.0,1,2006.2000064402819,350.14335839011915,572.3696535907619,556.5494498617006,2.5333333333333337,1.5166666666666666,25.819999999999993,1,1.0,2.2866666666666666
2021,39,1.15,1,2041.6000068932772,350.14335839011915,578.5436908896385,562.7234871605772,2.3000000000000003,1.4555555555555555,25.7,2,1.0,1.5066666666666664
2021,39,1.25,1,2003.7000066041946,347.9235376515892,564.6160655273849,553.3050668251171,2.1333333333333333,1.4666666666666668,26.649999999999995,2,1.0,5.08
2021,40,0.5,2,2128.8400051519275,357.39798239467103,562.128012938149,559.1125240209168,3.1666666666666665,1.5888888888888888,14.639999999999995,1,1.0,0.7133333333333335
2021,40,0.75,2,1905.1000079512596,367.19117630089966,570.3787983674472,565.8695933406536,2.966666666666667,1.511111111111111,17.549999999999994,2,3.0,2.819999999999999
2021,40,1.0,2,2136.500005930662,351.5917406745446,483.0664201322011,480.05093121496884,2.833333333333333,1.5055555555555555,27.945,2,1.0,8.086666666666666
2021,40,1.15,2,2004.7000038549304,330.3238218464256,500.57106920891766,497.57815616019946,2.6666666666666665,1.472222222222222,43.279999999999994,2,1.0,10.486666666666666
2021,40,1.25,2,2004.7000038549304,330.3238218464256,500.57106920891766,497.57815616019946,2.6666666666666665,1.472222222222222,43.279999999999994,2,1.0,10.486666666666666
2021,41,0.5,7,2290.7000061124563,338.4225713542883,409.3295015035726,409.3295015035726,2.3000000000000003,1.538888888888889,10.670000000000002,2,1.0,-2.5266666666666686
2021,41,0.75,7,1685.1000029742718,366.6644922838048,529.5799125549948,530.29821514095,2.7333333333333334,1.538888888888889,17.304999999999993,2,1.0,1.259999999999998
2021,41,1.0,7,2056.1400025859475,352.6663121487313,554.3903917798939,547.7441209783885,2.833333333333333,1.5722222222222222,25.459999999999987,2,1.0,0.6399999999999975
2021,41,1.15,7,2378.3400062695146,346.01486644545895,577.1252526494275,565.8142539471597,2.966666666666667,1.5777777777777777,25.749999999999993,2,1.0,0.7999999999999982
2021,41,1.25,7,1789.000004261732,323.84638014457863,491.2583661273359,486.7491611005423,2.8000000000000003,1.5722222222222222,28.47999999999999,2,1.0,3.639999999999998
2021,42,0.5,1,1857.3000041097403,327.88123502154576,481.05659820078495,479.3337723124116,2.466666666666667,1.4166666666666667,15.159999999999995,2,1.0,3.7333333333333325
2021,42,0.75,1,2092.4400068819523,382.1698268068708,585.9705587390401,579.5932242856926,3.566666666666667,1.5666666666666664,22.549999999999997,1,1.0,6.893333333333332
2021,42,1.0,1,2010.3000066280365,349.3025580090799,559.7579882343432,559.7579882343432,2.5666666666666664,1.5055555555555555,28.789999999999992,2,6.0,5.913333333333331
2021,42,1.15,1,2125.6000077575445,359.2012097680598,564.9568485139727,555.1713176517751,2.2666666666666666,1.4944444444444445,35.66499999999998,2,1.0,6.319999999999999
2021,42,1.25,1,2125.6000077575445,359.2012097680598,564.9568485139727,555.1713176517751,2.2666666666666666,1.4944444444444445,35.66499999999998,2,1.0,6.319999999999999
2021,43,0.5,2,2162.900005787611,359.85669832617697,553.8294779985085,549.0607140189333,3.033333333333333,1.5833333333333333,14.759999999999998,1,1.0,1.546666666666666
2021,43,0.75,2,1967.0000055730343,341.02356960525253,557.6460618369827,557.6460618369827,2.3666666666666667,1.5055555555555555,19.49999999999999,1,3.0,3.873333333333331
2021,43,1.0,2,1882.0000051185489,354.13757526305545,555.5584879408646,548.0337939968388,2.3000000000000003,1.4388888888888889,24.76499999999999,2,1.0,6.639999999999999
2021,43,1.15,2,1964.0000029280782,349.1295701608547,550.1554316502703,547.1399427330381,2.633333333333333,1.488888888888889,25.90499999999999,2,1.0,2.193333333333332
2021,43,1.25,2,2081.400004632771,336.18084134419576,525.1398370523941,522.7258565454489,2.4,1.45,25.049999999999994,2,1.0,3.6666666666666656
2021,44,0.5,3,2145.9600037410855,382.4447583686413,604.6090882578953,588.9262856614243,3.4000000000000004,1.538888888888889,8.825,2,1.0,0.7200000000000003
2021,44,0.75,3,2128.8400071561337,371.4227489249594,585.2993435618779,581.5084411210395,3.0666666666666664,1.5611111111111111,17.039999999999996,2,1.0,2.4
2021,44,1.0,3,2009.460003748536,356.8605511754665,568.8255198237814,565.8100309065492,2.7333333333333334,1.4833333333333334,21.169999999999987,2,1.0,2.746666666666667
2021,44,1.15,3,2054.540006056428,362.21303524274595,560.0635953856969,557.0481064684647,3.1333333333333337,1.5,25.789999999999992,2,1.0,3.086666666666667
2021,44,1.25,3,2054.540006056428,362.21303524274595,560.0635953856969,557.0481064684647,3.1333333333333337,1.5,25.789999999999992,2,1.0,3.086666666666667
2021,45,0.5,3,2074.6400066688657,364.4166019183053,567.3621658801665,564.3466769629342,3.1,1.4777777777777779,9.049999999999997,2,1.0,-0.8666666666666667
2021,45,0.75,3,1882.600005865097,342.4500836629679,542.3763387968482,537.8671337700547,2.3333333333333335,1.5055555555555555,19.679999999999993,2,6.0,1.873333333333332
2021,45,1.0,3,2078.4000043570995,338.8899098396214,522.1496165623676,514.7401604811926,1.9,1.4055555555555557,25.049999999999994,2,6.0,5.706666666666666
2021,45,1.15,3,2116.2000073194504,345.66614408173433,559.7474788672241,548.4364801649564,2.6666666666666665,1.4944444444444445,32.47999999999999,1,4.0,5.386666666666665
2021,45,1.25,3,2027.3000071570277,352.4586157655519,556.6341210238019,540.8139172947406,2.2666666666666666,1.4666666666666668,32.944999999999986,2,4.0,2.5666666666666655
2021,46,0.5,9,1923.820006646216,335.24102988881066,563.6576073030687,553.2326623046615,2.3333333333333335,1.538888888888889,11.900000000000002,2,5.0,2.046666666666667
2021,46,0.75,9,1931.740007005632,377.23849313761906,600.5923959940994,596.801493553261,2.4,1.55,17.95,2,6.0,5.78
2021,46,1.0,9,1965.540007546544,354.6393451181201,545.4091735897124,538.639131644747,2.466666666666667,1.511111111111111,26.799999999999994,2,4.0,6.9
2021,46,1.15,9,1930.5400046780705,331.9608907890601,553.2004637348426,548.6912587080491,2.1,1.4611111111111112,38.139999999999965,2,4.0,5.173333333333335
2021,46,1.25,9,1930.5400046780705,331.9608907890601,553.2004637348426,548.6912587080491,2.833333333333333,1.5166666666666666,26.589999999999986,2,4.0,5.173333333333335
2021,47,0.5,8,1945.3200080245733,361.2060737678765,541.7539813415098,536.3081766750349,2.7,1.5222222222222221,15.544999999999995,1,6.0,3.406666666666667
2021,47,0.75,8,1826.1400054097176,359.9060347181136,552.0308556683651,544.2455859440965,2.7,1.5888888888888888,19.549999999999994,2,5.0,5.253333333333333
2021,47,1.0,8,1836.840004146099,348.838325098059,540.6784440281212,537.3165984920059,2.966666666666667,1.5277777777777777,31.619999999999997,2,3.0,5.733333333333333
2021,47,1.15,8,1836.840004146099,348.838325098059,540.6784440281212,537.3165984920059,2.966666666666667,1.5277777777777777,31.619999999999997,2,3.0,5.733333333333333
2021,47,1.25,8,1836.840004146099,348.838325098059,540.6784440281212,537.3165984920059,2.966666666666667,1.5277777777777777,31.619999999999997,2,3.0,5.733333333333333
2021,48,0.5,2,1956.8400063887239,361.4832240738833,572.6810397055307,569.6655507882984,3.3666666666666667,1.5666666666666664,10.629999999999999,2,1.0,-1.3666666666666658
2021,48,0.75,2,1709.040004760027,363.09884574209053,546.5331254115015,542.7422229706631,2.8666666666666667,1.4944444444444445,22.639999999999993,2,1.0,3.3799999999999994
2021,48,1.0,2,2003.900005184114,336.11328136617004,505.3639965720308,505.3639965720308,1.9666666666666666,1.4555555555555555,25.204999999999995,2,1.0,6.086666666666668
2021,48,1.15,2,1923.600006133318,336.11328136617004,500.64369878970615,500.64369878970615,2.033333333333333,1.4555555555555555,32.08499999999999,2,1.0,6.16
2021,48,1.25,2,1923.600006133318,336.11328136617004,500.64369878970615,500.64369878970615,2.033333333333333,1.4555555555555555,32.08499999999999,2,1.0,6.16
2021,49,0.5,3,1863.8400042653084,369.02723094136985,541.4208764582779,538.4053875410457,2.9,1.4944444444444445,9.5,1,1.0,-1.4400000000000002
2021,49,0.75,3,2048.6400051116943,366.3818050722508,512.6199776608303,508.1107726340367,2.6666666666666665,1.5333333333333334,27.289999999999992,2,1.0,9.68
2021,49,1.0,3,2204.2400054708123,357.3586767316834,575.8547694513397,568.352651375828,2.8666666666666667,1.5722222222222222,21.749999999999993,2,1.0,0.9333333333333329
2021,49,1.15,3,1947.4000036865473,347.63501733607416,547.355470129362,539.9460140481868,2.5666666666666664,1.5277777777777777,25.604999999999993,2,1.0,4.326666666666666
2021,49,1.25,3,1947.4000036865473,347.63501733607416,547.355470129362,539.9460140481868,2.5666666666666664,1.5277777777777777,25.604999999999993,2,1.0,4.326666666666666
2022,0,0.5,8,2232.160011202097,356.6648911769366,497.90569816420975,496.33300287438595,2.166666666666667,1.4055555555555557,16.419999999999995,1,9.0,-0.5666666666666658
2022,0,0.75,8,2116.4600132256746,368.6244402126145,569.4209927700643,567.6258338031713,2.3000000000000003,1.45,24.079999999999995,1,9.0,1.4666666666666677
2022,0,1.0,8,2147.120009995997,352.05936156924747,564.1840315020958,562.283999779002,1.7999999999999998,1.383333333333333,18.744999999999994,1,10.0,-1.6466666666666645
2022,0,1.15,8,1985.3200098648667,357.3907958644486,531.5086376488332,514.7185997584896,2.2666666666666666,1.383333333333333,25.46,1,9.0,0.7800000000000011
2022,0,1.25,8,1985.3200098648667,357.3907958644486,531.5086376488332,514.7185997584896,2.2666666666666666,1.383333333333333,25.46,1,9.0,0.7800000000000011
2022,1,0.5,2,2130.420012719929,383.0047987007848,605.4764396671471,603.5764079440534,2.5333333333333337,1.4611111111111112,15.500000000000002,1,9.0,-0.7799999999999995
2022,1,0.75,2,2206.420012176037,363.0697055779758,554.5794469526738,552.743287587488,2.7,1.4666666666666668,27.8,1,8.0,-0.21999999999999933
2022,1,1.0,2,2354.2800140827894,349.7946314200907,521.541980147184,517.525508579964,2.4333333333333336,1.4944444444444445,34.11999999999999,1,9.0,6.6933333333333325
2022,1,1.15,2,2013.0800091549754,373.2260191768902,572.2880336692837,572.2880336692837,3.0666666666666664,1.55,27.459999999999994,1,9.0,5.4
2022,1,1.25,2,2013.0800091549754,373.2260191768902,572.2880336692837,572.2880336692837,3.0666666666666664,1.55,27.459999999999994,1,9.0,5.4
2022,2,0.5,7,2244.420008510351,399.556160192171,574.8021503747208,570.6636542454819,2.033333333333333,1.4777777777777779,15.044999999999991,1,10.0,2.5066666666666673
2022,2,0.75,7,2193.4800045117736,378.79178897122745,538.6577598603095,525.7769250202663,2.8666666666666667,1.4222222222222223,15.579999999999998,2,10.0,0.13333333333333522
2022,2,1.0,7,2200.020007751882,396.58289446428364,552.311934396177,552.311934396177,2.3333333333333335,1.4444444444444446,24.74,1,9.0,2.9133333333333344
2022,2,1.15,7,2131.5200084149837,413.5598707065323,593.9743853917126,593.9743853917126,2.966666666666667,1.5333333333333334,23.24,1,10.0,3.926666666666668
2022,2,1.25,7,2131.5200084149837,413.5598707065323,593.9743853917126,593.9743853917126,2.966666666666667,1.5333333333333334,23.24,1,10.0,3.926666666666668
2022,3,0.5,2,2125.180009432137,362.06300846572515,512.7684393209686,503.0905173515068,2.166666666666667,1.4833333333333334,21.134999999999998,1,8.0,5.9333333333333345
2022,3,0.75,2,2232.9400070905685,380.13044795983205,558.053761150946,551.3923302473202,2.0666666666666664,1.4000000000000001,14.019999999999998,2,11.0,-1.9933333333333323
2022,3,1.0,2,2281.280009508133,356.8890954222469,569.0039026412011,563.8586000862257,2.833333333333333,1.55,33.33999999999999,1,8.0,10.806666666666667
2022,3,1.15,2,2045.1200108081102,364.4659950419832,595.3653773615704,595.3653773615704,2.5,1.4444444444444446,20.24,1,10.0,2.813333333333334
2022,3,1.25,2,2045.1200108081102,364.4659950419832,595.3653773615704,595.3653773615704,2.5,1.4444444444444446,20.24,1,10.0,2.813333333333334
2022,4,0.5,7,2302.2600116729736,422.292369538409,517.3058844870083,517.3058844870083,1.9666666666666666,1.4611111111111112,11.669999999999995,2,9.0,-0.5466666666666643
2022,4,0.75,7,2118.060010969639,400.39274769379034,637.5357452299245,637.0074920859322,2.1333333333333333,1.5166666666666666,17.419999999999995,1,10.0,-0.16666666666666477
2022,4,1.0,7,2116.1200074478984,400.0960651042744,587.9049069252352,587.1836380629015,2.166666666666667,1.472222222222222,8.26,1,10.0,-2.5333333333333323
2022,4,1.15,7,2086.360008329153,376.8658448808595,565.7510905093307,565.7510905093307,2.5333333333333337,1.5,24.339999999999996,2,10.0,1.7400000000000007
2022,4,1.25,7,2086.360008329153,376.8658448808595,565.7510905093307,565.7510905093307,2.5333333333333337,1.5,24.339999999999996,2,10.0,1.7400000000000007
2022,5,0.5,3,2432.3800153434277,380.6137337691944,589.4258289341325,587.2404916583924,2.4,1.4111111111111112,17.050000000000004,1,9.0,3.9133333333333336
2022,5,0.75,3,2444.280011035502,325.8211103882699,477.28883279911145,471.13375162298115,2.2333333333333334,1.3555555555555554,21.11499999999998,1,9.0,1.7800000000000011
2022,5,1.0,3,2174.620011739433,380.54484389028863,536.1438138223277,536.1438138223277,2.5666666666666664,1.4111111111111112,29.269999999999992,2,10.0,1.7200000000000009
2022,5,1.15,3,2120.8800117075443,377.5147891470838,612.8041719503447,612.2759188063524,3.2,1.5277777777777777,19.25,2,11.0,3.233333333333335
2022,5,1.25,3,2336.3200145810843,372.426265703409,543.2874645567314,534.1258051581586,1.9,1.3333333333333333,14.38,2,10.0,2.4533333333333345
2022,6,0.5,2,2170.220008507371,346.72314137796366,509.92790200426396,501.2944957496835,1.9666666666666666,1.3333333333333333,15.35,2,10.0,1.6666666666666672
2022,6,0.75,2,2359.5800112187862,351.62535301428215,505.0447358535677,490.74563306047344,1.2333333333333334,1.277777777777778,32.96,1,9.0,5.566666666666667
2022,6,1.0,2,2300.9800111427903,349.20915185422837,539.1714251996206,529.1273718595628,1.7333333333333334,1.3333333333333333,30.219999999999995,2,10.0,5.159999999999999
2022,6,1.15,2,2300.9800111427903,349.20915185422837,539.1714251996206,529.1273718595628,1.7333333333333334,1.3333333333333333,30.219999999999995,2,10.0,5.159999999999999
2022,6,1.25,2,2220.2800092995167,307.5828565419682,455.59352510986986,450.73352810754074,1.4333333333333333,1.277777777777778,19.659999999999993,2,10.0,0.0400000000000001
2022,7,0.5,9,2062.420008659363,368.35680007121186,497.0570351751332,494.96398773369805,2.6,1.4777777777777779,10.114999999999998,1,10.0,-2.4399999999999995
2022,7,0.75,9,2171.920008957386,347.1983183877252,497.0643158971046,494.3739360653287,2.033333333333333,1.4388888888888889,24.050000000000004,2,9.0,3.2600000000000033
2022,7,1.0,9,2051.520008355379,343.04496042275167,502.11569760260153,494.0948597648874,2.1,1.4444444444444446,31.309999999999988,2,7.0,9.806666666666668
2022,7,1.15,9,2092.9000092744827,334.7989023186898,499.0337782398194,497.6619996607179,1.7000000000000002,1.4277777777777778,23.919999999999998,2,10.0,6.140000000000001
2022,7,1.25,9,2028.1200075671077,345.5861315559029,526.1691119823834,526.1691119823834,2.7,1.4777777777777779,31.819999999999975,2,9.0,9.100000000000003
2022,8,0.5,9,2072.520009852946,369.32931041437024,508.33962279525423,498.94700637843863,1.7333333333333334,1.3,19.08,1,10.0,1.9933333333333347
2022,8,0.75,9,2139.4200110286474,337.75396014480924,479.3008241015381,477.92904552243664,1.8333333333333333,1.288888888888889,12.539999999999997,1,5.0,-0.2866666666666641
2022,8,1.0,9,2251.720008417964,353.53550029712227,568.0850822603007,562.7402905099957,2.4,1.3777777777777775,23.565000000000005,1,10.0,2.153333333333334
2022,8,1.15,9,2251.720008417964,353.53550029712227,568.0850822603007,562.7402905099957,2.2666666666666666,1.361111111111111,23.565000000000005,1,10.0,2.153333333333334
2022,8,1.25,9,2130.9200071692467,353.28502846009246,535.0736075420177,531.5853891187901,1.9333333333333333,1.3555555555555554,24.369999999999997,1,9.0,4.946666666666667
2022,9,0.5,1,2208.3400137871504,349.9764346382833,528.0900528243246,526.928617546194,2.3333333333333335,1.4222222222222223,15.52,1,7.0,-1.753333333333334
2022,9,0.75,1,2381.240009866655,297.1733645142213,425.3328882953395,422.30402558449026,0.8999999999999999,1.1722222222222223,19.009999999999998,2,11.0,-1.846666666666665
2022,9,1.0,1,2160.720011487603,375.55295156372233,562.9004167952282,562.372163651236,2.5333333333333337,1.4388888888888889,15.250000000000002,1,10.0,-0.14666666666666545
2022,9,1.15,1,2160.720011487603,375.55295156372233,562.9004167952282,562.372163651236,2.2333333333333334,1.4611111111111112,16.6,1,10.0,-0.14666666666666545
2022,9,1.25,1,2175.1200108379126,362.3982597175208,547.0199707742106,541.8747829428578,2.3666666666666667,1.3722222222222225,15.85,2,11.0,-0.8199999999999984
2022,10,0.5,9,2190.1800105273724,378.84027658943415,530.7040898793242,530.1758367353319,2.3000000000000003,1.388888888888889,11.1,1,10.0,2.1933333333333356
2022,10,0.75,9,2123.320010371506,366.8904009156232,520.780432080186,520.780432080186,1.9666666666666666,1.3111111111111111,23.580000000000005,2,10.0,1.7933333333333366
2022,10,1.0,9,2232.520007543266,353.2142020109421,525.3981487054724,520.0737709170589,2.2333333333333334,1.2722222222222221,23.9,1,8.0,6.073333333333334
2022,10,1.15,9,2232.520007543266,353.2142020109421,525.3981487054724,520.0737709170589,1.7666666666666666,1.3444444444444443,24.4,1,8.0,6.073333333333334
2022,10,1.25,9,2183.42001144588,386.036379688051,584.3602156822766,584.3602156822766,2.4,1.45,24.375,2,11.0,2.4200000000000017
2022,11,0.5,0,2155.1200084090233,353.8032420764795,562.9236900491535,561.0236583260597,2.7,1.5888888888888888,16.9,1,10.0,6.459999999999999
2022,11,0.75,0,2315.380009844899,353.0829455237076,540.8974927260211,539.8581817330422,3.1,1.5333333333333334,26.119999999999987,1,8.0,7.799999999999999
2022,11,1.0,0,2286.380009792745,352.4903487593423,549.7560551841325,546.2678367609049,3.0,1.5888888888888888,17.179999999999993,1,10.0,8.086666666666664
2022,11,1.15,0,2286.380009792745,352.4903487593423,549.7560551841325,546.2678367609049,3.0,1.5888888888888888,17.179999999999993,1,10.0,8.086666666666664
2022,11,1.25,0,2286.380009792745,352.4903487593423,549.7560551841325,546.2678367609049,3.0,1.5888888888888888,17.179999999999993,1,10.0,8.086666666666664
2022,12,0.5,8,2272.620011329651,325.03496217327665,490.78573818791574,491.96118211887836,1.8666666666666667,1.3666666666666665,10.08,2,10.0,0.7733333333333351
2022,12,0.75,8,2057.780006840825,398.8901019444524,578.3952124242958,577.8669592803035,2.0666666666666664,1.4944444444444445,22.49,1,10.0,0.5533333333333341
2022,12,1.0,8,2246.260006174445,298.93973090114395,466.84865085571715,460.7762727902991,1.5666666666666669,1.383333333333333,12.229999999999995,2,11.0,-2.2266666666666652
2022,12,1.15,8,2015.5200090035796,398.7805608619681,571.6974209621711,567.1412859690262,2.9,1.4944444444444445,25.115000000000002,1,9.0,2.753333333333335
2022,12,1.25,8,2015.5200090035796,398.7805608619681,571.6974209621711,567.1412859690262,2.9,1.4944444444444445,25.115000000000002,1,9.0,2.753333333333335
2022,13,0.5,3,2110.420007415116,318.56946911081246,485.756678551501,480.8966815491719,1.8666666666666667,1.388888888888889,7.759999999999999,2,10.0,-0.7733333333333337
2022,13,0.75,3,2250.0200085937977,343.63028023801166,550.1816317478065,548.809853168705,2.2333333333333334,1.4555555555555555,11.42,2,10.0,0.01333333333333447
2022,13,1.0,3,2219.2600122839212,345.05595013326314,502.7983524007971,501.5314465778964,1.5,1.4555555555555555,12.38,1,10.0,-1.5533333333333321
2022,13,1.15,3,2121.2600117772818,345.4586933149544,522.3819892899594,522.3819892899594,2.5,1.5,18.15,2,10.0,-3.2933333333333326
2022,13,1.25,3,2090.0200105682015,335.47178182530035,443.5358838557996,442.16410527669814,1.4666666666666668,1.3,17.9,2,10.0,-1.7066666666666648
2022,14,0.5,6,2170.7200102433562,396.5038489862125,553.348621977629,586.3401409565747,2.2666666666666666,1.5333333333333334,9.284999999999995,1,9.0,2.1733333333333347
2022,14,0.75,6,1912.0600070878863,402.7113259578168,609.5904113062157,605.4519151769769,2.7333333333333334,1.5888888888888888,10.1,2,11.0,-2.9133333333333318
2022,14,1.0,6,2173.3600101694465,396.1017590812616,614.0317910937833,614.0317910937833,2.7,1.55,22.65999999999999,1,9.0,1.126666666666668
2022,14,1.15,6,2173.3600101694465,396.1017590812616,614.0317910937833,614.0317910937833,2.7,1.55,22.65999999999999,1,9.0,1.126666666666668
2022,14,1.25,6,2160.060008659959,405.87469434007704,613.8417652661485,612.0131521230902,2.5666666666666664,1.5666666666666664,24.24,1,10.0,2.260000000000001
2022,15,0.5,5,2164.260010242462,362.9984327211087,513.9938486288565,513.4655954848643,2.9333333333333336,1.4944444444444445,10.3,1,9.0,1.2666666666666666
2022,15,0.75,5,2343.0600093230605,309.45325525968474,491.7343335840022,486.3330896161464,2.5,1.4333333333333333,23.65999999999999,2,9.0,1.9333333333333333
2022,15,1.0,5,2271.2200114652514,350.14744067957264,563.2318984341415,557.8871066838365,2.3000000000000003,1.4666666666666668,25.914999999999996,2,10.0,1.0133333333333345
2022,15,1.15,5,2156.0200113654137,355.8034443938841,505.3600577126279,500.80392271948296,1.9,1.388888888888889,26.995,1,10.0,6.966666666666669
2022,15,1.25,5,2241.7200109511614,358.09014043893353,560.2823307345149,552.2379773181423,2.7666666666666666,1.5277777777777777,22.979999999999993,2,10.0,1.1866666666666674
2022,16,0.5,6,2202.080009289086,345.0963623291783,462.8414440519382,491.33856062983824,1.9666666666666666,1.4444444444444446,10.099999999999998,1,8.0,-1.8866666666666652
2022,16,0.75,6,2335.620012745261,340.74091419412025,518.8441976462227,512.9948813168377,2.3666666666666667,1.5222222222222221,8.54,1,6.0,-1.2266666666666655
2022,16,1.0,6,2134.30001103878,353.5470021925214,559.7906344080865,559.7906344080865,2.2666666666666666,1.4000000000000001,20.49,1,10.0,1.0400000000000005
2022,16,1.15,6,1968.5200094431639,355.0086766732581,585.1077139781976,577.0868761404835,2.633333333333333,1.4944444444444445,24.12,1,10.0,2.0133333333333354
2022,16,1.25,6,2074.62000887841,344.5240286333177,559.7183735215252,556.8429031633605,2.3666666666666667,1.3666666666666665,24.825,1,8.0,2.08
2022,17,0.5,7,2304.440010301769,329.8926694243919,498.0513545269224,492.4799006704385,1.5666666666666669,1.3277777777777777,11.314999999999996,1,10.0,-1.5
2022,17,0.75,7,2357.04000916332,350.84335617582144,549.7915149446982,535.2537448482897,2.4333333333333336,1.3944444444444446,20.379999999999995,1,5.0,1.0466666666666673
2022,17,1.0,7,2202.8200081437826,362.2286031574378,564.5460009154665,558.6933699830607,2.1,1.361111111111111,26.43,1,8.0,3.02
2022,17,1.15,7,1970.8200099542737,360.5056284456088,596.0359736588196,593.2692561086822,1.8333333333333333,1.3722222222222225,23.779999999999998,1,10.0,4.253333333333334
2022,17,1.25,7,1970.8200099542737,360.5056284456088,596.0359736588196,593.2692561086822,1.8333333333333333,1.3722222222222225,23.779999999999998,1,10.0,4.253333333333334
2022,18,0.5,8,2118.7200095281005,387.46959421452624,535.8992310342466,535.3709778902543,2.3333333333333335,1.5055555555555555,19.279999999999998,2,11.0,2.0933333333333346
2022,18,0.75,8,2169.0000088885427,373.29480558830494,513.6675557778758,511.83139641268997,2.633333333333333,1.4000000000000001,24.854999999999997,1,7.0,4.653333333333334
2022,18,1.0,8,2259.52000926435,402.95978974967744,618.7955785652845,614.7791069980645,2.9333333333333336,1.4833333333333334,22.52,1,10.0,-1.5933333333333322
2022,18,1.15,8,2091.1200071126223,369.83291330816644,555.3257459483648,548.5425568310075,2.0,1.511111111111111,25.46,2,9.0,3.126666666666668
2022,18,1.25,8,2091.1200071126223,369.83291330816644,555.3257459483648,548.5425568310075,2.0,1.511111111111111,25.46,2,9.0,3.126666666666668
2022,19,0.5,8,2295.7200154215097,379.5173314332691,607.302900323607,607.302900323607,2.8666666666666667,1.5166666666666666,9.114999999999998,1,5.0,-1.2866666666666657
2022,19,0.75,8,2245.5800089612603,323.98393438072367,465.9657755621236,459.11567641682115,2.2333333333333334,1.4222222222222223,23.9,1,9.0,4.260000000000001
2022,19,1.0,8,2156.1000097095966,315.29691975457473,482.09464917312727,483.2328180193833,1.5666666666666669,1.2722222222222221,20.989999999999988,2,10.0,-1.5066666666666657
2022,19,1.15,8,2051.0200076922774,318.9953116027382,495.83660477554685,493.7435573341117,2.0,1.383333333333333,24.785,2,10.0,2.620000000000002
2022,19,1.25,8,2051.0200076922774,318.9953116027382,495.83660477554685,493.7435573341117,2.0,1.383333333333333,24.785,2,10.0,2.620000000000002
2022,20,0.5,9,2270.700013741851,358.7821138804429,535.9572531516285,529.8315950537946,1.9666666666666666,1.383333333333333,18.64,1,9.0,-1.153333333333332
2022,20,0.75,9,2071.620011627674,296.1199778220206,540.7100842444563,540.181831100464,2.0666666666666664,1.4111111111111112,23.550000000000004,1,8.0,3.906666666666668
2022,20,1.0,9,2203.600009597838,353.28502846009246,525.6014335630183,525.073180419026,2.2,1.4333333333333333,24.4,1,9.0,4.700000000000001
2022,20,1.15,9,2203.600009597838,353.28502846009246,525.6014335630183,525.073180419026,2.1333333333333333,1.4222222222222223,24.4,1,9.0,4.700000000000001
2022,20,1.25,9,2071.620011627674,296.1199778220206,540.7100842444563,540.181831100464,2.0666666666666664,1.4111111111111112,23.550000000000004,1,8.0,3.906666666666668
2022,21,0.5,2,2184.3200114369392,373.6715689991521,546.7376094065,541.110781374362,2.3666666666666667,1.511111111111111,14.809999999999999,1,10.0,-0.6266666666666653
2022,21,0.75,2,2284.020010918379,344.64133862045577,507.1949084121919,501.5214674368468,2.166666666666667,1.388888888888889,15.18,2,10.0,1.8600000000000008
2022,21,1.0,2,2252.1800112500787,385.56028425002046,518.3776284487993,518.3776284487993,2.2666666666666666,1.45,19.339999999999996,2,10.0,-0.7400000000000001
2022,21,1.15,2,2268.4200113490224,348.93155214045146,524.0517833207839,515.3225218050975,1.8666666666666667,1.3500000000000003,19.499999999999996,2,11.0,3.3066666666666675
2022,21,1.25,2,2268.4200113490224,348.93155214045146,524.0517833207839,515.3225218050975,1.8666666666666667,1.3500000000000003,19.499999999999996,2,11.0,3.3066666666666675
2022,22,0.5,6,2214.820009343326,368.05733116501284,570.0237481972205,571.1619170434765,2.833333333333333,1.5333333333333334,9.45999999999999,1,10.0,-3.3599999999999994
2022,22,0.75,6,2385.120011560619,363.282572400119,509.28348089120794,498.3695233386033,1.9666666666666666,1.4333333333333333,24.939999999999994,1,5.0,1.5466666666666677
2022,22,1.0,6,2097.9600066915154,361.96903512961364,537.2922003899772,537.2922003899772,2.633333333333333,1.4611111111111112,26.539999999999996,2,10.0,1.7133333333333345
2022,22,1.15,6,2082.0200089216232,376.3767757090686,585.4021717952069,581.8180981108733,2.5,1.45,26.175000000000004,1,10.0,-0.3799999999999983
2022,22,1.25,6,2218.0600095912814,366.60086700716136,583.1336488325148,579.6454304092872,3.2,1.538888888888889,26.175000000000004,1,10.0,-0.0533333333333322
2022,23,0.5,3,2461.9000085294247,389.57853295025086,576.6765595437707,567.6920671229004,1.8666666666666667,1.4277777777777778,15.669999999999998,1,5.0,0.1533333333333341
2022,23,0.75,3,2259.840007737279,377.47889565409025,538.3989949468441,533.0107448005227,1.8333333333333333,1.4388888888888889,15.669999999999998,1,10.0,-0.17333333333333154
2022,23,1.0,3,2221.0800095945597,345.89099950135585,547.3763863995885,545.4763546764947,1.3333333333333333,1.25,15.959999999999997,2,10.0,-0.8933333333333328
2022,23,1.15,3,2136.420009344816,378.81750690566116,573.9990806047931,573.2778117424594,2.2,1.4666666666666668,21.139999999999993,2,11.0,1.0200000000000007
2022,23,1.25,3,2228.8200102373958,373.33600130581954,555.0690109039228,553.1689791808291,1.9666666666666666,1.2555555555555555,18.48,2,10.0,-1.1666666666666656
2022,24,0.5,8,2451.720015026629,364.4204806933835,558.3632922206185,552.9922902445995,2.2666666666666666,1.4777777777777779,9.114999999999998,1,5.0,0.20000000000000095
2022,24,0.75,8,2274.940014600754,335.78414223144466,504.2866812695005,504.2866812695005,2.4,1.4388888888888889,22.49,1,5.0,-1.1066666666666654
2022,24,1.0,8,2219.5200088322163,352.24650307627917,521.189562011169,529.8413261513264,2.1,1.4166666666666667,23.720000000000002,1,10.0,0.2933333333333356
2022,24,1.15,8,2212.5200090259314,340.1303366138909,519.7364732390777,511.692119822705,1.8333333333333333,1.4388888888888889,34.719999999999985,2,9.0,6.7666666666666675
2022,24,1.25,8,2212.5200090259314,340.1303366138909,519.7364732390777,511.692119822705,1.8333333333333333,1.4388888888888889,34.719999999999985,2,9.0,6.7666666666666675
2022,25,0.5,9,2271.140013501048,329.520892177198,506.49191402551253,505.96366088152024,2.033333333333333,1.5166666666666666,12.194999999999995,1,9.0,0.8800000000000007
2022,25,0.75,9,1949.320010215044,358.8934416137866,529.9451809039272,527.1784633537898,2.4,1.388888888888889,23.9,1,9.0,4.173333333333335
2022,25,1.0,9,2036.2200074493885,359.00298269627086,574.7439512102113,574.7439512102113,2.2,1.4444444444444446,23.46,1,10.0,-0.6466666666666654
2022,25,1.15,9,2036.2200074493885,359.00298269627086,574.7439512102113,574.7439512102113,2.2,1.4444444444444446,23.46,1,10.0,-0.6466666666666654
2022,25,1.25,9,1949.320010215044,358.8934416137866,529.9451809039272,527.1784633537898,2.4,1.388888888888889,23.9,1,9.0,4.173333333333335
2022,26,0.5,2,2192.5800133422017,341.9364630311445,550.1485444178468,550.1485444178468,1.9333333333333333,1.4222222222222223,10.819999999999999,1,10.0,0.5
2022,26,0.75,2,2097.320010840893,333.73800439628485,539.1464376555575,539.1464376555575,2.2,1.3444444444444443,25.859999999999992,2,10.0,2.853333333333334
2022,26,1.0,2,2269.8800114020705,346.12628137782326,562.0181525846219,558.5299341613943,2.1333333333333333,1.4055555555555557,29.139999999999993,1,10.0,4.953333333333333
2022,26,1.15,2,2168.7200127243996,334.75485478949133,530.6320511755011,530.6320511755011,2.3666666666666667,1.4333333333333333,35.459999999999994,2,11.0,3.7133333333333334
2022,26,1.25,2,2168.7200127243996,334.75485478949133,530.6320511755011,530.6320511755011,2.3666666666666667,1.4333333333333333,35.459999999999994,2,11.0,3.7133333333333334
2022,27,0.5,5,1940.520010508597,370.98791217101603,553.6984475491155,550.2102291258878,2.4,1.5777777777777777,16.455000000000002,0,8.0,3.7133333333333343
2022,27,0.75,5,2058.1800049692392,400.39274769379034,602.5606716972788,601.1888931181774,2.3000000000000003,1.538888888888889,8.399999999999999,1,10.0,0.06666666666666833
2022,27,1.0,5,2183.5200086683035,398.7805608619681,557.4047527147728,553.666652116685,1.8333333333333333,1.4333333333333333,28.245000000000005,1,9.0,1.8000000000000018
2022,27,1.15,5,2217.3600081950426,396.08516911224336,575.0197034172646,570.4635684241197,2.7333333333333334,1.5555555555555556,28.180000000000003,1,9.0,4.073333333333335
2022,27,1.25,5,2217.3600081950426,396.08516911224336,575.0197034172646,570.4635684241197,2.7333333333333334,1.5555555555555556,28.180000000000003,1,9.0,4.073333333333335
2022,28,0.5,0,2043.660006083548,383.7713874983112,581.6548717285086,579.8187123633228,2.966666666666667,1.5777777777777777,17.38,0,8.0,4.333333333333333
2022,28,0.75,0,2196.68001165241,367.51568340056485,612.1313500092772,612.1313500092772,3.2,1.5611111111111111,17.789999999999996,1,10.0,1.0533333333333332
2022,28,1.0,0,2283.7800129428506,374.0119172519227,564.7175592433454,564.7175592433454,2.966666666666667,1.5666666666666664,17.6,2,10.0,3.433333333333333
2022,28,1.15,0,2153.4200137406588,335.2868091212441,562.8346416704062,562.3063885264139,2.166666666666667,1.5222222222222221,26.979999999999983,2,10.0,5.913333333333333
2022,28,1.25,0,2153.4200137406588,335.2868091212441,562.8346416704062,562.3063885264139,2.166666666666667,1.5222222222222221,26.979999999999983,2,10.0,5.913333333333333
2022,29,0.5,6,2259.2600094377995,335.0768447262379,527.0428487246826,527.0428487246826,2.0666666666666664,1.4666666666666668,9.999999999999996,1,10.0,1.4210854715202005e-15
2022,29,0.75,6,2096.1800090819597,368.7339812950988,558.7573130122856,557.4904071893849,2.966666666666667,1.5444444444444443,17.269999999999996,1,10.0,1.086666666666669
2022,29,1.0,6,2073.2200082987547,345.8482908500693,548.7707747833848,548.7707747833848,2.0666666666666664,1.4055555555555557,24.21999999999999,2,10.0,3.9333333333333345
2022,29,1.15,6,2064.820008523762,343.05802768801937,538.5514632038213,535.0632447805937,2.2,1.4333333333333333,27.55,2,9.0,3.4466666666666677
2022,29,1.25,6,2064.820008523762,343.05802768801937,538.5514632038213,535.0632447805937,2.2,1.4333333333333333,27.55,2,9.0,3.4466666666666677
2022,30,0.5,9,2133.1600112766027,370.4681654113742,547.7873314676245,546.3240909965849,2.6,1.5277777777777777,10.059999999999999,1,10.0,0.3000000000000019
2022,30,0.75,9,2260.8600137531757,372.42536852556515,515.4213681604285,513.1587729444589,2.166666666666667,1.3500000000000003,18.959999999999987,1,10.0,0.8600000000000013
2022,30,1.0,9,2181.100009471178,354.6005327023987,505.60286126217375,506.2500520491441,2.4,1.4000000000000001,24.43,1,9.0,3.2200000000000006
2022,30,1.15,9,2113.2000081390142,354.6005327023987,483.2494267132777,491.9011908534352,2.2333333333333334,1.4444444444444446,24.46,1,9.0,0.713333333333334
2022,30,1.25,9,2142.7200139537454,375.24351851720934,559.1751159530693,559.1751159530693,2.1,1.4277777777777778,23.49,1,10.0,0.06000000000000038
2022,31,0.5,8,2380.860013321042,361.6623090198743,578.0231781593759,577.4949250153836,3.2666666666666666,1.5166666666666666,10.1,1,9.0,-0.11333333333333115
2022,31,0.75,8,2165.5600110441446,367.1217944632765,595.2771866137335,594.0102807908328,2.2666666666666666,1.4833333333333334,23.9,1,9.0,3.0666666666666678
2022,31,1.0,8,2227.000012047589,351.0873620624079,486.60602587210633,477.40549796715777,2.1,1.3666666666666665,33.1,1,9.0,5.72
2022,31,1.15,8,2069.6200100928545,357.71536528355887,595.1763896689451,593.8046110898437,2.633333333333333,1.5444444444444443,18.779999999999998,1,10.0,1.3066666666666682
2022,31,1.25,8,2069.6200100928545,357.71536528355887,595.1763896689451,593.8046110898437,2.633333333333333,1.5444444444444443,18.779999999999998,1,10.0,1.3066666666666682
2022,32,0.5,0,2228.5600112229586,376.78696772720116,596.7670972298902,596.7670972298902,3.466666666666667,1.5444444444444443,17.24,1,6.0,2.173333333333334
2022,32,0.75,0,2173.0400089621544,364.35645395949894,589.680038845445,589.680038845445,2.466666666666667,1.5444444444444443,17.429999999999993,1,10.0,2.653333333333334
2022,32,1.0,0,2193.2800092324615,352.51863813075533,508.63283404667027,499.47117464809753,2.0,1.2944444444444443,15.38,1,10.0,1.5533333333333346
2022,32,1.15,0,2274.0200115293264,378.8428305471201,617.315406754444,617.315406754444,2.633333333333333,1.4611111111111112,15.54,2,10.0,-3.0533333333333323
2022,32,1.25,0,2274.0200115293264,378.8428305471201,617.315406754444,617.315406754444,2.633333333333333,1.4611111111111112,15.54,2,10.0,-3.0533333333333323
2022,33,0.5,4,2193.5400115698576,375.7862647597208,579.0064348892953,573.8612470579425,2.633333333333333,1.5444444444444443,15.819999999999993,1,9.0,0.8733333333333344
2022,33,0.75,4,2230.040007427335,361.50947330285277,533.528768908457,528.3835810771042,2.033333333333333,1.4777777777777779,18.46,1,10.0,2.786666666666667
2022,33,1.0,4,2212.480009742081,366.35823198029175,602.6914834445831,601.0343993128354,2.9,1.5722222222222222,21.779999999999994,1,10.0,0.8466666666666678
2022,33,1.15,4,2220.6200112998486,390.5989353256738,595.3832551722179,593.8156910352467,2.3666666666666667,1.488888888888889,22.299999999999997,2,9.0,-2.3666666666666667
2022,33,1.25,4,2186.4200114905834,365.6628150594596,515.2384970334224,513.3371604447468,2.5,1.5,25.739999999999995,2,10.0,4.493333333333335
2022,34,0.5,6,2315.8600140959024,353.87462801488664,547.5888449250555,545.4878964912393,2.833333333333333,1.538888888888889,9.779999999999998,1,9.0,-2.0133333333333314
2022,34,0.75,6,2457.280014999211,402.20227262350096,545.2599475197948,537.8224444902759,2.5333333333333337,1.488888888888889,16.779999999999998,2,6.0,0.3000000000000019
2022,34,1.0,6,2165.720010355115,362.18006735633776,577.5674755392383,575.7313161740525,2.4333333333333336,1.4611111111111112,17.414999999999992,1,8.0,1.3666666666666671
2022,34,1.15,6,2299.920012794435,361.19386631441375,563.8938371234077,551.7333439392238,2.2333333333333334,1.4222222222222223,26.854999999999997,2,10.0,2.753333333333335
2022,34,1.25,6,2140.820012897253,386.036379688051,563.0474630429594,546.2574251526158,2.633333333333333,1.4666666666666668,27.310000000000002,1,9.0,2.180000000000002
2022,35,0.5,2,2133.1400080248713,398.3842847056683,625.43418514452,621.6297700545747,2.966666666666667,1.55,14.739999999999997,1,9.0,-0.2866666666666655
2022,35,0.75,2,2336.960008598864,364.00918027557526,560.0275042420086,555.1675072396795,2.2,1.4388888888888889,17.050000000000004,2,10.0,-0.3533333333333322
2022,35,1.0,2,2094.720007762313,345.57223634371053,559.6912986638104,558.3195200847089,2.1333333333333333,1.4833333333333334,26.099999999999994,2,10.0,1.8399999999999996
2022,35,1.15,2,2218.5600101575255,398.2936852970838,543.0272213917858,543.0272213917858,2.4,1.5166666666666666,19.819999999999993,2,10.0,0.24000000000000152
2022,35,1.25,2,2218.5600101575255,398.2936852970838,543.0272213917858,543.0272213917858,2.4,1.5166666666666666,19.819999999999993,2,10.0,0.24000000000000152
2022,36,0.5,9,2136.860012277961,370.4681654113742,513.8444767912505,512.0493178243574,1.9666666666666666,1.4833333333333334,10.004999999999999,1,10.0,0.4200000000000022
2022,36,0.75,9,1958.2000116109848,349.66951486343373,593.7185285759542,593.7185285759542,1.6333333333333333,1.4666666666666668,12.324999999999996,2,11.0,-0.3466666666666659
2022,36,1.0,9,2295.220010705292,331.34575054952114,518.5923059063405,514.7637572283085,1.3,1.3111111111111111,19.924999999999997,2,11.0,0.953333333333335
2022,36,1.15,9,2117.8200097829103,354.8991355907738,518.3141294655528,518.3141294655528,1.7333333333333334,1.3666666666666665,33.1,1,9.0,7.733333333333335
2022,36,1.25,9,2132.920010522008,366.90673822545835,513.4803176787193,511.9782399747859,2.0,1.383333333333333,23.16,1,8.0,2.4466666666666677
2022,37,0.5,2,2275.1800121665,386.11008539514813,553.1802203845865,551.808441805485,2.2,1.4555555555555555,12.954999999999997,1,10.0,-2.559999999999998
2022,37,0.75,2,2414.620013050735,363.4470757133744,582.3500264681136,573.149498563165,2.1,1.3666666666666665,29.15999999999999,2,10.0,-0.32666666666666466
2022,37,1.0,2,2341.8200129047036,371.2678249349121,599.702922610257,595.8985075203117,2.6,1.45,17.48,2,10.0,-0.9599999999999985
2022,37,1.15,2,2341.8200129047036,371.2678249349121,599.702922610257,595.8985075203117,2.6,1.45,17.48,2,10.0,-0.9599999999999985
2022,37,1.25,2,2371.120015181601,369.0701585372276,597.6599415998792,588.4594136949306,2.3666666666666667,1.5,27.859999999999992,2,10.0,1.0866666666666684
2022,38,0.5,0,2048.880005262792,358.6239595019741,562.9267831522021,561.0267514291083,2.633333333333333,1.4277777777777778,16.9,2,10.0,4.546666666666667
2022,38,0.75,0,2271.280011534691,376.5723901249878,611.1799549572074,610.6517018132151,2.5,1.55,17.569999999999993,1,10.0,4.5600000000000005
2022,38,1.0,0,2238.220011547208,357.390605251123,575.0380260591018,573.137994336008,3.033333333333333,1.511111111111111,26.469999999999985,2,10.0,5.946666666666667
2022,38,1.15,0,2238.220011547208,357.390605251123,575.0380260591018,573.137994336008,3.033333333333333,1.511111111111111,26.469999999999985,2,10.0,5.946666666666667
2022,38,1.25,0,2238.220011547208,357.390605251123,575.0380260591018,573.137994336008,3.033333333333333,1.511111111111111,26.469999999999985,2,10.0,5.946666666666667
2022,39,0.5,1,2125.1000149920583,389.0403486002343,595.8770505553736,589.9777954353623,3.0666666666666664,1.5777777777777777,16.87,1,7.0,2.813333333333333
2022,39,0.75,1,2176.340009532869,328.2860902832996,511.8791911624568,507.86271959523685,2.0666666666666664,1.4555555555555555,18.339999999999996,2,10.0,1.9400000000000002
2022,39,1.0,1,2190.280012920499,380.55169102193656,563.2546652629055,562.7264121189132,2.5666666666666664,1.5277777777777777,28.80999999999999,2,10.0,2.1400000000000006
2022,39,1.15,1,2170.7800109237432,347.6078667214773,543.5641213543694,539.5476497871495,2.0,1.5166666666666666,19.139999999999993,2,10.0,-0.12666666666666657
2022,39,1.25,1,2170.7800109237432,347.6078667214773,543.5641213543694,539.5476497871495,2.0,1.5166666666666666,19.139999999999993,2,10.0,-0.12666666666666657
2022,40,0.5,2,2235.020012781024,388.741580383744,536.5370072144991,535.4093140344587,2.3666666666666667,1.4333333333333333,15.650000000000002,1,10.0,-0.09999999999999952
2022,40,0.75,2,2272.8400134444237,355.45838128457,519.5620981237064,519.5620981237064,2.2,1.4444444444444446,14.819999999999995,1,5.0,-0.2933333333333337
2022,40,1.0,2,2395.680014207959,358.55990685885894,550.5053005822942,548.3199633065542,2.1,1.472222222222222,33.82,1,8.0,2.4133333333333353
2022,40,1.15,2,2293.3800124302506,347.0349948637753,507.1000467907536,506.5717936467613,1.7999999999999998,1.3333333333333333,16.879999999999995,2,11.0,-1.1333333333333324
2022,40,1.25,2,2424.620012924075,325.42173111609986,491.9661719332598,486.2926162342921,1.7999999999999998,1.3055555555555556,26.179999999999996,2,9.0,2.180000000000001
2022,41,0.5,7,2335.4600125551224,342.78864672093835,576.2543127130377,576.2543127130377,2.4333333333333336,1.472222222222222,18.114999999999988,1,10.0,-1.573333333333331
2022,41,0.75,7,2161.1800157502294,278.29681189046744,415.5017449513071,413.2391497353375,1.4666666666666668,1.3222222222222222,9.579999999999998,2,10.0,-4.726666666666665
2022,41,1.0,7,2204.2000147029757,357.0274182017133,555.3665227654762,553.5379096224179,2.466666666666667,1.4611111111111112,18.444999999999997,1,10.0,-0.5599999999999989
2022,41,1.15,7,2027.5200100243092,310.54098240590963,494.1057597007549,489.51042900755914,2.0666666666666664,1.4111111111111112,23.63,2,11.0,0.14666666666666875
2022,41,1.25,7,2027.5200100243092,310.54098240590963,494.1057597007549,489.51042900755914,2.0666666666666664,1.4111111111111112,23.63,2,11.0,0.14666666666666875
2022,42,0.5,1,2199.3400070890784,379.7679688351715,578.782787194958,578.2545340509657,2.1333333333333333,1.4666666666666668,15.49,1,10.0,1.0266666666666662
2022,42,0.75,1,2219.4800051748753,392.64095271570244,606.2489930782357,600.9246152898222,2.9333333333333336,1.538888888888889,18.339999999999996,1,8.0,2.2199999999999998
2022,42,1.0,1,2214.3600094616413,380.1042485185237,591.2013060190149,590.6730528750226,2.7333333333333334,1.5333333333333334,26.799999999999997,1,10.0,9.866666666666667
2022,42,1.15,1,2214.3600094616413,380.1042485185237,591.2013060190149,590.6730528750226,2.7333333333333334,1.5333333333333334,26.799999999999997,1,10.0,9.866666666666667
2022,42,1.25,1,2126.720007881522,365.3457470908588,562.8145951952946,562.2863420513023,2.5333333333333337,1.5611111111111111,18.819999999999993,1,10.0,4.353333333333333
2022,43,0.5,2,1980.1800075396895,349.8767995959649,501.3602632579781,500.8065190739337,2.1,1.4444444444444446,13.640000000000002,2,11.0,-2.0999999999999988
2022,43,0.75,2,2215.660009548068,380.0028611474903,505.3815989691172,505.3815989691172,2.1333333333333333,1.388888888888889,15.37,2,10.0,-0.033333333333332146
2022,43,1.0,2,2215.660009548068,380.0028611474903,505.3815989691172,505.3815989691172,2.1333333333333333,1.388888888888889,15.37,2,10.0,-0.033333333333332146
2022,43,1.15,2,2054.3600090518594,385.73541009825084,597.6383851125483,595.7383533894546,2.0666666666666664,1.4222222222222223,17.36,2,10.0,1.9933333333333347
2022,43,1.25,2,2054.3600090518594,385.73541009825084,597.6383851125483,595.7383533894546,2.0666666666666664,1.4222222222222223,17.36,2,10.0,1.9933333333333347
2022,44,0.5,3,2453.44001352787,376.2473633744533,542.4780236577444,534.0933399865675,2.8000000000000003,1.4777777777777779,15.700000000000001,2,10.0,-0.47999999999999926
2022,44,0.75,3,2294.4800101295114,341.84233813304826,531.798255289368,532.0880365404328,1.7999999999999998,1.3666666666666665,23.9,1,9.0,1.5266666666666662
2022,44,1.0,3,2109.6200096085668,365.6628150594596,527.8914516957506,527.8914516957506,2.5333333333333337,1.4777777777777779,20.979999999999993,2,11.0,1.3200000000000007
2022,44,1.15,3,2192.120012022555,378.81750690566116,593.9332197712165,589.5764179491923,2.466666666666667,1.4777777777777779,26.579999999999995,1,10.0,0.9133333333333344
2022,44,1.25,3,2294.0200148671865,404.36326327416737,619.4789761397228,615.1221743176986,2.3000000000000003,1.5166666666666666,26.579999999999995,1,10.0,0.5333333333333343
2022,45,0.5,3,2014.8200092241168,395.59223907929686,619.8306493097123,617.4662368005341,2.6666666666666665,1.5444444444444443,16.25,1,9.0,-3.626666666666666
2022,45,0.75,3,2136.4800064340234,375.22717582071544,559.3384293246754,557.4383976015816,2.0,1.4666666666666668,11.479999999999999,2,11.0,-3.253333333333331
2022,45,1.0,3,2113.820007428527,411.1148259350984,627.2609093383712,626.7326561943789,2.5666666666666664,1.5277777777777777,17.49,1,10.0,-0.8199999999999988
2022,45,1.15,3,2126.9600073471665,411.5043883040767,598.3207247830582,592.9963469946447,2.9333333333333336,1.5277777777777777,18.419999999999998,1,9.0,1.0133333333333334
2022,45,1.25,3,2126.9600073471665,411.5043883040767,598.3207247830582,592.9963469946447,2.9333333333333336,1.5277777777777777,18.419999999999998,1,9.0,1.0133333333333334
2022,46,0.5,9,2264.620010614395,353.28088337393797,486.97047193367865,538.3649172352058,1.6333333333333333,1.3666666666666665,10.659999999999998,1,9.0,1.860000000000002
2022,46,0.75,9,2104.0200088843703,353.3964898414358,529.0092473799257,535.7642987267868,1.9666666666666666,1.3777777777777775,24.4,1,9.0,1.6466666666666678
2022,46,1.0,9,2200.6200091540813,348.07970535511026,520.30343988987,512.6625598003681,1.7999999999999998,1.3333333333333333,23.565000000000005,2,10.0,0.48666666666666886
2022,46,1.15,9,2200.6200091540813,348.07970535511026,520.30343988987,512.6625598003681,1.7999999999999998,1.3333333333333333,23.565000000000005,2,10.0,0.48666666666666886
2022,46,1.25,9,2082.5200112238526,352.2330633200837,521.3487851465895,520.8205320025972,1.9666666666666666,1.361111111111111,23.565000000000005,2,10.0,1.1600000000000033
2022,47,0.5,8,2077.5600103884935,360.2942072284275,485.36931209491286,482.52971098218836,2.2333333333333334,1.4388888888888889,22.44,1,8.0,4.240000000000003
2022,47,0.75,8,2167.780008994043,357.97995507583227,568.3094432353147,567.0425374124139,2.9,1.488888888888889,11.539999999999997,2,10.0,-1.6266666666666652
2022,47,1.0,8,2038.5200063809752,324.1084347029772,514.6275460546811,514.6275460546811,1.4333333333333333,1.2555555555555555,24.139999999999997,2,10.0,1.926666666666667
2022,47,1.15,8,2100.5200111940503,336.7162358144644,484.76536895267276,480.9368202746408,1.6666666666666665,1.3444444444444443,24.75,2,10.0,5.973333333333334
2022,47,1.25,8,2100.5200111940503,336.7162358144644,484.76536895267276,480.9368202746408,1.6666666666666665,1.3444444444444443,24.75,2,10.0,5.973333333333334
2022,48,0.5,2,2528.4000176787376,328.35182829079093,505.95042234644586,504.2933382146981,1.6,1.3388888888888888,12.659999999999998,1,6.0,0.18666666666666695
2022,48,0.75,2,2344.62001234293,392.1227934934343,558.6388558659502,553.4936680345974,2.466666666666667,1.3944444444444446,13.86,2,11.0,-0.8333333333333315
2022,48,1.0,2,2221.780008673668,372.80247733291253,546.5271199188657,545.805851056532,2.1,1.4166666666666667,15.650000000000002,1,10.0,-0.42666666666666514
2022,48,1.15,2,2216.4200087711215,341.82907188363055,506.90741204062925,496.9022272069473,1.9333333333333333,1.2944444444444443,23.83999999999999,2,10.0,4.833333333333334
2022,48,1.25,2,2320.42001324147,368.47756177286215,532.1924048837806,522.4910820592828,2.3000000000000003,1.4333333333333333,32.96999999999999,2,10.0,5.946666666666669
2022,49,0.5,3,2351.82001234591,353.2500441908945,544.9174719846777,544.3892188406854,1.9333333333333333,1.4777777777777779,11.54,1,10.0,-1.5200000000000002
2022,49,0.75,3,2253.180010996759,312.0776726464469,473.2559276924188,456.4658898020752,1.8666666666666667,1.4666666666666668,15.379999999999999,2,10.0,-0.12000000000000076
2022,49,1.0,3,2301.780013792217,373.8935883442813,510.7001181260374,503.202681449102,1.9333333333333333,1.361111111111111,20.339999999999996,1,10.0,0.5333333333333338
2022,49,1.15,3,2250.680011406541,353.9929945086802,542.146995624246,540.2469639011522,2.166666666666667,1.4388888888888889,20.819999999999993,2,10.0,0.8599999999999999
2022,49,1.25,3,2250.680011406541,353.9929945086802,542.146995624246,540.2469639011522,2.033333333333333,1.4777777777777779,20.979999999999993,1,10.0,0.8599999999999999
